palabra,muestras,longitud_chars,suficiente
los,19430,3,si
del,16916,3,si
que,16108,3,si
por,14036,3,si
una,13232,3,si
las,13082,3,si
con,12746,3,si
fue,10775,3,si
como,8267,4,si
para,7463,4,si
más,6040,3,si
sus,5735,3,si
dos,4967,3,si
son,4783,3,si
este,4256,4,si
esta,4146,4,si
está,4022,4,si
tres,3263,4,si
tiene,3015,5,si
era,2934,3,si
sin,2780,3,si
uno,2756,3,si
muy,2554,3,si
pero,2465,4,si
encuentra,2351,9,si
durante,2327,7,si
ser,2255,3,si
entre,2158,5,si
parte,2107,5,si
cuatro,2088,6,si
ciudad,2009,6,si
fueron,1972,6,si
hay,1871,3,si
sobre,1854,5,si
desde,1831,5,si
además,1800,6,si
años,1791,4,si
seis,1666,4,si
puede,1656,5,si
actualmente,1620,11,si
siete,1612,5,si
nombre,1578,6,si
todo,1570,4,si
embargo,1537,7,si
ocho,1526,4,si
cinco,1510,5,si
año,1495,3,si
esto,1485,4,si
cuando,1472,6,si
gran,1469,4,si
nueve,1454,5,si
sido,1439,4,si
primera,1421,7,si
hasta,1407,5,si
mismo,1381,5,si
todos,1347,5,si
ese,1316,3,si
estos,1301,5,si
forma,1288,5,si
universidad,1287,11,si
primer,1270,6,si
cada,1263,4,si
han,1253,3,si
otros,1223,5,si
donde,1222,5,si
tiempo,1216,6,si
entonces,1134,8,si
están,1115,5,si
vida,1111,4,si
ella,1107,4,si
así,1092,3,si
estas,1078,5,si
mayor,1073,5,si
hey,1064,3,si
varios,1061,6,si
san,1058,3,si
bien,1016,4,si
luego,1008,5,si
vez,1008,3,si
algunos,992,7,no
tuvo,956,4,no
tras,951,4,no
lugar,945,5,no
pueden,943,6,no
nacional,941,8,no
tarde,931,5,no
familia,924,7,no
cero,920,4,no
estaba,918,6,no
equipo,912,6,no
hijo,903,4,no
tanto,901,5,no
tienen,894,6,no
color,893,5,no
varias,893,6,no
nueva,884,5,no
nació,879,5,no
historia,878,8,no
estado,869,6,no
grupo,860,5,no
día,856,3,no
padre,854,5,no
había,849,5,no
mundo,847,5,no
muchos,836,6,no
guerra,834,6,no
solo,831,4,no
cuenta,817,6,no
principal,816,9,no
carrera,799,7,no
centro,799,6,no
otras,789,5,no
allí,784,4,no
poco,777,4,no
club,768,4,no
obra,765,4,no
antes,763,5,no
hace,763,4,no
sede,760,4,no
bajo,758,4,no
general,758,7,no
todas,750,5,no
siempre,745,7,no
estudió,743,7,no
algunas,740,7,no
canción,739,7,no
segunda,738,7,no
sur,738,3,no
ellos,735,5,no
final,735,5,no
posteriormente,728,14,no
otro,727,4,no
mejor,720,5,no
sólo,719,4,no
río,717,3,no
siguiente,710,9,no
españa,707,6,no
partido,706,7,no
película,703,8,no
álbum,701,5,no
música,700,6,no
ambos,699,5,no
nunca,694,5,no
eso,693,3,no
serie,692,5,no
eran,691,4,no
estudios,684,8,no
veces,683,5,no
país,682,4,no
casa,680,4,no
mucho,669,5,no
aunque,663,6,no
norte,663,5,no
tenía,661,5,no
muchas,656,6,no
grandes,650,7,no
diferentes,648,10,no
nada,648,4,no
trabajo,648,7,no
estados,640,7,no
otra,640,4,no
zona,631,4,no
ahora,628,5,no
nuevo,623,5,no
escuela,622,7,no
hijos,617,5,no
hacia,616,5,no
obras,616,5,no
importante,605,10,no
agua,600,4,no
esa,599,3,no
hoy,598,3,no
banda,591,5,no
iglesia,591,7,no
hizo,587,4,no
unidos,585,6,no
momento,583,7,no
hacer,579,5,no
capital,571,7,no
junto,561,5,no
toda,561,4,no
finalmente,556,10,no
comenzó,550,7,no
madre,547,5,no
nos,544,3,no
dentro,535,6,no
sistema,535,7,no
mayoría,534,7,no
provincia,528,9,no
central,526,7,no
segundo,525,7,no
encuentran,524,10,no
gobierno,521,8,no
siendo,519,6,no
contra,518,6,no
menos,518,5,no
pueblo,517,6,no
miembro,515,7,no
último,514,6,no
estuvo,512,6,no
recibió,511,7,no
temporada,511,9,no
presidente,509,10,no
vamos,502,5,no
región,501,6,no
qué,500,3,no
hecho,496,5,no
tipo,496,4,no
firefox,490,7,no
mientras,490,8,no
muerte,490,6,no
the,489,3,no
fútbol,484,6,no
juan,481,4,no
trata,480,5,no
casi,479,4,no
algo,477,4,no
isla,477,4,no
principalmente,476,14,no
existen,472,7,no
estilo,469,6,no
misma,469,5,no
especie,468,7,no
internacional,464,13,no
canciones,462,9,no
juego,458,5,no
ver,455,3,no
ello,454,4,no
aquí,453,4,no
edificio,453,8,no
municipio,452,9,no
planta,450,6,no
medio,447,5,no
noche,447,5,no
quien,446,5,no
primeros,443,8,no
madrid,442,6,no
debe,440,4,no
argentina,439,9,no
realizó,436,7,no
principales,435,11,no
director,434,8,no
posee,432,5,no
título,432,6,no
tener,430,5,no
según,428,5,no
número,427,6,no
conocido,426,8,no
origen,424,6,no
actualidad,423,10,no
debido,423,6,no
les,423,3,no
maría,423,5,no
condado,421,7,no
largo,421,5,no
mar,418,3,no
producción,416,10,no
actual,415,6,no
flores,415,6,no
porque,415,6,no
europa,414,6,no
hombre,413,6,no
caso,412,4,no
derecho,411,7,no
programa,410,8,no
tierra,410,6,no
natural,409,7,no
presenta,407,8,no
trabajó,407,7,no
vale,406,4,no
hija,405,4,no
política,404,8,no
real,400,4,no
tan,400,3,no
personas,399,8,no
santa,399,5,no
manera,398,6,no
división,395,8,no
estación,395,8,no
hermano,392,7,no
días,389,4,no
teatro,386,6,no
igual,385,5,no
cabeza,384,6,no
libro,384,5,no
base,383,4,no
disco,383,5,no
juega,383,5,no
museo,383,5,no
televisión,383,10,no
población,380,9,no
países,379,6,no
aún,378,3,no
francia,375,7,no
arte,373,4,no
grande,373,6,no
interior,373,8,no
llegó,373,5,no
unos,373,4,no
blanco,372,6,no
cuerpo,371,6,no
niña,371,4,no
joven,368,5,no
lleva,367,5,no
pasó,367,4,no
especies,363,8,no
última,362,6,no
chile,360,5,no
hojas,360,5,no
ojos,360,4,no
actividad,359,9,no
cerca,357,5,no
lado,355,4,no
público,355,7,no
ambas,352,5,no
importantes,352,11,no
estar,351,5,no
proyecto,351,8,no
habita,350,6,no
muestra,349,7,no
militar,348,7,no
único,347,5,no
distrito,345,8,no
parece,344,6,no
sigue,344,5,no
mundial,343,7,no
oficial,343,7,no
pues,343,4,no
versión,341,7,no
cargo,340,5,no
mujer,340,5,no
selección,340,9,no
costa,339,5,no
obtuvo,339,6,no
diversas,338,8,no
suele,337,5,no
español,336,7,no
padres,336,6,no
uso,336,3,no
considerado,335,11,no
barco,333,5,no
edad,333,4,no
aparece,332,7,no
diversos,332,8,no
papel,332,5,no
profesor,332,8,no
popular,331,7,no
república,331,9,no
localidad,330,9,no
existe,329,6,no
fuera,329,5,no
ejemplo,328,7,no
musical,328,7,no
participó,328,9,no
rey,328,3,no
numerosos,327,9,no
ocasiones,327,9,no
quiero,326,6,no
cine,325,4,no
estudio,325,7,no
favor,325,5,no
nombrado,325,8,no
tengo,325,5,no
grupos,324,6,no
honor,324,5,no
vive,324,4,no
amor,323,4,no
hermanos,323,8,no
china,322,5,no
ganó,322,4,no
meses,321,5,no
libros,319,6,no
negro,319,5,no
ninguna,319,7,no
nivel,319,5,no
parque,318,6,no
desarrollo,317,10,no
original,317,8,no
jugador,316,7,no
área,316,4,no
convirtió,315,9,no
generalmente,315,12,no
pequeño,315,7,no
pequeños,314,8,no
poder,314,5,no
buena,313,5,no
alto,312,4,no
dicho,312,5,no
estoy,311,5,no
pronto,310,6,no
equipos,308,7,no
punto,308,5,no
orden,307,5,no
miembros,306,8,no
áfrica,306,6,no
murió,305,5,no
conocida,304,8,no
movimiento,304,10,no
partes,304,6,no
restos,304,6,no
española,303,8,no
gente,303,5,no
gracias,303,7,no
bosques,302,7,no
pertenece,302,9,no
servicio,299,8,no
todavía,298,7,no
incluso,296,7,no
proceso,296,7,no
puedo,296,5,no
resto,295,5,no
tema,295,4,no
york,295,4,no
cualquier,292,9,no
mujeres,292,7,no
relación,292,8,no
campo,291,5,no
quedó,291,5,no
francisco,290,9,no
partir,290,6,no
alta,288,4,no
cosas,288,5,no
juegos,288,6,no
matrimonio,288,10,no
asimismo,287,8,no
bastante,287,8,no
bueno,287,5,no
dice,287,4,no
estaban,287,7,no
menor,287,5,no
partidos,287,8,no
pequeña,287,7,no
zonas,287,5,no
primero,286,7,no
puerto,286,6,no
clima,285,5,no
jugó,285,4,no
única,285,5,no
plantas,284,7,no
sabe,283,4,no
premio,281,6,no
educación,280,9,no
tal,280,3,no
liga,279,4,no
local,279,5,no
radio,279,5,no
sería,279,5,no
islas,278,5,no
línea,278,5,no
brasil,277,6,no
buen,277,4,no
buenos,277,6,no
fuerte,277,6,no
parís,277,5,no
haber,276,5,no
sea,276,3,no
superior,276,8,no
conoce,274,6,no
construcción,274,12,no
frente,274,6,no
numerosas,274,9,no
autor,273,5,no
carlos,273,6,no
hábitat,273,7,no
dicha,272,5,no
oeste,272,5,no
compañía,271,8,no
actor,270,5,no
camino,270,6,no
utiliza,269,7,no
alemania,268,8,no
revista,268,7,no
diez,267,4,no
posición,267,8,no
sencillo,267,8,no
llamado,266,7,no
ante,265,4,no
tercera,265,7,no
barrio,264,6,no
información,264,11,no
resultado,264,9,no
california,263,10,no
colegio,263,7,no
hermana,263,7,no
incluye,263,7,no
instituto,263,9,no
niño,263,4,no
películas,263,9,no
tenemos,263,7,no
cambio,262,6,no
mal,260,3,no
puesto,259,6,no
sitio,259,5,no
temas,259,5,no
castillo,258,8,no
civil,258,5,no
colombia,258,8,no
actividades,257,11,no
claro,256,5,no
común,256,5,no
mediante,256,8,no
paso,256,4,no
profesional,256,11,no
será,256,4,no
verdad,256,6,no
media,255,5,no
nadie,255,5,no
pasado,255,6,no
torneo,255,6,no
batalla,253,7,no
mano,253,4,no
perú,253,4,no
propio,252,6,no
suelo,251,5,no
últimos,251,7,no
escribió,250,8,no
dio,249,3,no
verde,249,5,no
cantante,248,8,no
reino,248,5,no
volvió,248,6,no
amigo,247,5,no
amigos,247,6,no
calle,247,5,no
contiene,247,8,no
especialmente,247,13,no
hombres,247,7,no
italia,247,6,no
oro,247,3,no
personaje,247,9,no
social,247,6,no
territorio,247,10,no
ningún,246,6,no
niños,245,5,no
primeras,245,8,no
departamento,244,12,no
ellas,244,5,no
señor,243,5,no
menudo,242,6,no
trabajos,242,8,no
formación,241,9,no
actriz,240,6,no
antigua,240,7,no
antiguo,240,7,no
australia,240,9,no
ayuda,240,5,no
juntos,240,6,no
voz,240,3,no
cabo,239,4,no
cultura,239,7,no
decir,237,5,no
tuvieron,237,8,no
barcelona,236,9,no
dios,236,4,no
valle,236,5,no
tipos,235,5,no
considera,234,9,no
luis,234,4,no
servicios,234,9,no
tercer,234,6,no
japón,233,5,no
queda,233,5,no
semana,233,6,no
agricultura,232,11,no
cual,232,4,no
diseño,232,6,no
economía,232,8,no
pequeñas,232,8,no
puerta,232,6,no
unión,232,5,no
victoria,232,8,no
azul,231,4,no
cementerio,231,10,no
hubo,231,4,no
obstante,231,8,no
plaza,231,5,no
quiere,231,6,no
siguientes,231,10,no
similar,231,7,no
empezó,230,6,no
empresa,230,7,no
estructura,230,10,no
modo,230,4,no
novela,230,6,no
problemas,230,9,no
santiago,230,8,no
edición,229,7,no
londres,229,7,no
luz,228,3,no
casado,227,6,no
sol,227,3,no
dirección,226,9,no
john,226,4,no
modelo,225,6,no
político,225,8,no
posible,225,7,no
baja,224,4,no
críticas,224,8,no
dejó,224,4,no
fin,224,3,no
período,224,7,no
pesar,224,5,no
sociedad,224,8,no
acuerdo,223,7,no
chole,223,5,no
comienza,223,8,no
pasa,223,4,no
verano,223,6,no
ciencias,222,8,no
cruz,222,4,no
principio,222,9,no
tamaño,222,6,no
manos,221,5,no
aquel,219,5,no
consejo,219,7,no
estamos,219,7,no
llamada,219,7,no
premios,219,7,no
situado,219,7,no
rojo,218,4,no
academia,217,8,no
espacio,217,7,no
mis,217,3,no
conjunto,216,8,no
piedra,216,6,no
campeón,215,7,no
elementos,215,9,no
aguas,213,5,no
antonio,212,7,no
defensa,212,7,no
comercial,211,9,no
comunidad,211,9,no
datos,211,5,no
decidió,211,7,no
literatura,211,10,no
especial,210,8,no
periodo,210,7,no
casos,209,5,no
persona,209,7,no
continuó,208,8,no
escrito,208,7,no
inició,208,6,no
llama,208,5,no
lugares,208,7,no
municipal,208,9,no
pocos,208,5,no
propia,208,6,no
situación,208,9,no
ahí,207,3,no
asia,207,4,no
campeonato,207,10,no
inglaterra,207,10,no
logró,207,5,no
anterior,206,8,no
mes,206,3,no
unas,205,4,no
venezuela,205,9,no
aires,204,5,no
nosotros,204,8,no
personajes,204,10,no
visto,204,5,no
acción,203,6,no
cubierta,203,8,no
destaca,203,7,no
occidental,203,10,no
horas,202,5,no
pedro,201,5,no
torre,201,5,no
formó,200,5,no
libre,200,5,no
católica,199,8,no
causa,199,5,no
ciudades,199,8,no
esposa,199,6,no
madera,199,6,no
trabaja,199,7,no
larga,198,5,no
terminó,198,7,no
amarillo,197,8,no
clase,197,5,no
encontrar,197,9,no
fecha,197,5,no
permite,197,7,no
situada,197,7,no
casó,196,4,no
nave,196,4,no
animales,195,8,no
roma,195,4,no
investigación,194,13,no
habían,193,6,no
fuente,192,6,no
alrededor,191,9,no
categoría,191,9,no
falta,191,5,no
julia,191,5,no
lista,191,5,no
organización,191,12,no
pareja,191,6,no
recibe,191,6,no
suelen,191,6,no
función,190,7,no
representa,190,10,no
aire,189,4,no
total,189,5,no
hacen,188,5,no
lengua,188,6,no
policía,188,7,no
semillas,188,8,no
van,188,3,no
artes,187,5,no
colores,187,7,no
pintura,187,7,no
india,186,5,no
jóvenes,186,7,no
llegar,186,6,no
sola,186,4,no
demasiado,185,9,no
dirigido,185,8,no
elegido,185,7,no
industria,185,9,no
carácter,184,8,no
dar,184,3,no
invierno,184,8,no
palabra,184,7,no
plata,184,5,no
realiza,184,7,no
templo,184,6,no
entrada,183,7,no
esos,183,4,no
has,183,3,no
propiedad,183,9,no
tampoco,183,7,no
toma,183,4,no
creció,182,6,no
dedicó,182,6,no
enterrado,182,9,no
exterior,182,8,no
fondo,182,5,no
fuerza,182,6,no
gusta,182,5,no
podemos,182,7,no
puente,182,6,no
aeropuerto,181,10,no
arquitectura,181,12,no
cabecera,181,8,no
eres,181,4,no
puntos,181,6,no
realizar,181,8,no
pudo,180,4,no
soy,180,3,no
versiones,180,9,no
vino,180,4,no
cola,179,4,no
episodio,179,8,no
figura,179,6,no
filosofía,179,9,no
hora,179,4,no
manuel,179,6,no
trabajar,179,8,no
considerada,178,11,no
artistas,177,8,no
cómo,177,4,no
etapa,177,5,no
incluyen,177,8,no
lago,177,4,no
publicó,177,7,no
acceso,176,6,no
completamente,176,13,no
estadio,176,7,no
miguel,176,6,no
regresó,176,7,no
ubicado,176,7,no
asociación,175,10,no
blanca,175,6,no
distintos,175,9,no
jefe,175,4,no
natal,175,5,no
significa,175,9,no
tropicales,175,10,no
usa,175,3,no
video,175,5,no
villa,175,5,no
capítulo,174,8,no
continuación,174,12,no
cultural,174,8,no
objetivo,173,8,no
crítica,172,7,no
formas,172,6,no
importancia,172,11,no
red,172,3,no
artista,171,7,no
deja,171,4,no
distintas,171,9,no
gira,171,4,no
imagen,171,6,no
palacio,171,7,no
salir,171,5,no
voy,171,3,no
francesa,170,8,no
histórico,170,9,no
llevó,170,5,no
ministro,170,8,no
problema,170,8,no
tierras,170,7,no
catedral,169,8,no
creo,169,4,no
difícil,169,7,no
ganado,169,6,no
hospital,169,8,no
conserva,168,8,no
cuarto,168,6,no
fuerzas,168,7,no
fundación,168,9,no
letras,168,6,no
pie,168,3,no
produce,168,7,no
relaciones,168,10,no
tenían,168,6,no
abogado,167,7,no
diario,167,6,no
doce,167,4,no
maestro,167,7,no
poesía,167,6,no
programas,167,9,no
referencia,167,10,no
deportivo,166,9,no
influencia,166,10,no
medios,166,6,no
mejores,166,7,no
publicado,166,9,no
vuelve,166,6,no
adelante,165,8,no
alas,165,4,no
nuevos,165,6,no
rápidamente,165,11,no
siento,165,6,no
unido,165,5,no
cara,164,4,no
mayores,164,7,no
oriental,164,8,no
personal,164,8,no
tradición,164,9,no
ángeles,164,7,no
alguien,163,7,no
humanos,163,7,no
paz,163,3,no
clases,162,6,no
pública,162,7,no
tenido,162,6,no
tiempos,162,7,no
david,161,5,no
nacionales,161,10,no
viaje,161,5,no
algún,160,5,no
jardín,160,6,no
pan,160,3,no
sector,160,6,no
viejo,160,5,no
áreas,160,5,no
aves,159,4,no
campaña,159,7,no
comunicación,159,12,no
control,159,7,no
corazón,159,7,no
fuentes,159,7,no
jugar,159,5,no
mil,159,3,no
normalmente,159,11,no
nuevas,159,6,no
rock,159,4,no
vivió,159,5,no
árboles,159,7,no
hicieron,158,8,no
alguna,157,6,no
montaña,157,7,no
presencia,157,9,no
rusia,157,5,no
uruguay,157,7,no
don,156,3,no
edificios,156,9,no
escuelas,156,8,no
locales,156,7,no
valencia,156,8,no
actuación,155,9,no
alemán,155,6,no
comisión,155,8,no
copa,155,4,no
cámara,155,6,no
oscuro,155,6,no
rica,155,4,no
valor,155,5,no
imperio,154,7,no
llega,154,5,no
siguió,154,6,no
solamente,154,9,no
consta,153,6,no
musicales,153,9,no
podría,153,6,no
arriba,152,6,no
doctor,152,6,no
escrita,152,7,no
fiesta,152,6,no
infancia,152,8,no
jugadores,152,9,no
león,152,4,no
material,152,8,no
naturales,152,9,no
palabras,152,8,no
perdió,152,6,no
perro,152,5,no
playa,152,5,no
reina,152,5,no
revolución,152,10,no
salud,152,5,no
variedad,152,8,no
vista,152,5,no
aun,151,3,no
caballo,151,7,no
comercio,151,8,no
doble,151,5,no
escritor,151,8,no
festival,151,8,no
grado,151,5,no
habla,151,5,no
idea,151,4,no
lucha,151,5,no
pocas,151,5,no
probablemente,151,13,no
productos,151,9,no
secundaria,151,10,no
dirigió,150,7,no
fachada,150,7,no
fase,150,4,no
jugaba,150,6,no
marca,150,5,no
resultados,150,10,no
ubica,150,5,no
viene,150,5,no
consiguió,149,9,no
dijo,149,4,no
esas,149,4,no
julio,149,5,no
noroeste,149,8,no
aparecen,148,8,no
apareció,148,8,no
armas,148,5,no
cantidad,148,8,no
dan,148,3,no
habitantes,148,10,no
igualmente,148,10,no
insectos,148,8,no
utilizado,148,9,no
cambios,147,7,no
hemos,147,5,no
inferiores,147,10,no
mayo,147,4,no
podía,147,5,no
ricardo,147,7,no
consiste,146,8,no
corto,146,5,no
decide,146,6,no
ecuador,146,7,no
juventud,146,8,no
nuestra,146,7,no
pasar,146,5,no
ubicada,146,7,no
biblioteca,145,10,no
características,145,15,no
ley,145,3,no
relativamente,145,13,no
turismo,145,7,no
administración,144,14,no
artículos,144,9,no
cosa,144,4,no
críticos,144,8,no
forman,144,6,no
fruto,144,5,no
mercado,144,7,no
mitad,144,5,no
razón,144,5,no
seguridad,144,9,no
teoría,144,6,no
alcalde,143,7,no
anteriormente,143,13,no
canadá,143,6,no
casas,143,5,no
cuanto,143,6,no
deben,143,5,no
empresas,143,8,no
entrenador,143,10,no
evento,143,6,no
frontera,143,8,no
garcía,143,6,no
haciendo,143,8,no
militares,143,9,no
ofrece,143,6,no
originalmente,143,13,no
tienes,143,6,no
colección,142,9,no
palomares,142,9,no
santo,142,5,no
capitán,141,7,no
condiciones,141,11,no
independiente,141,13,no
ríos,141,4,no
completo,140,8,no
estudiantes,140,11,no
mantuvo,140,7,no
sentido,140,7,no
sociales,140,8,no
tradicional,140,11,no
vía,140,3,no
bosque,139,6,no
sistemas,139,8,no
tomó,139,4,no
volver,139,6,no
abajo,138,5,no
estrella,138,8,no
izquierda,138,9,no
mira,138,4,no
usted,138,5,no
permaneció,137,10,no
sierra,137,6,no
bolivia,136,7,no
calidad,136,7,no
dado,136,4,no
derecha,136,7,no
enfermedad,136,10,no
escudo,136,6,no
marrón,136,6,no
oye,136,3,no
piano,136,5,no
poeta,136,5,no
políticas,136,9,no
práctica,136,8,no
trasladó,136,8,no
antiguos,135,8,no
ayuntamiento,135,12,no
canal,135,5,no
corta,135,5,no
desarrolló,135,10,no
distribución,135,12,no
encontrado,135,10,no
energía,135,7,no
formado,135,7,no
fundador,135,8,no
guitarra,135,8,no
miedo,135,5,no
mucha,135,5,no
presentan,135,9,no
reyes,135,5,no
superficie,135,10,no
temporadas,135,10,no
termina,135,7,no
web,135,3,no
buenas,134,6,no
corte,134,5,no
diferencia,134,10,no
económica,134,9,no
efecto,134,6,no
gobernador,134,10,no
localidades,134,11,no
proyectos,134,9,no
boca,133,4,no
complejo,133,8,no
finales,133,7,no
ganador,133,7,no
quieres,133,7,no
veinte,133,6,no
aspecto,132,7,no
derechos,132,8,no
fernando,132,8,no
iba,132,3,no
únicamente,132,10,no
apenas,131,6,no
destino,131,7,no
series,131,6,no
treinta,131,7,no
vivo,131,4,no
autores,130,7,no
cielo,130,5,no
gris,130,4,no
lanzamiento,130,11,no
nuevamente,130,10,no
originaria,130,10,no
originario,130,10,no
sirve,130,5,no
vivir,130,5,no
abierto,129,7,no
crecimiento,129,11,no
delantero,129,9,no
dónde,129,5,no
extremo,129,7,no
graduó,129,6,no
industrial,129,10,no
inicialmente,129,12,no
sala,129,4,no
basada,128,6,no
falleció,128,8,no
fuego,128,5,no
hechos,128,6,no
luna,128,4,no
mantiene,128,8,no
martín,128,6,no
medicina,128,8,no
participación,128,13,no
sale,128,4,no
sonido,128,6,no
texto,128,5,no
usado,128,5,no
campos,127,6,no
college,127,7,no
conocidos,127,9,no
córdoba,127,7,no
demás,127,5,no
diferente,127,9,no
dinero,127,6,no
inferior,127,8,no
jorge,127,5,no
libertad,127,8,no
ninguno,127,7,no
pico,127,4,no
plan,127,4,no
realidad,127,8,no
revistas,127,8,no
simple,127,6,no
totalmente,127,10,no
unidad,127,6,no
viento,127,6,no
virgen,127,6,no
combate,126,7,no
mañana,126,6,no
regiones,126,8,no
ruta,126,4,no
contrario,125,9,no
creación,125,8,no
entrar,125,6,no
nacido,125,6,no
nombres,125,7,no
anteriores,124,10,no
aquellos,124,8,no
ataque,124,6,no
empieza,124,7,no
ganadería,124,9,no
particular,124,10,no
portugal,124,8,no
presente,124,8,no
terreno,124,7,no
amplia,123,6,no
asistió,123,7,no
calles,123,6,no
compuesta,123,9,no
dulce,123,5,no
españoles,123,9,no
famoso,123,6,no
frutos,123,6,no
memoria,123,7,no
posteriores,123,11,no
primavera,123,9,no
rango,123,5,no
realizado,123,9,no
seguro,123,6,no
blancas,122,7,no
capilla,122,7,no
concepto,122,8,no
cuba,122,4,no
huevos,122,6,no
muerto,122,6,no
naturaleza,122,10,no
producido,122,9,no
públicas,122,8,no
tropical,122,8,no
carretera,121,9,no
dedicada,121,8,no
dirigida,121,8,no
frecuencia,121,10,no
hablar,121,6,no
internacionales,121,15,no
líder,121,5,no
ministerio,121,10,no
pesca,121,5,no
recibido,121,8,no
salvador,121,8,no
viven,121,5,no
atrás,120,5,no
bajas,120,5,no
cargos,120,6,no
efectos,120,7,no
escena,120,6,no
líneas,120,6,no
medalla,120,7,no
octubre,120,7,no
reside,120,6,no
semanas,120,7,no
tales,120,5,no
vuelta,120,6,no
ambiente,119,8,no
berlín,119,6,no
comarca,119,7,no
conciertos,119,10,no
deportes,119,8,no
estadounidense,119,14,no
excepto,119,7,no
guinea,119,6,no
italiano,119,8,no
montañas,119,8,no
periódico,119,9,no
piezas,119,6,no
populares,119,9,no
ramas,119,5,no
regional,119,8,no
sino,119,4,no
tratamiento,119,11,no
arquitecto,118,10,no
comerciales,118,11,no
composición,118,11,no
cree,118,4,no
peces,118,5,no
activo,117,6,no
capacidad,117,9,no
ciencia,117,7,no
eventos,117,7,no
feliz,117,5,no
james,117,5,no
mexicano,117,8,no
puedes,117,6,no
rosa,117,4,no
corona,116,6,no
dispone,116,7,no
hierro,116,6,no
mexicana,116,8,no
posterior,116,9,no
prisión,116,7,no
septiembre,116,10,no
tomar,116,5,no
velocidad,116,9,no
acerca,115,6,no
apoyo,115,5,no
aquella,115,7,no
banco,115,5,no
construido,115,10,no
distancia,115,9,no
incluyendo,115,10,no
medida,115,6,no
niveles,115,7,no
prensa,115,6,no
quién,115,5,no
resistencia,115,11,no
transporte,115,10,no
contenido,114,9,no
encontraba,114,10,no
húmedos,114,7,no
jesús,114,5,no
sección,114,7,no
vas,114,3,no
accidente,113,9,no
carne,113,5,no
cuenca,113,6,no
elecciones,113,10,no
lejos,113,5,no
llegado,113,7,no
obispo,113,6,no
poseen,113,6,no
arena,112,5,no
cadena,112,6,no
clásico,112,7,no
decisión,112,8,no
depende,112,7,no
distribuye,112,10,no
entró,112,5,no
evitar,112,6,no
funciones,112,9,no
george,112,6,no
imágenes,112,8,no
menores,112,7,no
minutos,112,7,no
monumento,112,9,no
necesario,112,9,no
nuestro,112,7,no
perdido,112,7,no
pintor,112,6,no
primaria,112,8,no
regreso,112,7,no
respecto,112,8,no
seguir,112,6,no
titular,112,7,no
títulos,112,7,no
acaba,111,5,no
adultos,111,7,no
cierto,111,6,no
cursó,111,5,no
dedicado,111,8,no
desempeñó,111,9,no
diego,111,5,no
domingo,111,7,no
encima,111,6,no
escribir,111,8,no
figuras,111,7,no
michael,111,7,no
patas,111,5,no
principios,111,10,no
publicación,111,11,no
rico,111,4,no
sevilla,111,7,no
siglo,111,5,no
tropas,111,6,no
venga,111,5,no
vídeo,111,5,no
diputado,110,8,no
encontró,110,8,no
ferrocarril,110,11,no
formato,110,7,no
física,110,6,no
muere,110,5,no
éste,110,4,no
atención,109,8,no
comida,109,6,no
estudiar,109,8,no
experiencia,109,11,no
licenciado,109,10,no
modelos,109,7,no
negra,109,5,no
novelas,109,7,no
paul,109,4,no
retiró,109,6,no
school,109,6,no
símbolo,109,7,no
ulises,109,6,no
ven,109,3,no
colonia,108,7,no
cuarenta,108,8,no
labor,108,5,no
mando,108,5,no
misión,108,6,no
paraguay,108,8,no
prueba,108,6,no
secretario,108,10,no
siguen,108,6,no
tocar,108,5,no
vio,108,3,no
come,107,4,no
compositor,107,10,no
contacto,107,8,no
debajo,107,6,no
después,107,7,no
inicio,107,6,no
oficiales,107,9,no
pruebas,107,7,no
publicaciones,107,13,no
similares,107,9,no
árbol,107,5,no
amistad,106,7,no
animal,106,6,no
city,106,4,no
comer,106,5,no
cuarta,106,6,no
debut,106,5,no
dejar,106,5,no
destacan,106,8,no
historias,106,9,no
inmediatamente,106,14,no
juguete,106,7,no
quedan,106,6,no
respuesta,106,9,no
agosto,105,6,no
avenida,105,7,no
cambiar,105,7,no
categorías,105,10,no
chicos,105,6,no
creó,105,4,no
cráter,105,6,no
diócesis,105,8,no
fiestas,105,7,no
llevan,105,6,no
permanente,105,10,no
planeta,105,7,no
suerte,105,6,no
ainhoa,104,6,no
alimenta,104,8,no
bandas,104,6,no
caracteriza,104,11,no
coro,104,4,no
duda,104,4,no
ediciones,104,9,no
escenas,104,7,no
hogar,104,5,no
humano,104,6,no
marido,104,6,no
múltiples,104,9,no
objeto,104,6,no
par,104,3,no
parroquia,104,9,no
poemas,104,6,no
proviene,104,8,no
recursos,104,8,no
roja,104,4,no
soldados,104,8,no
suiza,104,5,no
trabajando,104,10,no
vegetación,104,10,no
voces,104,5,no
vías,104,4,no
argentino,103,9,no
basa,103,4,no
borde,103,5,no
compuesto,103,9,no
convento,103,8,no
curso,103,5,no
ejerció,103,7,no
lima,103,4,no
llevar,103,6,no
mezcla,103,6,no
normal,103,6,no
operaciones,103,11,no
periodista,103,10,no
provincial,103,10,no
prácticamente,103,13,no
rosario,103,7,no
sitúa,103,5,no
sueño,103,5,no
vuelo,103,5,no
cuidado,102,7,no
editorial,102,9,no
especiales,102,10,no
futuro,102,6,no
liberal,102,7,no
monasterio,102,10,no
productor,102,9,no
punta,102,5,no
quince,102,6,no
ramón,102,5,no
residencia,102,10,no
también,102,7,no
utilizan,102,8,no
ascendencia,101,11,no
corriente,101,9,no
disponible,101,10,no
federal,101,7,no
letra,101,5,no
materiales,101,10,no
necesito,101,8,no
ronda,101,5,no
abril,100,5,no
caballos,100,8,no
clubes,100,6,no
corea,100,5,no
estrellas,100,9,no
mismos,100,6,no
orquesta,100,8,no
participado,100,11,no
producto,100,8,no
realizan,100,8,no
reconocido,100,10,no
resultó,100,7,no
reunión,100,7,no
unidades,100,8,no
alcanzó,99,7,no
avión,99,5,no
congreso,99,8,no
ganar,99,5,no
gonzález,99,8,no
hacerlo,99,7,no
institución,99,11,no
lenguas,99,7,no
muestran,99,8,no
panamá,99,6,no
quería,99,6,no
torres,99,6,no
alberga,98,7,no
arco,98,4,no
canto,98,5,no
capítulos,98,9,no
comunes,98,7,no
escritas,98,8,no
fundó,98,5,no
haya,98,4,no
junio,98,5,no
números,98,7,no
protagonizada,98,13,no
rodríguez,98,9,no
universidades,98,13,no
abarca,97,6,no
bellas,97,6,no
contrato,97,8,no
directamente,97,12,no
familias,97,8,no
habitual,97,8,no
independencia,97,13,no
junta,97,5,no
logra,97,5,no
motor,97,5,no
obtener,97,7,no
patio,97,5,no
pelea,97,5,no
piel,97,4,no
produjo,97,7,no
sangre,97,6,no
tren,97,4,no
usar,97,4,no
vilma,97,5,no
altura,96,6,no
ampliamente,96,11,no
caja,96,4,no
compone,96,7,no
desarrolla,96,10,no
desconoce,96,9,no
dientes,96,7,no
formar,96,6,no
fuertes,96,7,no
grabado,96,7,no
ligeramente,96,11,no
metros,96,6,no
núcleo,96,6,no
pies,96,4,no
posiblemente,96,12,no
presentó,96,8,no
príncipe,96,8,no
salida,96,6,no
señora,96,6,no
abandonó,95,8,no
agrícola,95,8,no
ana,95,3,no
característica,95,14,no
chica,95,5,no
colaboró,95,8,no
competición,95,11,no
construyó,95,9,no
crear,95,5,no
destacó,95,7,no
diagrama,95,8,no
económico,95,9,no
familiar,95,8,no
florece,95,7,no
frío,95,4,no
funciona,95,8,no
halla,95,5,no
morir,95,5,no
nacimiento,95,10,no
pecho,95,5,no
trabajado,95,9,no
vicente,95,7,no
casada,94,6,no
comenzaron,94,10,no
cuerpos,94,7,no
justicia,94,8,no
monte,94,5,no
pasos,94,5,no
peligro,94,7,no
puertas,94,7,no
saber,94,5,no
valeria,94,7,no
acto,93,4,no
asamblea,93,8,no
chico,93,5,no
continúa,93,8,no
enrique,93,7,no
fábrica,93,7,no
hermanas,93,8,no
largas,93,6,no
marina,93,6,no
mediterráneo,93,12,no
pacífico,93,8,no
privada,93,7,no
sello,93,5,no
silencio,93,8,no
sufrió,93,6,no
abierta,92,7,no
brazos,92,6,no
conoció,92,7,no
denomina,92,8,no
hijas,92,5,no
new,92,3,no
pablo,92,5,no
políticos,92,9,no
recuerda,92,8,no
suroeste,92,8,no
urbano,92,6,no
william,92,7,no
autoridad,91,9,no
carreras,91,8,no
exposiciones,91,12,no
músico,91,6,no
rocas,91,5,no
ruso,91,4,no
acabó,90,5,no
artística,90,9,no
breve,90,5,no
centros,90,7,no
completa,90,8,no
conflicto,90,9,no
delante,90,7,no
encuentro,90,9,no
grabación,90,9,no
inicial,90,7,no
lópez,90,5,no
objetos,90,7,no
periodismo,90,10,no
romano,90,6,no
alberto,89,7,no
camarote,89,8,no
crece,89,5,no
discos,89,6,no
espera,89,6,no
europeo,89,7,no
frecuentemente,89,14,no
generación,89,10,no
granada,89,7,no
históricos,89,10,no
homenaje,89,8,no
notable,89,7,no
once,89,4,no
permanece,89,9,no
pinturas,89,8,no
portada,89,7,no
reserva,89,7,no
sirvió,89,6,no
antiguas,88,8,no
ascenso,88,7,no
austria,88,7,no
baile,88,5,no
busca,88,5,no
celebra,88,7,no
coche,88,5,no
coronel,88,7,no
diferencias,88,11,no
escenario,88,9,no
fernández,88,9,no
fácilmente,88,10,no
internet,88,8,no
lanzado,88,7,no
lateral,88,7,no
llegaron,88,8,no
naves,88,5,no
noviembre,88,9,no
operación,88,9,no
oportunidad,88,11,no
pieza,88,5,no
pista,88,5,no
presentes,88,9,no
quinto,88,6,no
realmente,88,9,no
saint,88,5,no
actores,87,7,no
alemana,87,7,no
alma,87,4,no
cita,87,4,no
clasificación,87,13,no
consecuencia,87,12,no
conservan,87,9,no
culturales,87,10,no
cursos,87,6,no
denominación,87,12,no
detrás,87,6,no
estaciones,87,10,no
europea,87,7,no
exposición,87,10,no
facultad,87,8,no
florida,87,7,no
fácil,87,5,no
idioma,87,6,no
justo,87,5,no
lee,87,3,no
mantener,87,8,no
martínez,87,8,no
permitió,87,8,no
poca,87,4,no
profesora,87,9,no
puso,87,4,no
página,87,6,no
teniente,87,8,no
texas,87,5,no
utilizar,87,8,no
ángel,87,5,no
actuó,86,5,no
and,86,3,no
arma,86,4,no
concurso,86,8,no
construida,86,10,no
creado,86,6,no
duró,86,4,no
elemento,86,8,no
imposible,86,9,no
ocasión,86,7,no
otoño,86,5,no
poner,86,5,no
profesión,86,9,no
razones,86,7,no
rural,86,5,no
rápido,86,6,no
análisis,85,8,no
federación,85,10,no
ingeniero,85,9,no
laterales,85,9,no
llevado,85,7,no
moderna,85,7,no
máximo,85,6,no
pone,85,4,no
producen,85,8,no
recientemente,85,13,no
requiere,85,8,no
ruinas,85,6,no
tabla,85,5,no
verdadero,85,9,no
viajó,85,5,no
altas,84,5,no
aparición,84,9,no
bandera,84,7,no
caza,84,4,no
cocina,84,6,no
concierto,84,9,no
deporte,84,7,no
describe,84,8,no
dieron,84,6,no
directo,84,7,no
económicas,84,10,no
etapas,84,6,no
existencia,84,10,no
indica,84,6,no
machos,84,6,no
motivo,84,6,no
ocurre,84,6,no
paisaje,84,7,no
piloto,84,6,no
realizaron,84,10,no
superiores,84,10,no
textos,84,6,no
británico,83,9,no
convertirse,83,11,no
corre,83,5,no
corresponde,83,11,no
duque,83,5,no
enseñanza,83,9,no
fama,83,4,no
interpretación,83,14,no
interpretó,83,10,no
parlamento,83,10,no
pop,83,3,no
propios,83,7,no
records,83,7,no
religiosa,83,9,no
trayectoria,83,11,no
tribunal,83,8,no
allá,82,4,no
blancos,82,7,no
carga,82,5,no
constante,82,9,no
contó,82,5,no
destacado,82,9,no
dirige,82,6,no
estatal,82,7,no
ocupa,82,5,no
positivas,82,9,no
pueblos,82,7,no
sudáfrica,82,9,no
thomas,82,6,no
cama,81,4,no
compañero,81,9,no
contaba,81,7,no
cuales,81,6,no
ejemplos,81,8,no
episodios,81,9,no
indio,81,5,no
isabel,81,6,no
jamás,81,5,no
metal,81,5,no
ocupó,81,5,no
pato,81,4,no
poblaciones,81,11,no
producir,81,8,no
representación,81,14,no
santos,81,6,no
suecia,81,6,no
teología,81,8,no
trece,81,5,no
abuelo,80,6,no
brillante,80,9,no
caminos,80,7,no
chicago,80,7,no
cien,80,4,no
clave,80,5,no
clásica,80,7,no
comprende,80,9,no
construir,80,9,no
convierte,80,9,no
divisiones,80,10,no
elección,80,8,no
emperador,80,9,no
estuvieron,80,10,no
finalizar,80,9,no
fines,80,5,no
hablando,80,8,no
hacía,80,5,no
ideas,80,5,no
intenta,80,7,no
lenguaje,80,8,no
muertos,80,7,no
negocios,80,8,no
oriente,80,7,no
podían,80,6,no
polonia,80,7,no
propias,80,7,no
provincias,80,10,no
representado,80,12,no
responsable,80,11,no
resulta,80,7,no
secos,80,5,no
somos,80,5,no
sonora,80,6,no
unió,80,4,no
usan,80,4,no
viena,80,5,no
ámbito,80,6,no
amiga,79,5,no
aprendió,79,8,no
búsqueda,79,8,no
caer,79,4,no
capaz,79,5,no
carta,79,5,no
cataluña,79,8,no
comienzo,79,8,no
comúnmente,79,10,no
cría,79,4,no
deportiva,79,9,no
desarrollado,79,12,no
dolor,79,5,no
estableció,79,10,no
extensión,79,9,no
fotografía,79,10,no
histórica,79,9,no
incluido,79,8,no
inglesa,79,7,no
instalaciones,79,13,no
literaria,79,9,no
marcha,79,6,no
marcó,79,5,no
mata,79,4,no
moderno,79,7,no
motivos,79,7,no
murieron,79,8,no
nativa,79,6,no
noruega,79,7,no
originales,79,10,no
peter,79,5,no
plato,79,5,no
protección,79,10,no
sabor,79,5,no
salió,79,5,no
sexual,79,6,no
show,79,4,no
tallos,79,6,no
tecnología,79,10,no
toca,79,4,no
vietnam,79,7,no
volar,79,5,no
alemanes,78,8,no
artístico,78,9,no
bahía,78,5,no
baloncesto,78,10,no
concepción,78,10,no
contigo,78,7,no
esperanza,78,9,no
ido,78,3,no
iglesias,78,8,no
localiza,78,8,no
mala,78,4,no
movimientos,78,11,no
municipios,78,10,no
negras,78,6,no
pasajeros,78,9,no
quedaron,78,8,no
reconocimiento,78,14,no
simplemente,78,11,no
tradicionales,78,13,no
tratado,78,7,no
americano,77,9,no
barcos,77,6,no
batería,77,7,no
belleza,77,7,no
constituye,77,10,no
corteza,77,7,no
cultivo,77,7,no
daniel,77,6,no
desempeña,77,9,no
divide,77,6,no
doctorado,77,9,no
eduardo,77,7,no
escritos,77,8,no
golpe,77,5,no
hembras,77,7,no
idiomas,77,7,no
inicia,77,6,no
jazz,77,4,no
navidad,77,7,no
presión,77,7,no
refiere,77,7,no
roca,77,4,no
sureste,77,7,no
temprana,77,8,no
alimentan,76,9,no
aplicación,76,10,no
castilla,76,8,no
columnas,76,8,no
consideran,76,10,no
decoración,76,10,no
disputó,76,7,no
egipto,76,6,no
grecia,76,6,no
hola,76,4,no
instituciones,76,13,no
papeles,76,7,no
parecen,76,7,no
participar,76,10,no
patrimonio,76,10,no
religión,76,8,no
suelos,76,6,no
tío,76,3,no
usada,76,5,no
álbumes,76,7,no
actuaciones,75,11,no
bajos,75,5,no
científicos,75,11,no
colaboración,75,12,no
frecuente,75,9,no
gol,75,3,no
hambre,75,6,no
humana,75,6,no
marzo,75,5,no
materia,75,7,no
music,75,5,no
noreste,75,7,no
park,75,4,no
participa,75,9,no
participaron,75,12,no
profesionales,75,13,no
propiedades,75,11,no
protagonista,75,12,no
rectangular,75,11,no
tailandia,75,9,no
bronce,74,6,no
compañeros,74,10,no
congo,74,5,no
código,74,6,no
diseñado,74,8,no
entra,74,5,no
griega,74,6,no
griego,74,6,no
infantil,74,8,no
influencias,74,11,no
llegada,74,7,no
músicos,74,7,no
oficialmente,74,12,no
pensar,74,6,no
plano,74,5,no
popularidad,74,11,no
terminar,74,8,no
turístico,74,9,no
vecinos,74,7,no
zaragoza,74,8,no
órdenes,74,7,no
cabe,73,4,no
carmen,73,6,no
clara,73,5,no
comandante,73,10,no
culto,73,5,no
destacar,73,8,no
dicen,73,5,no
enemigo,73,7,no
guardia,73,7,no
gómez,73,5,no
habría,73,6,no
hembra,73,6,no
instrumentos,73,12,no
irlanda,73,7,no
leyes,73,5,no
mesa,73,4,no
planes,73,6,no
rafael,73,6,no
reacción,73,8,no
secundarios,73,11,no
sudeste,73,7,no
ventana,73,7,no
ventas,73,6,no
agencia,72,7,no
calor,72,5,no
cantar,72,6,no
catorce,72,7,no
cincuenta,72,9,no
condición,72,9,no
conocimiento,72,12,no
costas,72,6,no
cristo,72,6,no
diciembre,72,9,no
dije,72,4,no
expresión,72,9,no
febrero,72,7,no
felipe,72,6,no
filipinas,72,9,no
franco,72,6,no
gestión,72,7,no
goles,72,5,no
guion,72,5,no
hotel,72,5,no
ingresó,72,7,no
interpretado,72,12,no
judicial,72,8,no
lanzó,72,5,no
marino,72,6,no
miles,72,5,no
montevideo,72,10,no
obtiene,72,7,no
peso,72,4,no
poblado,72,7,no
pobre,72,5,no
recibir,72,7,no
redes,72,5,no
registro,72,8,no
reinado,72,7,no
ropa,72,4,no
secreto,72,7,no
seno,72,4,no
significado,72,11,no
sombra,72,6,no
usualmente,72,10,no
varía,72,5,no
víctimas,72,8,no
árabe,72,5,no
acciones,71,8,no
alejandro,71,9,no
arbustos,71,8,no
aspectos,71,8,no
autoridades,71,11,no
británica,71,9,no
caballero,71,9,no
conmigo,71,7,no
conocen,71,7,no
conocer,71,7,no
debió,71,5,no
dura,71,4,no
esperaba,71,8,no
familiares,71,10,no
flora,71,5,no
futbolista,71,10,no
guillermo,71,9,no
herido,71,6,no
italiana,71,8,no
llegan,71,6,no
metro,71,5,no
mostró,71,6,no
mudó,71,4,no
noticias,71,8,no
nuestros,71,8,no
oficinas,71,8,no
oposición,71,9,no
parroquial,71,10,no
periódicos,71,10,no
plataforma,71,10,no
posiciones,71,10,no
rara,71,4,no
raíces,71,6,no
territorios,71,11,no
turquía,71,7,no
tus,71,3,no
vacaciones,71,10,no
vaya,71,4,no
veo,71,3,no
últimas,71,7,no
abre,70,4,no
activa,70,6,no
actos,70,5,no
basado,70,6,no
buscar,70,6,no
editor,70,6,no
espacios,70,8,no
famosa,70,6,no
fenómeno,70,8,no
jardines,70,8,no
laguna,70,6,no
largos,70,6,no
nación,70,6,no
orígenes,70,8,no
paredes,70,7,no
programación,70,12,no
relacionados,70,12,no
robert,70,6,no
rojas,70,5,no
sectores,70,8,no
siglos,70,6,no
socialista,70,10,no
tesis,70,5,no
ubicación,70,9,no
utilizó,70,7,no
washington,70,10,no
agrícolas,69,9,no
cambió,69,6,no
cientos,69,7,no
compuestas,69,10,no
conde,69,5,no
consigue,69,8,no
cuentos,69,7,no
disponibles,69,11,no
duración,69,8,no
error,69,5,no
fray,69,4,no
inmigrantes,69,11,no
latín,69,5,no
mas,69,3,no
masa,69,4,no
matar,69,5,no
milita,69,6,no
península,69,9,no
propósito,69,9,no
smith,69,5,no
totalidad,69,9,no
ópera,69,5,no
amplio,68,6,no
barrios,68,7,no
burbuja,68,7,no
caliente,68,8,no
comuna,68,6,no
comunidades,68,11,no
constitución,68,12,no
crisis,68,6,no
daños,68,5,no
escapar,68,7,no
espacial,68,8,no
estás,68,5,no
honduras,68,8,no
indonesia,68,9,no
nace,68,4,no
necesita,68,8,no
negros,68,6,no
noticia,68,7,no
oficina,68,7,no
perros,68,6,no
pese,68,4,no
piti,68,4,no
poderes,68,7,no
previamente,68,11,no
producciones,68,12,no
religioso,68,9,no
retirada,68,8,no
sean,68,4,no
trabajadores,68,12,no
trenes,68,6,no
universitario,68,13,no
viajes,68,6,no
visita,68,6,no
visión,68,6,no
abrió,67,5,no
altos,67,5,no
apertura,67,8,no
barroco,67,7,no
bogotá,67,6,no
cayó,67,4,no
cercana,67,7,no
debía,67,5,no
declaró,67,7,no
defensor,67,8,no
enorme,67,6,no
femenino,67,8,no
fondos,67,6,no
indígenas,67,9,no
irán,67,4,no
nieve,67,5,no
particularmente,67,15,no
riesgo,67,6,no
romana,67,6,no
sacerdote,67,9,no
seco,67,4,no
tercero,67,7,no
terminal,67,8,no
usuarios,67,8,no
ventanas,67,8,no
vivos,67,5,no
zelanda,67,7,no
abrir,66,5,no
alianza,66,7,no
alimentos,66,9,no
aplicaciones,66,12,no
castellano,66,10,no
cultivos,66,8,no
dependiendo,66,11,no
digital,66,7,no
dividida,66,8,no
embajada,66,8,no
ermita,66,6,no
evolución,66,9,no
formada,66,7,no
intento,66,7,no
jugando,66,7,no
juguetes,66,8,no
leche,66,5,no
misiones,66,8,no
presentado,66,10,no
privado,66,7,no
simples,66,7,no
utilizada,66,9,no
venta,66,5,no
volumen,66,7,no
brazo,65,5,no
caída,65,5,no
cierta,65,6,no
conocidas,65,9,no
contienen,65,9,no
cuadro,65,6,no
cuello,65,6,no
democrática,65,11,no
estudia,65,7,no
excelente,65,9,no
fauna,65,5,no
flor,65,4,no
fortaleza,65,9,no
fundamental,65,11,no
gloria,65,6,no
identidad,65,9,no
juez,65,4,no
lados,65,5,no
límite,65,6,no
marco,65,5,no
parejas,65,7,no
piso,65,4,no
quinta,65,6,no
reconocida,65,10,no
sabes,65,5,no
solución,65,8,no
apariencia,64,10,no
boston,64,6,no
bretaña,64,7,no
casco,64,5,no
conferencias,64,12,no
conservación,64,12,no
convertido,64,10,no
cortes,64,6,no
cáncer,64,6,no
detalles,64,8,no
enero,64,5,no
entorno,64,7,no
entrega,64,7,no
escritura,64,9,no
estancia,64,8,no
estilos,64,7,no
ficción,64,7,no
fuertemente,64,11,no
guatemala,64,9,no
habitualmente,64,13,no
inc,64,3,no
israel,64,6,no
juvenil,64,7,no
king,64,4,no
millones,64,8,no
muros,64,5,no
nativo,64,6,no
nombró,64,6,no
papa,64,4,no
pertenecía,64,10,no
posibilidad,64,11,no
producida,64,9,no
propuesta,64,9,no
pueda,64,5,no
reales,64,6,no
recorrido,64,9,no
recuperar,64,9,no
salón,64,5,no
seminario,64,9,no
verdes,64,6,no
abandonar,63,9,no
arcos,63,5,no
cercano,63,7,no
ceremonia,63,9,no
charles,63,7,no
comportamiento,63,14,no
compuso,63,7,no
crio,63,4,no
cura,63,4,no
debate,63,6,no
deriva,63,6,no
distribuyen,63,11,no
dominio,63,7,no
ejecución,63,9,no
enamorado,63,9,no
encuentros,63,10,no
escribe,63,7,no
escultura,63,9,no
europeos,63,8,no
femenina,63,8,no
film,63,4,no
gamboa,63,6,no
grados,63,6,no
high,63,4,no
hubiera,63,7,no
ideal,63,5,no
individuales,63,12,no
ingeniería,63,10,no
juicio,63,6,no
labios,63,6,no
leyenda,63,7,no
loco,63,4,no
macho,63,5,no
man,63,3,no
mandato,63,7,no
matemáticas,63,11,no
momentos,63,8,no
máxima,63,6,no
negó,63,4,no
noble,63,5,no
nota,63,4,no
notas,63,5,no
piedras,63,7,no
posibles,63,8,no
procesos,63,8,no
puestos,63,7,no
reforma,63,7,no
regresar,63,8,no
richard,63,7,no
ritmo,63,5,no
roberto,63,7,no
sencillos,63,9,no
serán,63,5,no
sucedió,63,7,no
terminado,63,9,no
tono,63,4,no
tormenta,63,8,no
torno,63,5,no
variedades,63,10,no
vehículos,63,9,no
violencia,63,9,no
adolescente,62,11,no
archivo,62,7,no
artículo,62,8,no
asistente,62,9,no
ataques,62,7,no
carolina,62,8,no
colecciones,62,11,no
compuestos,62,10,no
cubierto,62,8,no
cuentan,62,7,no
dedos,62,5,no
escritores,62,10,no
espíritu,62,8,no
estudiante,62,10,no
frecuentes,62,10,no
judíos,62,6,no
mamíferos,62,9,no
naranja,62,7,no
opera,62,5,no
parecía,62,7,no
perteneció,62,10,no
pez,62,3,no
provocó,62,7,no
regresa,62,7,no
secciones,62,9,no
sobrino,62,7,no
talento,62,7,no
vuelos,62,6,no
aceptó,61,6,no
acompañado,61,10,no
actuar,61,6,no
cambiado,61,8,no
cerro,61,5,no
ciclo,61,5,no
ciertas,61,7,no
dedica,61,6,no
denominado,61,10,no
descendencia,61,12,no
empezar,61,7,no
esperar,61,7,no
estructuras,61,11,no
estándar,61,8,no
expedición,61,10,no
fundadores,61,10,no
impacto,61,7,no
llevaba,61,7,no
lope,61,4,no
mario,61,5,no
martin,61,6,no
motores,61,7,no
negocio,61,7,no
pasan,61,5,no
pasión,61,6,no
promoción,61,9,no
quienes,61,7,no
química,61,7,no
retirarse,61,9,no
rodeado,61,7,no
romanos,61,7,no
temporal,61,8,no
tumba,61,5,no
urbana,61,6,no
veracruz,61,8,no
warner,61,6,no
órgano,61,6,no
aceite,60,6,no
ciertos,60,7,no
conseguir,60,9,no
decidieron,60,10,no
duro,60,4,no
electoral,60,9,no
esposo,60,6,no
franceses,60,9,no
físico,60,6,no
heridos,60,7,no
lagos,60,5,no
llamó,60,5,no
lleno,60,5,no
louis,60,5,no
moscú,60,5,no
murmuró,60,7,no
pudieron,60,8,no
públicos,60,8,no
republicano,60,11,no
salas,60,5,no
semifinales,60,11,no
serían,60,6,no
single,60,6,no
sombrero,60,8,no
surgió,60,6,no
teatral,60,7,no
templado,60,8,no
universo,60,8,no
agente,59,6,no
aparecido,59,9,no
botánico,59,8,no
camerún,59,7,no
chileno,59,7,no
competencia,59,11,no
competiciones,59,13,no
componentes,59,11,no
derrota,59,7,no
dibujo,59,6,no
dime,59,4,no
dinastía,59,8,no
directa,59,7,no
docente,59,7,no
ejemplares,59,10,no
escala,59,6,no
extiende,59,8,no
guitarrista,59,11,no
hielo,59,5,no
homónima,59,8,no
humor,59,5,no
kilómetros,59,10,no
league,59,6,no
liceo,59,5,no
limita,59,6,no
llaman,59,6,no
lograron,59,8,no
ramiro,59,6,no
recibieron,59,10,no
regular,59,7,no
software,59,8,no
tiendas,59,7,no
tomado,59,6,no
une,59,3,no
alcanzar,58,8,no
asociado,58,8,no
audiencia,58,9,no
autónoma,58,8,no
brown,58,5,no
bóveda,58,6,no
castro,58,6,no
cañón,58,5,no
civiles,58,7,no
columna,58,7,no
compañías,58,9,no
contrajo,58,8,no
cortos,58,6,no
dieta,58,5,no
distritos,58,9,no
ernesto,58,7,no
extranjero,58,10,no
gustan,58,6,no
imperial,58,8,no
joseph,58,6,no
lluvia,58,6,no
marcas,58,6,no
metropolitana,58,13,no
palo,58,4,no
parecer,58,7,no
playas,58,6,no
primo,58,5,no
raro,58,4,no
regionales,58,10,no
rojizo,58,6,no
santuario,58,9,no
siguieron,58,9,no
solitario,58,9,no
subtropicales,58,13,no
techo,58,5,no
venir,58,5,no
abundante,57,9,no
cae,57,3,no
canta,57,5,no
carece,57,6,no
comedia,57,7,no
cuestión,57,8,no
danza,57,5,no
dinamarca,57,9,no
disputa,57,7,no
documental,57,10,no
fracaso,57,7,no
fósiles,57,7,no
galería,57,7,no
gato,57,4,no
indios,57,6,no
investigaciones,57,15,no
malasia,57,7,no
margen,57,6,no
minas,57,5,no
mismas,57,6,no
organizaciones,57,14,no
pantalla,57,8,no
próximo,57,7,no
religiosas,57,10,no
retratos,57,8,no
rumbo,57,5,no
senador,57,7,no
temperatura,57,11,no
triste,57,6,no
you,57,3,no
adaptación,56,10,no
administrativo,56,14,no
alimentación,56,12,no
antiguamente,56,12,no
aparecer,56,8,no
ayudar,56,6,no
británicos,56,10,no
cabello,56,7,no
católico,56,8,no
cerámica,56,8,no
ciento,56,6,no
científico,56,10,no
cinta,56,5,no
cobre,56,5,no
comunista,56,9,no
continental,56,11,no
cortas,56,6,no
crea,56,4,no
crema,56,5,no
cuya,56,4,no
cárcel,56,6,no
dando,56,5,no
demanda,56,7,no
denominada,56,10,no
diga,56,4,no
documentos,56,10,no
ejecutivo,56,9,no
encargado,56,9,no
encontramos,56,11,no
espectáculo,56,11,no
festivales,56,10,no
flota,56,5,no
fresco,56,6,no
frutas,56,6,no
gana,56,4,no
grabó,56,5,no
gracia,56,6,no
guzmán,56,6,no
hacienda,56,8,no
haga,56,4,no
hábitats,56,8,no
intentó,56,7,no
interesante,56,11,no
judía,56,5,no
juveniles,56,9,no
kenia,56,5,no
llevaron,56,8,no
longitud,56,8,no
malo,56,4,no
maíz,56,4,no
navarra,56,7,no
nieto,56,5,no
noches,56,6,no
objetivos,56,9,no
paseo,56,5,no
patrón,56,6,no
pide,56,4,no
pierde,56,6,no
pilotos,56,7,no
princesa,56,8,no
proporciona,56,11,no
rendimiento,56,11,no
representan,56,11,no
retablo,56,7,no
salvo,56,5,no
selva,56,5,no
señal,56,5,no
tallo,56,5,no
teorías,56,7,no
tour,56,4,no
traje,56,5,no
utilizados,56,10,no
valores,56,7,no
vidas,56,5,no
vivía,56,5,no
absoluto,55,8,no
acabar,55,6,no
adicionales,55,11,no
altar,55,5,no
alumnos,55,7,no
armada,55,6,no
bros,55,4,no
caracas,55,7,no
causas,55,6,no
cerrado,55,7,no
circular,55,8,no
cordillera,55,10,no
cápsula,55,7,no
declarado,55,9,no
descubre,55,8,no
dominicana,55,10,no
eje,55,3,no
encontrarse,55,11,no
escolar,55,7,no
especializó,55,11,no
estela,55,6,no
fabricación,55,11,no
gas,55,3,no
golfo,55,5,no
guerras,55,7,no
guía,55,4,no
húmedas,55,7,no
integró,55,7,no
izquierdo,55,9,no
jugado,55,6,no
leer,55,4,no
llena,55,5,no
novia,55,5,no
opción,55,6,no
paisajes,55,8,no
pisos,55,5,no
publicada,55,9,no
raíz,55,4,no
realizada,55,9,no
recinto,55,7,no
sobrevivió,55,10,no
soldado,55,7,no
sonata,55,6,no
suficiente,55,10,no
tira,55,4,no
tramo,55,5,no
típico,55,6,no
university,55,10,no
usando,55,6,no
vehículo,55,8,no
verse,55,5,no
vuelven,55,7,no
young,55,5,no
ésta,55,4,no
actuales,54,8,no
alegría,54,7,no
asesor,54,6,no
ave,54,3,no
bienes,54,6,no
boda,54,4,no
candidato,54,9,no
debutó,54,6,no
dedicarse,54,9,no
descubierto,54,11,no
dibujos,54,7,no
dimensiones,54,11,no
dividido,54,8,no
encontraron,54,11,no
equivalente,54,11,no
grabaciones,54,11,no
habilidades,54,11,no
henry,54,5,no
hermoso,54,7,no
húmedo,54,6,no
medieval,54,8,no
pecado,54,6,no
profundo,54,8,no
queso,54,5,no
reglas,54,6,no
relieve,54,7,no
rusa,54,4,no
seguido,54,7,no
setenta,54,7,no
talleres,54,8,no
trabajaba,54,9,no
utilizando,54,10,no
alcance,53,7,no
alrededores,53,11,no
aproximadamente,53,15,no
arroyo,53,6,no
conferencia,53,11,no
dices,53,5,no
enviado,53,7,no
escucha,53,7,no
firmó,53,5,no
fotografías,53,11,no
garganta,53,8,no
guerrero,53,8,no
gótico,53,6,no
individuos,53,10,no
inicios,53,7,no
instrumento,53,11,no
javier,53,6,no
jones,53,5,no
miel,53,4,no
nicaragua,53,9,no
parcialmente,53,12,no
perenne,53,7,no
podido,53,6,no
presentar,53,9,no
publica,53,7,no
raza,53,4,no
salieron,53,8,no
terrenos,53,8,no
vecino,53,6,no
vocal,53,5,no
volante,53,7,no
williams,53,8,no
adolescencia,52,12,no
andalucía,52,9,no
certamen,52,8,no
científica,52,10,no
combustible,52,11,no
círculo,52,7,no
desierto,52,8,no
documento,52,9,no
escasa,52,6,no
escocia,52,7,no
especialidad,52,12,no
estatua,52,7,no
generales,52,9,no
hungría,52,7,no
invitado,52,8,no
jack,52,4,no
ladrillo,52,8,no
lisa,52,4,no
matorrales,52,10,no
mediados,52,8,no
mensaje,52,7,no
nigeria,52,7,no
ocurrió,52,7,no
opinión,52,7,no
oxford,52,6,no
pardo,52,5,no
perder,52,6,no
prisioneros,52,11,no
privadas,52,8,no
recuerdo,52,8,no
separado,52,8,no
serio,52,5,no
sitios,52,6,no
síntomas,52,8,no
tendrá,52,6,no
tienda,52,6,no
tom,52,3,no
torneos,52,7,no
traducción,52,10,no
trono,52,5,no
von,52,3,no
apellido,51,8,no
aragón,51,6,no
aviones,51,7,no
beso,51,4,no
concejo,51,7,no
conexión,51,8,no
considerable,51,12,no
continuar,51,9,no
continúan,51,9,no
controlar,51,9,no
cristiana,51,9,no
destinado,51,9,no
detenido,51,8,no
dormir,51,6,no
económicos,51,10,no
enfermedades,51,12,no
entidad,51,7,no
espinas,51,7,no
finalizó,51,8,no
fruta,51,5,no
heridas,51,7,no
historiador,51,11,no
hollywood,51,9,no
humilde,51,7,no
incidente,51,9,no
jurado,51,6,no
levantó,51,7,no
love,51,4,no
límites,51,7,no
manchas,51,7,no
mecanismo,51,9,no
miami,51,5,no
modernos,51,8,no
naval,51,5,no
nicolás,51,7,no
pena,51,4,no
poblada,51,7,no
reciente,51,8,no
religiosos,51,10,no
representante,51,13,no
rápida,51,6,no
seda,51,4,no
siente,51,6,no
solar,51,5,no
sonidos,51,7,no
suave,51,5,no
sánchez,51,7,no
tenga,51,5,no
vasco,51,5,no
vegetales,51,9,no
vienen,51,6,no
viviendas,51,9,no
vuelto,51,6,no
abiertos,50,8,no
americana,50,9,no
aprender,50,8,no
asesinato,50,9,no
atraviesa,50,9,no
basta,50,5,no
cabezas,50,7,no
chino,50,5,no
ciudadanos,50,10,no
corrientes,50,10,no
crítico,50,7,no
cuento,50,6,no
dichos,50,6,no
dolores,50,7,no
emplea,50,6,no
empleo,50,6,no
escritora,50,9,no
hacerse,50,7,no
hecha,50,5,no
libres,50,6,no
maestra,50,7,no
marcado,50,7,no
milán,50,5,no
mitología,50,9,no
monedas,50,7,no
nacionalidad,50,12,no
orilla,50,6,no
palma,50,5,no
participantes,50,13,no
pensaba,50,7,no
prefiere,50,8,no
pregunta,50,8,no
procede,50,7,no
restaurante,50,11,no
ruido,50,5,no
selvas,50,6,no
taller,50,6,no
tarea,50,5,no
tendencia,50,9,no
órganos,50,7,no
abundantes,49,10,no
acero,49,5,no
american,49,8,no
asesinado,49,9,no
batallas,49,8,no
campañas,49,8,no
centra,49,6,no
centrales,49,9,no
cubiertas,49,9,no
cuyo,49,4,no
definición,49,10,no
designado,49,9,no
destrucción,49,11,no
dificultad,49,10,no
directora,49,9,no
doctora,49,7,no
dorado,49,6,no
dra,49,3,no
enterrada,49,9,no
expansión,49,9,no
extranjeros,49,11,no
factor,49,6,no
factores,49,8,no
fechas,49,6,no
fuese,49,5,no
habitación,49,10,no
herramientas,49,12,no
ingleses,49,8,no
interpreta,49,10,no
interpretada,49,12,no
lectura,49,7,no
lentamente,49,10,no
licenciatura,49,12,no
mancha,49,6,no
marta,49,5,no
mary,49,4,no
milagro,49,7,no
ojo,49,3,no
ordenó,49,6,no
pensamiento,49,11,no
pescado,49,7,no
presentación,49,12,no
publicados,49,10,no
referencias,49,11,no
rutas,49,5,no
salvar,49,6,no
sexo,49,4,no
sra,49,3,no
terrestres,49,10,no
trataba,49,7,no
turistas,49,8,no
universal,49,9,no
usos,49,4,no
usuario,49,7,no
vientos,49,7,no
vocalista,49,9,no
ábside,49,6,no
abuela,48,6,no
acceder,48,7,no
acepta,48,6,no
algas,48,5,no
altamente,48,9,no
amarillento,48,11,no
antigüedad,48,10,no
aparte,48,6,no
archivos,48,8,no
bar,48,3,no
cajas,48,5,no
canales,48,7,no
canarias,48,8,no
capillas,48,8,no
chilena,48,7,no
coloración,48,10,no
consumo,48,7,no
contar,48,6,no
contexto,48,8,no
correr,48,6,no
cristianos,48,10,no
cueva,48,5,no
cumplir,48,7,no
dame,48,4,no
darle,48,5,no
debería,48,7,no
demócrata,48,9,no
desaparecido,48,12,no
desapareció,48,11,no
desconocido,48,11,no
descubrió,48,9,no
dichas,48,6,no
difusión,48,8,no
disciplina,48,10,no
doña,48,4,no
díaz,48,4,no
ensayos,48,7,no
enseñó,48,6,no
estrecho,48,8,no
feria,48,5,no
firma,48,5,no
formando,48,8,no
gabriel,48,7,no
georgia,48,7,no
gravemente,48,10,no
gusto,48,5,no
habrá,48,5,no
hierbas,48,7,no
homónimo,48,8,no
huir,48,4,no
hábitos,48,7,no
iban,48,4,no
ignacio,48,7,no
incorporó,48,9,no
intención,48,9,no
intentar,48,8,no
interna,48,7,no
iris,48,4,no
irregular,48,9,no
lento,48,5,no
listas,48,6,no
localizada,48,10,no
localizado,48,10,no
lorenzo,48,7,no
maestros,48,8,no
marcos,48,6,no
maria,48,5,no
marruecos,48,9,no
menciona,48,8,no
misa,48,4,no
muro,48,4,no
nacida,48,6,no
notables,48,8,no
orillas,48,7,no
paciente,48,8,no
parecido,48,8,no
pelo,48,4,no
pertenecen,48,10,no
pidió,48,5,no
piensa,48,6,no
plumaje,48,7,no
poema,48,5,no
presidencia,48,11,no
primarios,48,9,no
pájaros,48,7,no
quedado,48,7,no
recepción,48,9,no
regalos,48,7,no
retirado,48,8,no
rosas,48,5,no
sabía,48,5,no
salamanca,48,9,no
servir,48,6,no
taiwán,48,6,no
tanzania,48,8,no
temática,48,8,no
tendría,48,7,no
terrestre,48,9,no
tiro,48,4,no
tony,48,4,no
transmisión,48,11,no
valladolid,48,10,no
ves,48,3,no
violín,48,6,no
voluntad,48,8,no
west,48,4,no
ácido,48,5,no
abadesa,47,7,no
agrupación,47,10,no
ajedrez,47,7,no
alguno,47,6,no
amenaza,47,7,no
anunció,47,7,no
aprendizaje,47,11,no
atenas,47,6,no
ayer,47,4,no
azúcar,47,6,no
bob,47,3,no
borneo,47,6,no
campanario,47,10,no
celebran,47,8,no
cena,47,4,no
circuito,47,8,no
colonial,47,8,no
comienzan,47,9,no
comprar,47,7,no
construyeron,47,12,no
continuaron,47,11,no
cristal,47,7,no
cúpula,47,6,no
debemos,47,7,no
dejado,47,6,no
democracia,47,10,no
derrotado,47,9,no
desarrollar,47,11,no
descrito,47,8,no
deseo,47,5,no
destacados,47,10,no
dictadura,47,9,no
dificultades,47,12,no
digas,47,5,no
diversidad,47,10,no
empleados,47,9,no
enemigos,47,8,no
exclusivamente,47,14,no
extinción,47,9,no
floración,47,9,no
formal,47,6,no
gafas,47,5,no
ganadores,47,9,no
gestiona,47,8,no
habido,47,6,no
habilidad,47,9,no
industrias,47,10,no
inteligencia,47,12,no
intereses,47,9,no
invitados,47,9,no
juana,47,5,no
lema,47,4,no
llamados,47,8,no
lluvias,47,7,no
luchó,47,5,no
marqués,47,7,no
memorias,47,8,no
mirada,47,6,no
moda,47,4,no
multitud,47,8,no
oscura,47,6,no
oído,47,4,no
pasaron,47,7,no
permiten,47,8,no
personalidad,47,12,no
poseía,47,6,no
potencial,47,9,no
profundamente,47,13,no
próxima,47,7,no
páginas,47,7,no
púrpura,47,7,no
quieren,47,7,no
radical,47,7,no
rama,47,4,no
rasgos,47,6,no
rebeldes,47,8,no
reducido,47,8,no
reemplazado,47,11,no
refugio,47,7,no
regularmente,47,12,no
repertorio,47,10,no
representantes,47,14,no
saga,47,4,no
salta,47,5,no
scott,47,5,no
sebastián,47,9,no
senado,47,6,no
sonrisa,47,7,no
sucedido,47,8,no
sudoeste,47,8,no
sufrido,47,7,no
teatrales,47,9,no
telenovela,47,10,no
temperaturas,47,12,no
tocó,47,4,no
tráfico,47,7,no
universitaria,47,13,no
vicepresidente,47,14,no
vieja,47,5,no
alternativa,46,11,no
azules,46,6,no
bachillerato,46,12,no
bases,46,5,no
campus,46,6,no
cantón,46,6,no
cerebro,46,7,no
completó,46,8,no
continua,46,8,no
eligió,46,6,no
empleado,46,8,no
enfermo,46,7,no
entero,46,6,no
especialista,46,12,no
establece,46,9,no
estío,46,5,no
formaron,46,8,no
funcionamiento,46,14,no
incluía,46,7,no
introducción,46,12,no
jackson,46,7,no
legal,46,5,no
licenció,46,8,no
mark,46,4,no
mendoza,46,7,no
militante,46,9,no
millón,46,6,no
mixtas,46,6,no
mostrar,46,7,no
málaga,46,6,no
nido,46,4,no
olor,46,4,no
parada,46,6,no
probable,46,8,no
productora,46,10,no
publicidad,46,10,no
relatos,46,7,no
riqueza,46,7,no
rostro,46,6,no
supone,46,6,no
taylor,46,6,no
teresa,46,6,no
titulado,46,8,no
triunfo,46,7,no
variable,46,8,no
vestido,46,7,no
visitantes,46,10,no
wilson,46,6,no
abiertas,45,8,no
alegre,45,6,no
anualmente,45,10,no
asesino,45,7,no
atletismo,45,9,no
ausencia,45,8,no
cable,45,5,no
campeonatos,45,11,no
capa,45,4,no
clásicos,45,8,no
concentración,45,13,no
conjuntos,45,9,no
consideró,45,9,no
copias,45,6,no
creada,45,6,no
cubre,45,5,no
declaración,45,11,no
descendientes,45,13,no
destacada,45,9,no
diosa,45,5,no
diputados,45,9,no
gral,45,4,no
hacían,45,6,no
herencia,45,8,no
himno,45,5,no
inspiración,45,11,no
integrantes,45,11,no
jaime,45,5,no
jean,45,4,no
jugaron,45,7,no
kong,45,4,no
llamaba,45,7,no
maestría,45,8,no
maneras,45,7,no
mantienen,45,9,no
mike,45,4,no
morales,45,7,no
national,45,8,no
necesidad,45,9,no
nobles,45,6,no
ofrecen,45,7,no
organismo,45,9,no
palacios,45,8,no
sal,45,3,no
serbia,45,6,no
sesiones,45,8,no
solista,45,7,no
toledo,45,6,no
varían,45,6,no
verdadera,45,9,no
víctima,45,7,no
abandonado,44,10,no
acontecimientos,44,15,no
activos,44,7,no
alfonso,44,7,no
all,44,3,no
asuntos,44,7,no
aventura,44,8,no
ayudó,44,5,no
bella,44,5,no
bordo,44,5,no
básicamente,44,11,no
canadiense,44,10,no
cartas,44,6,no
cercanos,44,8,no
cierre,44,6,no
colaborador,44,11,no
columbia,44,8,no
conseguido,44,10,no
continente,44,10,no
criado,44,6,no
crimen,44,6,no
cádiz,44,5,no
descendiente,44,12,no
dieciocho,44,9,no
elegir,44,6,no
emite,44,5,no
escultor,44,8,no
exilio,44,6,no
federico,44,8,no
fiscal,44,6,no
gravedad,44,8,no
haces,44,5,no
hermandad,44,9,no
hoja,44,4,no
inclán,44,6,no
interiores,44,10,no
joaquín,44,7,no
láser,44,5,no
madagascar,44,10,no
max,44,3,no
mediocampista,44,13,no
modos,44,5,no
museos,44,6,no
máquina,44,7,no
máquinas,44,8,no
múnich,44,6,no
naciones,44,8,no
ocasionalmente,44,14,no
olímpico,44,8,no
partida,44,7,no
peor,44,4,no
preguntas,44,9,no
quizá,44,5,no
rebelión,44,8,no
rivera,44,6,no
seca,44,4,no
seguía,44,6,no
seres,44,5,no
sesenta,44,7,no
sexos,44,5,no
temprano,44,8,no
teniendo,44,8,no
versos,44,6,no
útil,44,4,no
agustín,43,7,no
amores,43,6,no
anual,43,5,no
black,43,5,no
bulgaria,43,8,no
catalán,43,7,no
claramente,43,10,no
combinación,43,11,no
concursos,43,9,no
conservatorio,43,13,no
desconocida,43,11,no
embajador,43,9,no
empresario,43,10,no
esclavos,43,8,no
esquina,43,7,no
eventualmente,43,13,no
evidente,43,8,no
exitosa,43,7,no
finlandia,43,9,no
fría,43,4,no
hago,43,4,no
harvard,43,7,no
huyó,43,4,no
incluyó,43,7,no
informe,43,7,no
japonesa,43,8,no
larvas,43,6,no
mantenimiento,43,13,no
mayormente,43,10,no
mercedes,43,8,no
mármol,43,6,no
necesitan,43,9,no
novio,43,5,no
ocupado,43,7,no
oferta,43,6,no
oportunidades,43,13,no
perteneciente,43,13,no
platos,43,6,no
portal,43,6,no
profesores,43,10,no
profunda,43,8,no
prácticas,43,9,no
raramente,43,9,no
regalo,43,6,no
reparto,43,7,no
rusos,43,5,no
solía,43,5,no
steve,43,5,no
tensión,43,7,no
terminales,43,10,no
tomás,43,5,no
tratar,43,6,no
visible,43,7,no
árabes,43,6,no
actúa,42,5,no
alimento,42,8,no
asumió,42,6,no
añadió,42,6,no
cierra,42,6,no
condenado,42,9,no
conquista,42,9,no
conservador,42,11,no
cuartel,42,7,no
cubiertos,42,9,no
dada,42,4,no
daño,42,4,no
encontraban,42,11,no
ensayo,42,6,no
entrenamiento,42,13,no
esteban,42,7,no
exteriores,42,10,no
extraño,42,7,no
filas,42,5,no
flujo,42,5,no
fortuna,42,7,no
fotos,42,5,no
ganando,42,7,no
hernández,42,9,no
hipótesis,42,9,no
individual,42,10,no
instaló,42,7,no
intenso,42,7,no
italianos,42,9,no
labores,42,7,no
laos,42,4,no
licenciada,42,10,no
llegando,42,8,no
lograr,42,6,no
mercados,42,8,no
minerales,42,9,no
miss,42,4,no
montes,42,6,no
moreno,42,6,no
móvil,42,5,no
nuestras,42,8,no
organismos,42,10,no
organizado,42,10,no
perfil,42,6,no
preparación,42,11,no
rechazó,42,7,no
registros,42,9,no
reputación,42,10,no
reseñas,42,7,no
restauración,42,12,no
saben,42,5,no
salido,42,6,no
segura,42,6,no
sexto,42,5,no
siguiendo,42,9,no
sirven,42,6,no
sobrevivir,42,10,no
templos,42,7,no
típica,42,6,no
uniforme,42,8,no
visitas,42,7,no
ala,41,3,no
alfredo,41,7,no
ama,41,3,no
aparecieron,41,11,no
apoyó,41,5,no
auto,41,4,no
basílica,41,8,no
ben,41,3,no
bill,41,4,no
birmania,41,8,no
buque,41,5,no
buscando,41,8,no
campamento,41,10,no
candidatos,41,10,no
cercanías,41,9,no
cristiano,41,9,no
cruzar,41,6,no
cuadros,41,7,no
definitiva,41,10,no
diciendo,41,8,no
dúo,41,3,no
elegidos,41,8,no
elenco,41,6,no
empezaron,41,9,no
entradas,41,8,no
envió,41,5,no
espalda,41,7,no
españolas,41,9,no
espectáculos,41,12,no
explotación,41,11,no
gama,41,4,no
graves,41,6,no
guadalajara,41,11,no
hierba,41,6,no
impresión,41,9,no
incluir,41,7,no
johnson,41,7,no
leonor,41,6,no
limitada,41,8,no
llamar,41,6,no
lobo,41,4,no
líquido,41,7,no
medidas,41,7,no
modernas,41,8,no
ochenta,41,7,no
permanecer,41,10,no
peruano,41,7,no
pilar,41,5,no
pobres,41,6,no
podrían,41,7,no
positiva,41,8,no
potencia,41,8,no
pro,41,3,no
profundas,41,9,no
recibida,41,8,no
relacionado,41,11,no
residencial,41,11,no
restaurantes,41,12,no
royal,41,5,no
ruedas,41,6,no
subtropical,41,11,no
toronto,41,7,no
trama,41,5,no
trofeo,41,6,no
usados,41,6,no
variantes,41,9,no
viajar,41,6,no
vientre,41,7,no
virginia,41,8,no
únicos,41,6,no
aldea,40,5,no
alex,40,4,no
anda,40,4,no
angola,40,6,no
anuales,40,7,no
apariciones,40,11,no
asturias,40,8,no
asunción,40,8,no
atlántico,40,9,no
aumento,40,7,no
aventuras,40,9,no
bolívar,40,7,no
bordes,40,6,no
cambridge,40,9,no
capturado,40,9,no
católicos,40,9,no
cerrada,40,7,no
clasificado,40,11,no
colonias,40,8,no
colorado,40,8,no
comenzar,40,8,no
compleja,40,8,no
composiciones,40,13,no
conducir,40,8,no
considerados,40,12,no
construcciones,40,14,no
contribuyó,40,10,no
convirtieron,40,12,no
coral,40,5,no
correo,40,6,no
creador,40,7,no
creer,40,5,no
cuadra,40,6,no
cualquiera,40,10,no
cuartos,40,7,no
cuevas,40,6,no
cumpleaños,40,10,no
daba,40,4,no
deciden,40,7,no
dejando,40,7,no
deportivos,40,10,no
depresión,40,9,no
desea,40,5,no
determinar,40,10,no
diarios,40,7,no
difíciles,40,9,no
dirigir,40,7,no
diseños,40,7,no
disney,40,6,no
drama,40,5,no
educado,40,7,no
embarazada,40,10,no
enfoque,40,7,no
escenarios,40,10,no
esfuerzo,40,8,no
especializado,40,13,no
europeas,40,8,no
evidencia,40,9,no
exitoso,40,7,no
extremos,40,8,no
faro,40,4,no
florencia,40,9,no
frank,40,5,no
frase,40,5,no
generaciones,40,12,no
giras,40,5,no
hall,40,4,no
haremos,40,7,no
hill,40,4,no
huevo,40,5,no
industriales,40,12,no
infantería,40,10,no
informes,40,8,no
iniciativa,40,10,no
inmediato,40,9,no
intentos,40,8,no
lanza,40,5,no
lesiones,40,8,no
leyendas,40,8,no
literarios,40,10,no
margarita,40,9,no
medallas,40,8,no
mejorar,40,7,no
mencionado,40,10,no
militó,40,6,no
mirar,40,5,no
moral,40,5,no
muestras,40,8,no
musulmanes,40,10,no
mínimo,40,6,no
narrativa,40,9,no
normas,40,6,no
north,40,5,no
observar,40,8,no
ocupación,40,9,no
olas,40,4,no
oscuras,40,7,no
pago,40,4,no
participan,40,10,no
paulo,40,5,no
pelos,40,5,no
perennes,40,8,no
periodistas,40,11,no
pianista,40,8,no
piernas,40,7,no
pistas,40,6,no
placa,40,5,no
precio,40,6,no
propietario,40,11,no
puebla,40,6,no
recuperación,40,12,no
relato,40,6,no
retrato,40,7,no
river,40,5,no
rodaje,40,6,no
rurales,40,7,no
selecciones,40,11,no
sepultado,40,9,no
siquiera,40,8,no
soledad,40,7,no
soporte,40,7,no
sustituido,40,10,no
sábado,40,6,no
tonos,40,5,no
trigo,40,5,no
ucrania,40,7,no
usó,40,3,no
variada,40,7,no
venganza,40,8,no
videojuego,40,10,no
visitar,40,7,no
visual,40,6,no
volcán,40,6,no
acompaña,39,8,no
actitud,39,7,no
adquirió,39,8,no
afirma,39,6,no
alonso,39,6,no
altitud,39,7,no
artificial,39,10,no
artillería,39,10,no
autora,39,6,no
bailar,39,6,no
ballet,39,6,no
beach,39,5,no
beber,39,5,no
big,39,3,no
bomba,39,5,no
botánica,39,8,no
caballería,39,10,no
cambia,39,6,no
catalina,39,8,no
caudal,39,6,no
causó,39,5,no
cerdo,39,5,no
chris,39,5,no
circunstancias,39,14,no
coches,39,6,no
colabora,39,8,no
comentarios,39,11,no
componente,39,10,no
consecuencias,39,13,no
contemporánea,39,13,no
contienda,39,9,no
crecer,39,6,no
cristianismo,39,12,no
crucero,39,7,no
crustáceos,39,10,no
cráteres,39,8,no
culpable,39,8,no
davis,39,5,no
debían,39,6,no
define,39,6,no
demostró,39,8,no
descansan,39,9,no
dueño,39,5,no
elaboración,39,11,no
electrónica,39,11,no
elizabeth,39,9,no
escamas,39,7,no
esculturas,39,10,no
esfuerzos,39,9,no
establecido,39,11,no
establecieron,39,13,no
excepción,39,9,no
extensa,39,7,no
extremadamente,39,14,no
famosos,39,7,no
favorito,39,8,no
fiel,39,4,no
formaba,39,7,no
grabados,39,8,no
grave,39,5,no
green,39,5,no
griegos,39,7,no
gráfico,39,7,no
guayana,39,7,no
habana,39,6,no
hechas,39,6,no
hong,39,4,no
implica,39,7,no
importa,39,7,no
incluida,39,8,no
independientes,39,14,no
infierno,39,8,no
intervención,39,12,no
jornada,39,7,no
lanzada,39,7,no
latino,39,6,no
ligas,39,5,no
ligero,39,6,no
literario,39,9,no
llamadas,39,8,no
lucas,39,5,no
lágrimas,39,8,no
líderes,39,7,no
manga,39,5,no
marinos,39,7,no
marquesa,39,8,no
mayordomo,39,9,no
navegación,39,10,no
obtenido,39,8,no
ornamental,39,10,no
pacientes,39,9,no
parecían,39,8,no
pared,39,5,no
personales,39,10,no
pienso,39,6,no
plástico,39,8,no
pontificia,39,10,no
presentaciones,39,14,no
prima,39,5,no
prisa,39,5,no
protegido,39,9,no
puentes,39,7,no
punk,39,4,no
pálido,39,6,no
querido,39,7,no
recientes,39,9,no
rector,39,6,no
responsabilidad,39,15,no
rival,39,5,no
rodeada,39,7,no
rol,39,3,no
sabemos,39,7,no
secas,39,5,no
semi,39,4,no
sencilla,39,8,no
sensación,39,9,no
sentencia,39,9,no
separados,39,9,no
siria,39,5,no
situaciones,39,11,no
sociedades,39,10,no
supervivencia,39,13,no
suyo,39,4,no
territorial,39,11,no
tradicionalmente,39,16,no
tuve,39,4,no
variaciones,39,11,no
vega,39,4,no
virus,39,5,no
vivienda,39,8,no
volvieron,39,9,no
walter,39,6,no
anotó,38,5,no
argelia,38,7,no
arrestado,38,9,no
arroyos,38,7,no
autobuses,38,9,no
bilbao,38,6,no
bonita,38,6,no
brillantes,38,10,no
cadenas,38,7,no
camiseta,38,8,no
carbón,38,6,no
castaño,38,7,no
causar,38,6,no
cliente,38,7,no
corredor,38,8,no
cristales,38,9,no
cráneo,38,6,no
cultiva,38,7,no
cumbre,38,6,no
descripción,38,11,no
diseñada,38,8,no
dominante,38,9,no
dormido,38,7,no
ejercicio,38,9,no
elena,38,5,no
errores,38,7,no
estará,38,6,no
extendió,38,8,no
felices,38,7,no
filmada,38,7,no
ford,38,4,no
fragmentos,38,10,no
fundada,38,7,no
grabar,38,6,no
huye,38,4,no
lesión,38,6,no
licencia,38,8,no
mampostería,38,11,no
mantenido,38,9,no
marfil,38,6,no
mente,38,5,no
moneda,38,6,no
monja,38,5,no
observa,38,7,no
pasando,38,7,no
pionero,38,7,no
prado,38,5,no
procedimiento,38,13,no
productores,38,11,no
produjeron,38,10,no
pude,38,4,no
quedando,38,8,no
quizás,38,6,no
regimiento,38,10,no
reloj,38,5,no
rescate,38,7,no
sacristía,38,9,no
segundos,38,8,no
separadas,38,9,no
solos,38,5,no
supuesto,38,8,no
tomando,38,7,no
tripulación,38,11,no
vidrio,38,6,no
vocación,38,8,no
world,38,5,no
yucatán,38,7,no
abandono,37,8,no
acaban,37,6,no
adicional,37,9,no
alexander,37,9,no
amante,37,6,no
ancho,37,5,no
aquellas,37,8,no
atractivo,37,9,no
brian,37,5,no
cantando,37,8,no
cantantes,37,9,no
celebrar,37,8,no
cerveza,37,7,no
claras,37,6,no
combates,37,8,no
controversia,37,12,no
delgado,37,7,no
derrotó,37,7,no
discurso,37,8,no
escalera,37,8,no
especializada,37,13,no
específico,37,10,no
estrategia,37,10,no
experiencias,37,12,no
extra,37,5,no
facilidad,37,9,no
fragata,37,7,no
fusión,37,6,no
galicia,37,7,no
ghana,37,5,no
habitan,37,7,no
illinois,37,8,no
ingresos,37,8,no
liberado,37,8,no
llamas,37,6,no
mantuvieron,37,11,no
miller,37,6,no
monumentos,37,10,no
occidente,37,9,no
olímpicos,37,9,no
particulares,37,12,no
pasta,37,5,no
regla,37,5,no
reproducción,37,12,no
resolver,37,8,no
resultaron,37,10,no
santander,37,9,no
sorpresa,37,8,no
sucesor,37,7,no
tigre,37,5,no
tokio,37,5,no
trae,37,4,no
vistas,37,6,no
voto,37,4,no
administrativa,36,14,no
atracción,36,9,no
aumenta,36,7,no
cartagena,36,9,no
cobertura,36,9,no
completar,36,9,no
conocimientos,36,13,no
constituyen,36,11,no
culturas,36,8,no
cámaras,36,7,no
descenso,36,8,no
desnudos,36,8,no
dirigente,36,9,no
estable,36,7,no
estatus,36,7,no
extrañas,36,8,no
gales,36,5,no
gatos,36,5,no
geografía,36,9,no
hormigón,36,8,no
incorpora,36,9,no
instalación,36,11,no
intensa,36,7,no
jersey,36,6,no
latina,36,6,no
magia,36,5,no
massachusetts,36,13,no
ministros,36,9,no
pakistán,36,8,no
pendiente,36,9,no
permanecen,36,10,no
pino,36,4,no
pobreza,36,7,no
polvo,36,5,no
portero,36,7,no
precisamente,36,12,no
protegida,36,9,no
ramírez,36,7,no
rayo,36,4,no
redactor,36,8,no
refleja,36,7,no
relacionadas,36,12,no
rocosas,36,7,no
romero,36,6,no
semilla,36,7,no
sergio,36,6,no
tantos,36,6,no
tenis,36,5,no
tranquilo,36,9,no
unirse,36,6,no
valparaíso,36,10,no
veinticuatro,36,12,no
vertical,36,8,no
volúmenes,36,9,no
aerolínea,35,9,no
afganistán,35,10,no
afluente,35,8,no
amarilla,35,8,no
amarillas,35,9,no
animación,35,9,no
anti,35,4,no
anuncios,35,8,no
aparentemente,35,13,no
apoyado,35,7,no
asunto,35,6,no
bajista,35,7,no
bandos,35,6,no
bernardo,35,8,no
borda,35,5,no
cantidades,35,10,no
característico,35,14,no
caribe,35,6,no
cirugía,35,7,no
claros,35,6,no
clasificó,35,9,no
colón,35,5,no
conocieron,35,10,no
costumbres,35,10,no
culpa,35,5,no
cumplió,35,7,no
desemboca,35,9,no
detalle,35,7,no
diablo,35,6,no
dorso,35,5,no
elegida,35,7,no
elige,35,5,no
emergencia,35,10,no
escasos,35,7,no
establecer,35,10,no
frescos,35,7,no
fórmula,35,7,no
grisáceo,35,8,no
hará,35,4,no
hermosa,35,7,no
indias,35,6,no
individuo,35,9,no
instante,35,8,no
interpretar,35,11,no
luces,35,5,no
magdalena,35,9,no
marinas,35,7,no
memorial,35,8,no
meridional,35,10,no
mierda,35,6,no
misterio,35,8,no
mozambique,35,10,no
necesaria,35,9,no
niñas,35,5,no
nominado,35,8,no
octavo,35,6,no
orejas,35,6,no
orientación,35,11,no
pareció,35,7,no
patria,35,6,no
plazo,35,5,no
practica,35,8,no
prestigio,35,9,no
pájaro,35,6,no
quedar,35,6,no
racimos,35,7,no
reducir,35,7,no
registrado,35,10,no
renacimiento,35,12,no
representar,35,11,no
residió,35,7,no
respeto,35,7,no
revela,35,6,no
seguidores,35,10,no
sentí,35,5,no
socio,35,5,no
sube,35,4,no
sumatra,35,7,no
tantas,35,6,no
víctor,35,6,no
abuelos,34,7,no
aluminio,34,8,no
amateur,34,7,no
anillo,34,6,no
apodo,34,5,no
argumento,34,9,no
arquitectos,34,11,no
arroz,34,5,no
arzobispo,34,9,no
asentamiento,34,12,no
avance,34,6,no
bello,34,5,no
biología,34,8,no
catedrático,34,11,no
cenizas,34,7,no
circulación,34,11,no
complejos,34,9,no
conflictos,34,10,no
consejero,34,9,no
considerar,34,10,no
crecen,34,6,no
crecido,34,7,no
diecisiete,34,10,no
digo,34,4,no
distinta,34,8,no
east,34,4,no
encarcelado,34,11,no
enlace,34,6,no
entera,34,6,no
escasas,34,7,no
esencial,34,8,no
estreno,34,7,no
euros,34,5,no
eva,34,3,no
expertos,34,8,no
extraña,34,7,no
felicidad,34,9,no
filial,34,6,no
fábricas,34,8,no
ganas,34,5,no
ginebra,34,7,no
gobiernos,34,9,no
guionista,34,9,no
indígena,34,8,no
ingredientes,34,12,no
integración,34,11,no
introdujo,34,9,no
islam,34,5,no
jinetes,34,7,no
joder,34,5,no
judío,34,5,no
logrado,34,7,no
nacieron,34,8,no
nervioso,34,8,no
nuclear,34,7,no
ocupar,34,6,no
ordenador,34,9,no
penal,34,5,no
perfectamente,34,13,no
permiso,34,7,no
post,34,4,no
quedaba,34,7,no
quito,34,5,no
raúl,34,4,no
reciben,34,7,no
reconoce,34,8,no
reconocidos,34,11,no
reuniones,34,9,no
rugby,34,5,no
saberlo,34,7,no
salto,34,5,no
secundario,34,10,no
silla,34,5,no
simón,34,5,no
sucede,34,6,no
tocando,34,7,no
tomaron,34,7,no
traducido,34,9,no
usadas,34,6,no
venecia,34,7,no
videoclip,34,9,no
alumno,33,6,no
argentinos,33,10,no
arqueológico,33,12,no
asociada,33,8,no
augusto,33,7,no
biblia,33,6,no
buques,33,6,no
básicos,33,7,no
catalana,33,8,no
coger,33,5,no
cohete,33,6,no
confusión,33,9,no
consideraba,33,11,no
definitivamente,33,15,no
democrático,33,11,no
descubrimiento,33,14,no
dispositivo,33,11,no
distribuida,33,11,no
editado,33,7,no
ejerce,33,6,no
enseguida,33,9,no
espejo,33,6,no
estrecha,33,8,no
etiopía,33,7,no
experimentos,33,12,no
firme,33,5,no
fundamentalmente,33,16,no
funeral,33,7,no
ganaron,33,7,no
geográfica,33,10,no
granito,33,7,no
guarda,33,6,no
houston,33,7,no
hueso,33,5,no
investigadores,33,14,no
java,33,4,no
mallorca,33,8,no
misterioso,33,10,no
mongolia,33,8,no
mons,33,4,no
mundiales,33,9,no
murcia,33,6,no
nudos,33,5,no
opciones,33,8,no
organizó,33,8,no
perspectiva,33,11,no
plataformas,33,11,no
podrá,33,5,no
precisa,33,7,no
prisionero,33,10,no
prof,33,4,no
profundidad,33,11,no
propone,33,7,no
racing,33,6,no
realización,33,11,no
renunció,33,8,no
representada,33,12,no
requieren,33,9,no
reservas,33,8,no
respuestas,33,10,no
rojos,33,5,no
sabanas,33,7,no
salen,33,5,no
sofía,33,5,no
star,33,4,no
super,33,5,no
supremo,33,7,no
símbolos,33,8,no
terror,33,6,no
toman,33,5,no
tranquila,33,9,no
turística,33,9,no
valles,33,6,no
victorias,33,9,no
viejas,33,6,no
votos,33,5,no
abandonada,32,10,no
acaso,32,5,no
acogida,32,7,no
acusado,32,7,no
aficionado,32,10,no
aficionados,32,11,no
alturas,32,7,no
anna,32,4,no
atribuye,32,8,no
automóviles,32,11,no
bandadas,32,8,no
barba,32,5,no
bautista,32,8,no
baño,32,4,no
británicas,32,10,no
burgos,32,6,no
caliza,32,6,no
carnaval,32,8,no
cereales,32,8,no
chicas,32,6,no
cima,32,4,no
ciudadano,32,9,no
colombiano,32,10,no
comienzos,32,9,no
compite,32,7,no
componen,32,8,no
compromiso,32,10,no
contenidos,32,10,no
correcto,32,8,no
correspondiente,32,15,no
creencias,32,9,no
cristina,32,8,no
croacia,32,7,no
cuerda,32,6,no
cuestiones,32,10,no
cálido,32,6,no
defendió,32,8,no
dejaron,32,7,no
densidad,32,8,no
departamentos,32,13,no
desaparece,32,10,no
desaparecer,32,11,no
descanso,32,8,no
destruida,32,9,no
dinosaurio,32,10,no
dioses,32,6,no
dramático,32,9,no
ducado,32,6,no
elevada,32,7,no
elevado,32,7,no
eliminado,32,9,no
empate,32,6,no
encontrados,32,11,no
entertainment,32,13,no
escribiendo,32,11,no
escuchar,32,8,no
estrechamente,32,13,no
existía,32,7,no
extranjeras,32,11,no
fantasma,32,8,no
fases,32,5,no
fiebre,32,6,no
filme,32,5,no
forestal,32,8,no
foto,32,4,no
fué,32,3,no
gallego,32,7,no
gigante,32,7,no
gratuita,32,8,no
grises,32,6,no
grueso,32,6,no
gustavo,32,7,no
hablado,32,7,no
hagan,32,5,no
hagas,32,5,no
house,32,5,no
huerto,32,6,no
ideología,32,9,no
incendio,32,8,no
inestable,32,9,no
inspirada,32,9,no
integra,32,7,no
integrante,32,10,no
intercambio,32,11,no
invertebrados,32,13,no
investigador,32,12,no
invitada,32,8,no
iremos,32,6,no
juniors,32,7,no
jurisdicción,32,12,no
lana,32,4,no
levanta,32,7,no
lic,32,3,no
linda,32,5,no
lisboa,32,6,no
llanura,32,7,no
llevo,32,5,no
llorar,32,6,no
localización,32,12,no
luisa,32,5,no
lógica,32,6,no
malas,32,5,no
marcada,32,7,no
masculino,32,9,no
medina,32,6,no
meseta,32,6,no
meta,32,4,no
mide,32,4,no
muerta,32,6,no
negativas,32,9,no
nidos,32,5,no
niñez,32,5,no
núcleos,32,7,no
obligado,32,8,no
obrero,32,6,no
oral,32,4,no
paloma,32,6,no
paralelamente,32,13,no
parcial,32,7,no
parientes,32,9,no
parques,32,7,no
períodos,32,8,no
pilares,32,7,no
plana,32,5,no
plazas,32,6,no
pleno,32,5,no
pobladores,32,10,no
poetas,32,6,no
portuguesa,32,10,no
probar,32,6,no
prominente,32,10,no
propuesto,32,9,no
protagonistas,32,13,no
psicología,32,10,no
realizando,32,10,no
rebelde,32,7,no
recoge,32,6,no
recuperó,32,8,no
redacción,32,9,no
reformas,32,8,no
remonta,32,7,no
restantes,32,9,no
retiro,32,6,no
rodrigo,32,7,no
ross,32,4,no
roto,32,4,no
rueda,32,5,no
salsa,32,5,no
sara,32,4,no
secuela,32,7,no
sentir,32,6,no
sentía,32,6,no
separa,32,6,no
separación,32,10,no
sexta,32,5,no
señales,32,7,no
signo,32,5,no
silva,32,5,no
simboliza,32,9,no
situados,32,8,no
sociología,32,10,no
socorro,32,7,no
street,32,6,no
subir,32,5,no
suceso,32,6,no
sueños,32,6,no
sufre,32,5,no
superar,32,7,no
tareas,32,6,no
tendremos,32,9,no
terrible,32,8,no
testigo,32,7,no
tonto,32,5,no
toros,32,5,no
trató,32,5,no
trazado,32,7,no
vendrá,32,6,no
viaja,32,5,no
videojuegos,32,11,no
viernes,32,7,no
vivido,32,6,no
zamora,32,6,no
ácidos,32,6,no
álvarez,32,7,no
ángulo,32,6,no
óscar,32,5,no
abandona,31,8,no
absoluta,31,8,no
accede,31,6,no
alcohol,31,7,no
aleta,31,5,no
aliados,31,7,no
amanecer,31,8,no
amo,31,3,no
arenas,31,6,no
armenia,31,7,no
asalto,31,6,no
barca,31,5,no
belgrano,31,8,no
bicicleta,31,9,no
cables,31,6,no
caracterizan,31,12,no
caras,31,5,no
cardenal,31,8,no
catálogo,31,8,no
celebración,31,11,no
charlie,31,7,no
checa,31,5,no
chocolate,31,9,no
claudio,31,7,no
clientes,31,8,no
colegios,31,8,no
complutense,31,11,no
compró,31,6,no
comunicaciones,31,14,no
conceptos,31,9,no
concluyó,31,8,no
condena,31,7,no
conductor,31,9,no
confianza,31,9,no
consejos,31,8,no
construidos,31,11,no
cooperación,31,11,no
corola,31,6,no
corrió,31,6,no
costeras,31,8,no
costo,31,5,no
cristóbal,31,9,no
cubana,31,6,no
cuchillo,31,8,no
cuesta,31,6,no
cumple,31,6,no
cuándo,31,6,no
depósitos,31,9,no
determinado,31,11,no
discurre,31,8,no
discusión,31,9,no
disposición,31,11,no
dudas,31,5,no
edward,31,6,no
embarazo,31,8,no
emigró,31,6,no
emilio,31,6,no
encargó,31,7,no
enferma,31,7,no
enfrentarse,31,11,no
entender,31,8,no
entidades,31,9,no
entiendo,31,8,no
entrevistas,31,11,no
equilibrio,31,10,no
escaleras,31,9,no
esencialmente,31,13,no
estadounidenses,31,15,no
estaría,31,7,no
estrenó,31,7,no
exacta,31,6,no
explosión,31,9,no
feminista,31,9,no
filósofo,31,8,no
fort,31,4,no
fracasó,31,7,no
fríos,31,5,no
fueran,31,6,no
gimnasio,31,8,no
global,31,6,no
grabada,31,7,no
grand,31,5,no
granja,31,6,no
guiones,31,7,no
hablan,31,6,no
hallan,31,6,no
haz,31,3,no
históricamente,31,14,no
hueco,31,5,no
huelga,31,6,no
hugo,31,4,no
iguales,31,7,no
iniciar,31,7,no
inspirado,31,9,no
integrado,31,9,no
inteligente,31,11,no
interno,31,7,no
inviernos,31,9,no
islandia,31,8,no
joe,31,3,no
kim,31,3,no
laboratorio,31,11,no
lara,31,4,no
laura,31,5,no
lingüística,31,11,no
live,31,4,no
luchar,31,6,no
maniobra,31,8,no
manual,31,6,no
mapa,31,4,no
marchó,31,6,no
mariano,31,7,no
martes,31,6,no
matorral,31,8,no
mediano,31,7,no
mental,31,6,no
merced,31,6,no
merece,31,6,no
municipales,31,11,no
muñoz,31,5,no
nativos,31,7,no
nombrada,31,8,no
nápoles,31,7,no
orientales,31,10,no
ovejas,31,6,no
pase,31,4,no
pensilvania,31,11,no
perdiendo,31,9,no
petróleo,31,8,no
peña,31,4,no
pinos,31,5,no
pintó,31,5,no
piratas,31,7,no
piscina,31,7,no
placas,31,6,no
posibilidades,31,13,no
premier,31,7,no
preparatoria,31,12,no
presidenta,31,10,no
propuso,31,7,no
prosa,31,5,no
protagonizó,31,11,no
proteínas,31,9,no
próximas,31,8,no
quiso,31,5,no
rally,31,5,no
ray,31,3,no
recorre,31,7,no
recurso,31,7,no
regulares,31,9,no
renuncia,31,8,no
rodean,31,6,no
ruiz,31,4,no
sacerdotes,31,10,no
sagrada,31,7,no
signos,31,6,no
silvestre,31,9,no
sobrevivieron,31,13,no
sporting,31,8,no
sucesión,31,8,no
sugiere,31,7,no
suma,31,4,no
sólido,31,6,no
teclado,31,7,no
tejido,31,6,no
tejidos,31,7,no
textura,31,7,no
tiburones,31,9,no
tocado,31,6,no
trabajan,31,8,no
tribus,31,6,no
trinidad,31,8,no
tía,31,3,no
universitarios,31,14,no
utilizadas,31,10,no
valió,31,5,no
variables,31,9,no
variadas,31,8,no
vinos,31,5,no
virtud,31,6,no
visitó,31,6,no
vocales,31,7,no
white,31,5,no
youtube,31,7,no
accidentes,30,10,no
activamente,30,11,no
adam,30,4,no
alicante,30,8,no
andenes,30,7,no
aplica,30,6,no
asociados,30,9,no
automóvil,30,9,no
aviación,30,8,no
ayudante,30,8,no
beca,30,4,no
benito,30,6,no
bodas,30,5,no
bolsa,30,5,no
brevemente,30,10,no
calcio,30,6,no
calma,30,5,no
campana,30,7,no
campanas,30,8,no
capturar,30,8,no
caracteres,30,10,no
celda,30,5,no
celos,30,5,no
colinas,30,7,no
consigo,30,7,no
cubren,30,6,no
cuánto,30,6,no
dedican,30,7,no
denominan,30,9,no
desciende,30,9,no
deuda,30,5,no
diagnóstico,30,11,no
distinguen,30,10,no
dobles,30,6,no
echar,30,5,no
electo,30,6,no
emisión,30,7,no
empiezan,30,8,no
episcopal,30,9,no
estabilidad,30,11,no
estudiando,30,10,no
exacto,30,6,no
favorita,30,8,no
filología,30,9,no
gabinete,30,8,no
gregorio,30,8,no
habitada,30,8,no
heladas,30,7,no
herramienta,30,11,no
historiadores,30,13,no
históricas,30,10,no
indican,30,7,no
japoneses,30,9,no
juntas,30,6,no
kevin,30,5,no
lagunas,30,7,no
legislación,30,11,no
leonardo,30,8,no
liberación,30,10,no
ligera,30,6,no
llegamos,30,8,no
magos,30,5,no
manifestaciones,30,15,no
mecánica,30,8,no
mineral,30,7,no
miró,30,4,no
modalidad,30,9,no
montar,30,6,no
nietos,30,6,no
ofreció,30,7,no
ohio,30,4,no
organiza,30,8,no
oviedo,30,6,no
pantanos,30,8,no
pares,30,5,no
patos,30,5,no
peligroso,30,9,no
perdieron,30,9,no
petición,30,8,no
pintar,30,6,no
popularmente,30,12,no
positivo,30,8,no
preferido,30,9,no
presupuesto,30,11,no
publicar,30,8,no
puesta,30,6,no
rayos,30,5,no
reacciones,30,10,no
realizados,30,10,no
responde,30,8,no
ricos,30,5,no
seleccionado,30,12,no
seria,30,5,no
sub,30,3,no
supuso,30,6,no
templados,30,9,no
temporalmente,30,13,no
titulada,30,8,no
toque,30,5,no
toro,30,4,no
tradiciones,30,11,no
trasladado,30,10,no
uganda,30,6,no
vargas,30,6,no
ventaja,30,7,no
viva,30,4,no
aceptación,29,10,no
adulto,29,6,no
alan,29,4,no
albert,29,6,no
amenazada,29,9,no
andes,29,5,no
arabia,29,6,no
arturo,29,6,no
ascendido,29,9,no
asociaciones,29,12,no
atlanta,29,7,no
autobús,29,7,no
bloques,29,7,no
bradomín,29,8,no
brasileño,29,9,no
brigada,29,7,no
campesinos,29,10,no
casarse,29,7,no
cercanas,29,8,no
científicas,29,11,no
claustro,29,8,no
colaborado,29,10,no
combina,29,7,no
comerciante,29,11,no
compra,29,6,no
concejal,29,8,no
concreto,29,8,no
condujo,29,7,no
consiguieron,29,12,no
constitucional,29,14,no
consuelo,29,8,no
contenía,29,8,no
convención,29,10,no
crónica,29,7,no
cuerdas,29,7,no
decidido,29,8,no
diplomáticas,29,12,no
discográfica,29,12,no
docencia,29,8,no
documentales,29,12,no
duele,29,5,no
edificación,29,11,no
espadaña,29,8,no
espero,29,6,no
esquema,29,7,no
estatuas,29,8,no
falsa,29,5,no
fila,29,4,no
finaliza,29,8,no
financieros,29,11,no
franja,29,6,no
gradualmente,29,12,no
guardián,29,8,no
hallazgos,29,9,no
heredó,29,6,no
herrera,29,7,no
humanas,29,7,no
instrucción,29,11,no
invasión,29,8,no
inversión,29,9,no
jimmy,29,5,no
laderas,29,7,no
limón,29,5,no
mauricio,29,8,no
melodía,29,7,no
metales,29,7,no
monarquía,29,9,no
muebles,29,7,no
murallas,29,8,no
márgenes,29,8,no
nacen,29,5,no
nazi,29,4,no
ocurrir,29,7,no
oliva,29,5,no
ondas,29,5,no
ordenado,29,8,no
parar,29,5,no
patrona,29,7,no
peruana,29,7,no
presidencial,29,12,no
realizadas,29,10,no
representaciones,29,16,no
republicana,29,11,no
reúne,29,5,no
ribera,29,6,no
roger,29,5,no
sam,29,3,no
secretaria,29,10,no
secuencia,29,9,no
são,29,3,no
tradujo,29,7,no
tramos,29,6,no
transición,29,10,no
tratan,29,6,no
típicamente,29,11,no
túnel,29,5,no
united,29,6,no
utilizaba,29,9,no
vacío,29,5,no
variante,29,8,no
vea,29,3,no
vegetal,29,7,no
visitante,29,9,no
viuda,29,5,no
vuela,29,5,no
windows,29,7,no
únicas,29,6,no
abadía,28,6,no
accesible,28,9,no
adiós,28,5,no
agradable,28,9,no
alcanza,28,7,no
anillos,28,7,no
anime,28,5,no
arquero,28,7,no
arreglos,28,8,no
aumentar,28,8,no
bailarina,28,9,no
balneario,28,9,no
bancos,28,6,no
baterista,28,9,no
candidatura,28,11,no
carbono,28,7,no
celular,28,7,no
cervantes,28,9,no
comen,28,5,no
comestibles,28,11,no
comparten,28,9,no
construye,28,9,no
convertiría,28,11,no
coros,28,5,no
cortar,28,6,no
costumbre,28,9,no
dama,28,4,no
declarada,28,9,no
desempeñaba,28,11,no
destinos,28,8,no
diplomático,28,11,no
enfrentamientos,28,15,no
enfrentó,28,8,no
entrevista,28,10,no
espada,28,6,no
espiritual,28,10,no
establecimiento,28,15,no
exactamente,28,11,no
expediciones,28,12,no
explica,28,7,no
externa,28,7,no
fallecimiento,28,13,no
fiera,28,5,no
fino,28,4,no
firmado,28,7,no
formaciones,28,11,no
fox,28,3,no
fresca,28,6,no
funcionarios,28,12,no
goya,28,4,no
grammy,28,6,no
gusanos,28,7,no
gustaba,28,7,no
guyana,28,6,no
harry,28,5,no
hombros,28,7,no
homer,28,5,no
honores,28,7,no
indiana,28,7,no
infantiles,28,10,no
instancia,28,9,no
international,28,13,no
junior,28,6,no
juro,28,4,no
lake,28,4,no
legado,28,6,no
legión,28,6,no
lenta,28,5,no
llano,28,5,no
manuscrito,28,10,no
mares,28,5,no
medir,28,5,no
mejora,28,6,no
mejoras,28,7,no
microsoft,28,9,no
monarca,28,7,no
montanos,28,8,no
nativas,28,7,no
nelson,28,6,no
nobleza,28,7,no
nocturnos,28,9,no
nominada,28,8,no
observaciones,28,13,no
opuestas,28,8,no
pagar,28,5,no
paralelo,28,8,no
ponen,28,5,no
pre,28,3,no
presentaron,28,11,no
progreso,28,8,no
publicadas,28,10,no
puertos,28,7,no
realista,28,8,no
reconoció,28,9,no
rompe,28,5,no
rompió,28,6,no
románico,28,8,no
sentimientos,28,12,no
sir,28,3,no
síntesis,28,8,no
temporales,28,10,no
traición,28,8,no
tratados,28,8,no
tronco,28,6,no
tucumán,28,7,no
vanguardia,28,10,no
venía,28,5,no
vueltas,28,7,no
zambia,28,6,no
abren,27,5,no
adoptó,27,6,no
almirante,27,9,no
amito,27,5,no
anaranjado,27,10,no
angeles,27,7,no
aparato,27,7,no
apartamento,27,11,no
armadas,27,7,no
asentamientos,27,13,no
asistir,27,7,no
aurora,27,6,no
brasileña,27,9,no
brácteas,27,8,no
bóvedas,27,7,no
caballeros,27,10,no
cabina,27,6,no
campeones,27,9,no
carreteras,27,10,no
cerrados,27,8,no
cerró,27,5,no
christopher,27,11,no
ciclismo,27,8,no
clasifican,27,10,no
coalición,27,9,no
compitió,27,8,no
compositores,27,12,no
comunistas,27,10,no
confirmó,27,8,no
conozco,27,7,no
contemporáneo,27,13,no
contratado,27,10,no
crearon,27,7,no
creciendo,27,9,no
cuadrada,27,8,no
decía,27,5,no
desaparición,27,12,no
desarrollan,27,11,no
descendió,27,9,no
detuvo,27,6,no
diputación,27,10,no
discípulo,27,9,no
diseñador,27,9,no
dispositivos,27,12,no
dispuesto,27,9,no
eco,27,3,no
electricidad,27,12,no
electrónicos,27,12,no
enamorada,27,9,no
encontrada,27,10,no
escapa,27,6,no
estando,27,7,no
examen,27,6,no
exhibición,27,10,no
explicación,27,11,no
explicar,27,8,no
fachadas,27,8,no
fantasía,27,8,no
filmado,27,7,no
fui,27,3,no
fundadora,27,9,no
galerías,27,8,no
gonzalo,27,7,no
gracioso,27,8,no
habitaciones,27,12,no
harina,27,6,no
hitler,27,6,no
howard,27,6,no
huesos,27,6,no
humedad,27,7,no
irlandesa,27,9,no
jamaica,27,7,no
jueves,27,6,no
levantar,27,8,no
minería,27,7,no
minuto,27,6,no
moore,27,5,no
mora,27,4,no
nadar,27,5,no
necesidades,27,11,no
necesitamos,27,11,no
nevada,27,6,no
nordeste,27,8,no
notablemente,27,12,no
ocupada,27,7,no
ortiz,27,5,no
oscar,27,5,no
pastor,27,6,no
pastoral,27,8,no
pedir,27,5,no
periodos,27,8,no
pidiendo,27,8,no
platino,27,7,no
polo,27,4,no
ponerse,27,7,no
porcentaje,27,10,no
portavoz,27,8,no
pozo,27,4,no
predomina,27,9,no
presentador,27,11,no
procesión,27,9,no
protestas,27,9,no
provoca,27,7,no
querer,27,6,no
reducida,27,8,no
reemplazó,27,9,no
repente,27,7,no
representó,27,10,no
residentes,27,10,no
retorno,27,7,no
rioja,27,5,no
secretaría,27,10,no
sonrió,27,6,no
sídney,27,6,no
tocaba,27,6,no
transcurre,27,10,no
triangular,27,10,no
tubo,27,4,no
utilizaron,27,10,no
variar,27,6,no
varones,27,7,no
vencedor,27,8,no
vendió,27,6,no
videos,27,6,no
visibles,27,8,no
vivían,27,6,no
yacimientos,27,11,no
órbita,27,6,no
abundan,26,7,no
afectados,26,9,no
ambientes,26,9,no
americanos,26,10,no
anderson,26,8,no
aprendiz,26,8,no
arrecifes,26,9,no
ascendió,26,8,no
asedio,26,6,no
athletic,26,8,no
atleta,26,6,no
austin,26,6,no
autodidacta,26,11,no
autonomía,26,9,no
barra,26,5,no
blue,26,4,no
boys,26,4,no
básica,26,6,no
básico,26,6,no
calla,26,5,no
citado,26,6,no
colo,26,4,no
colombiana,26,10,no
colonos,26,7,no
company,26,7,no
comparte,26,8,no
conservado,26,10,no
construyen,26,10,no
continuo,26,8,no
contribuciones,26,14,no
cubano,26,6,no
cuero,26,5,no
culo,26,4,no
decisiones,26,10,no
delegación,26,10,no
dependencias,26,12,no
descarga,26,8,no
devoción,26,8,no
discográfico,26,12,no
educativo,26,9,no
educó,26,5,no
emisora,26,7,no
emmy,26,4,no
esquinas,26,8,no
estudiantil,26,11,no
excelentes,26,10,no
expresa,26,7,no
extrema,26,7,no
financiera,26,10,no
football,26,8,no
for,26,3,no
funcionario,26,11,no
fundado,26,7,no
gabón,26,5,no
generó,26,6,no
gimnasia,26,8,no
hicimos,26,7,no
hidalgo,26,7,no
hilo,26,4,no
holanda,26,7,no
incluidos,26,9,no
irak,26,4,no
joan,26,4,no
juzgado,26,7,no
kansas,26,6,no
manejo,26,6,no
matrimonios,26,11,no
mediana,26,7,no
mención,26,7,no
mensajes,26,8,no
modificaciones,26,14,no
mozo,26,4,no
muchachos,26,9,no
muralla,26,7,no
mío,26,3,no
móviles,26,7,no
nacer,26,5,no
natación,26,8,no
nepal,26,5,no
norma,26,5,no
observación,26,11,no
oficio,26,6,no
opiniones,26,9,no
ortodoxa,26,8,no
pamplona,26,8,no
paraná,26,6,no
pastizales,26,10,no
pensando,26,8,no
perdone,26,7,no
picos,26,5,no
planos,26,6,no
podio,26,5,no
poseer,26,6,no
predominante,26,12,no
profundos,26,9,no
promover,26,8,no
quede,26,5,no
realismo,26,8,no
rechazo,26,7,no
recomienda,26,10,no
reconstrucción,26,14,no
resolución,26,10,no
riesgos,26,7,no
sabana,26,6,no
sacar,26,5,no
seas,26,4,no
secretos,26,8,no
seguramente,26,11,no
seguros,26,7,no
suena,26,5,no
sufrieron,26,9,no
surgieron,26,9,no
talla,26,5,no
tango,26,5,no
tapa,26,4,no
teatros,26,7,no
telenovelas,26,11,no
terminada,26,9,no
top,26,3,no
trabajaban,26,10,no
trajo,26,5,no
trujillo,26,8,no
unidas,26,6,no
vancouver,26,9,no
vendido,26,7,no
verticales,26,10,no
vídeos,26,6,no
acabado,25,7,no
ancha,25,5,no
apodado,25,7,no
arqueológicos,25,13,no
atacar,25,6,no
añade,25,5,no
brotes,25,6,no
calendario,25,10,no
cantera,25,7,no
caridad,25,7,no
ciudadanía,25,10,no
comisiones,25,10,no
conciencia,25,10,no
conduce,25,7,no
conecta,25,7,no
congresos,25,9,no
criados,25,7,no
criterios,25,9,no
cuantos,25,7,no
damos,25,5,no
deberían,25,8,no
decenas,25,7,no
dedo,25,4,no
defensivo,25,9,no
delgadas,25,8,no
desempeñado,25,11,no
destruido,25,9,no
directores,25,10,no
disputaron,25,10,no
documentación,25,13,no
dorsal,25,6,no
dosis,25,5,no
editó,25,5,no
ejemplar,25,8,no
encarga,25,7,no
enseña,25,6,no
esperando,25,9,no
estelar,25,7,no
estrechas,25,9,no
experto,25,7,no
extendido,25,9,no
fronteras,25,9,no
fuimos,25,6,no
gobernante,25,10,no
gráfica,25,7,no
gráficos,25,8,no
hamburgo,25,8,no
honorario,25,9,no
horizonte,25,9,no
huyeron,25,7,no
ilustraciones,25,13,no
ilustración,25,11,no
imprenta,25,8,no
impulsó,25,7,no
inflorescencia,25,14,no
intensidad,25,10,no
interpretaciones,25,16,no
inusual,25,7,no
lineal,25,6,no
llenas,25,6,no
logros,25,6,no
lunes,25,5,no
matt,25,4,no
monjes,25,6,no
mortal,25,6,no
mudanza,25,7,no
médico,25,6,no
nocturna,25,8,no
odio,25,4,no
ola,25,3,no
oliver,25,6,no
opuesto,25,7,no
organizada,25,10,no
oscuridad,25,9,no
paquete,25,7,no
pasaba,25,6,no
pesada,25,6,no
pintores,25,8,no
planetas,25,8,no
plena,25,5,no
plumas,25,6,no
policial,25,8,no
preciso,25,7,no
preocupación,25,12,no
presa,25,5,no
previa,25,6,no
primitivo,25,9,no
proclamó,25,8,no
provenientes,25,12,no
provienen,25,9,no
pudiera,25,7,no
quinteto,25,8,no
realistas,25,9,no
rechazada,25,9,no
recuerdos,25,9,no
revisión,25,8,no
robin,25,5,no
sesión,25,6,no
significativo,25,13,no
silencioso,25,10,no
singapur,25,8,no
singular,25,8,no
spider,25,6,no
state,25,5,no
suaves,25,6,no
surge,25,5,no
síndrome,25,8,no
teorema,25,7,no
textil,25,6,no
traslado,25,8,no
tribu,25,5,no
trío,25,4,no
turísticos,25,10,no
unánime,25,7,no
uruguayo,25,8,no
vaquero,25,7,no
variados,25,8,no
ventajas,25,8,no
vera,25,4,no
vestigios,25,9,no
volando,25,7,no
abejas,24,6,no
aborto,24,6,no
acabo,24,5,no
acompañó,24,8,no
acudió,24,6,no
acuáticos,24,9,no
adaptada,24,8,no
administrado,24,12,no
adquiere,24,8,no
afecta,24,6,no
afueras,24,7,no
agujero,24,7,no
aislado,24,7,no
albania,24,7,no
alejó,24,5,no
aletas,24,6,no
alpes,24,5,no
alternas,24,8,no
alternativo,24,11,no
amado,24,5,no
amazonas,24,8,no
amplió,24,6,no
andrea,24,6,no
ann,24,3,no
asientos,24,8,no
asistencia,24,10,no
astronomía,24,10,no
astrónomo,24,9,no
atado,24,5,no
audio,24,5,no
aumentó,24,7,no
ausente,24,7,no
australiano,24,11,no
axilares,24,8,no
bajar,24,5,no
balonmano,24,9,no
banderas,24,8,no
basados,24,7,no
basilio,24,7,no
beneficios,24,10,no
besos,24,5,no
bloque,24,6,no
blues,24,5,no
bolsas,24,6,no
bravo,24,5,no
brillo,24,6,no
brooklyn,24,8,no
bruselas,24,8,no
buscó,24,5,no
calderón,24,8,no
camboya,24,7,no
cantaba,24,7,no
captura,24,7,no
carecen,24,7,no
cañones,24,7,no
center,24,6,no
cerrar,24,6,no
chaval,24,6,no
ciclos,24,6,no
cifras,24,6,no
clan,24,4,no
clasificados,24,12,no
clásicas,24,8,no
colectivas,24,10,no
colectivo,24,9,no
colectivos,24,10,no
colina,24,6,no
columnista,24,10,no
cometido,24,8,no
comparado,24,9,no
componer,24,8,no
concedió,24,8,no
concluye,24,8,no
confederación,24,13,no
confirmado,24,10,no
conversión,24,10,no
coreano,24,7,no
creando,24,7,no
crees,24,5,no
creía,24,5,no
criolla,24,7,no
criticado,24,9,no
cuadrados,24,9,no
cáliz,24,5,no
data,24,4,no
defender,24,8,no
definir,24,7,no
deje,24,4,no
delta,24,5,no
deportivas,24,10,no
derivados,24,9,no
desarrollada,24,12,no
describió,24,9,no
descubridor,24,11,no
deseos,24,6,no
despedido,24,9,no
despierta,24,9,no
determina,24,9,no
diecinueve,24,10,no
digitales,24,9,no
disfruta,24,8,no
distancias,24,10,no
distinción,24,10,no
distinto,24,8,no
distribuido,24,11,no
doctoró,24,7,no
doctrina,24,8,no
drogas,24,6,no
dunas,24,5,no
ebro,24,4,no
ejecutado,24,9,no
eliminados,24,10,no
eliminar,24,8,no
emplean,24,7,no
endemismo,24,9,no
enfrentaron,24,11,no
enterrados,24,10,no
entiende,24,8,no
enviada,24,7,no
envía,24,5,no
erosión,24,7,no
escolta,24,7,no
esencia,24,7,no
especímenes,24,11,no
estocolmo,24,9,no
estuve,24,6,no
evidencias,24,10,no
existir,24,7,no
experimental,24,12,no
expone,24,6,no
extendida,24,9,no
falda,24,5,no
femeninas,24,9,no
filadelfia,24,10,no
films,24,5,no
financiero,24,10,no
funcional,24,9,no
funcionar,24,9,no
físicas,24,7,no
ganadora,24,8,no
genial,24,6,no
globo,24,5,no
grabadas,24,8,no
gruesas,24,7,no
guadalupe,24,9,no
guayaquil,24,9,no
gótica,24,6,no
haití,24,5,no
hebreo,24,6,no
hemisferio,24,10,no
herbáceas,24,9,no
hice,24,4,no
higos,24,5,no
hocico,24,6,no
humo,24,4,no
hábito,24,6,no
identificado,24,12,no
igualdad,24,8,no
incluyeron,24,10,no
infraestructura,24,15,no
iniciales,24,9,no
instrucciones,24,13,no
instrumental,24,12,no
integral,24,8,no
intelectuales,24,13,no
intentan,24,8,no
intentando,24,10,no
interesantes,24,12,no
irá,24,3,no
island,24,6,no
jacques,24,7,no
jason,24,5,no
jerarquía,24,9,no
jesuitas,24,8,no
jueces,24,6,no
juegan,24,6,no
lanka,24,5,no
lector,24,6,no
legales,24,7,no
leona,24,5,no
lewis,24,5,no
liberales,24,9,no
liderazgo,24,9,no
ligado,24,6,no
limpio,24,6,no
linaje,24,6,no
listado,24,7,no
literalmente,24,12,no
literarias,24,10,no
liverpool,24,9,no
llegaría,24,8,no
loca,24,4,no
lucía,24,5,no
mapas,24,5,no
maquinaria,24,10,no
marcelo,24,7,no
marte,24,5,no
masas,24,5,no
mascota,24,7,no
mateo,24,5,no
materna,24,7,no
mayoritariamente,24,16,no
medellín,24,8,no
medievales,24,10,no
mediterránea,24,12,no
men,24,3,no
minnesota,24,9,no
mirando,24,7,no
monterrey,24,9,no
monumental,24,10,no
namibia,24,7,no
navarro,24,7,no
negativo,24,8,no
negociaciones,24,13,no
negrita,24,7,no
nocturno,24,8,no
noventa,24,7,no
numerosa,24,8,no
nómadas,24,7,no
obispos,24,7,no
obligatorio,24,11,no
obreros,24,7,no
ocurren,24,7,no
onda,24,4,no
orgánica,24,8,no
oscuros,24,7,no
oso,24,3,no
oxígeno,24,7,no
paciencia,24,9,no
paralímpico,24,11,no
partidario,24,10,no
partículas,24,10,no
pelaje,24,6,no
perfecta,24,8,no
persa,24,5,no
piense,24,6,no
podrán,24,6,no
políticamente,24,13,no
practicar,24,9,no
presas,24,6,no
presentaba,24,10,no
presentarse,24,11,no
presidió,24,8,no
prevenir,24,8,no
primarias,24,9,no
primario,24,8,no
producidas,24,10,no
proyección,24,10,no
publicaron,24,10,no
pura,24,4,no
públicamente,24,12,no
quedo,24,5,no
quiera,24,6,no
radiación,24,9,no
raya,24,4,no
recupera,24,8,no
relativa,24,8,no
restaurado,24,10,no
reunió,24,6,no
reveló,24,6,no
ritmos,24,6,no
romper,24,6,no
romántica,24,9,no
romántico,24,9,no
rosado,24,6,no
rose,24,4,no
saco,24,4,no
sajonia,24,7,no
saltar,24,6,no
salva,24,5,no
salvajes,24,8,no
segmentos,24,9,no
sentado,24,7,no
separada,24,8,no
serrano,24,7,no
servidor,24,8,no
seudónimo,24,9,no
simon,24,5,no
sodio,24,5,no
sonda,24,5,no
soportar,24,8,no
subespecies,24,11,no
sueca,24,5,no
suelta,24,6,no
suicidio,24,8,no
suizo,24,5,no
suárez,24,6,no
tabaco,24,6,no
tanta,24,5,no
tardó,24,5,no
ten,24,3,no
tendencias,24,10,no
traductor,24,9,no
transformación,24,14,no
transformó,24,10,no
transparente,24,12,no
trato,24,5,no
trayecto,24,8,no
tumbas,24,6,no
turno,24,5,no
túnez,24,5,no
unida,24,5,no
unieron,24,7,no
union,24,5,no
urbanos,24,7,no
usaba,24,5,no
utah,24,4,no
valenciana,24,10,no
veintidós,24,9,no
vencido,24,7,no
venció,24,6,no
venezolano,24,10,no
verlo,24,5,no
verso,24,5,no
verá,24,4,no
vestíbulo,24,9,no
vete,24,4,no
viendo,24,6,no
vigente,24,7,no
vigo,24,4,no
vivieron,24,8,no
volvía,24,6,no
ático,24,5,no
óleo,24,4,no
abdomen,23,7,no
abiertamente,23,12,no
abundancia,23,10,no
aceptada,23,8,no
aceptado,23,8,no
aceptar,23,7,no
acercarse,23,9,no
actuando,23,8,no
acústica,23,8,no
adicionalmente,23,14,no
adolfo,23,6,no
adulta,23,6,no
afectado,23,8,no
afirmó,23,6,no
agentes,23,7,no
alba,23,4,no
albacete,23,8,no
aldeas,23,6,no
algodón,23,7,no
algoritmo,23,9,no
ampliar,23,7,no
andaluza,23,8,no
arizona,23,7,no
armamento,23,9,no
arquidiócesis,23,13,no
arquitectónico,23,14,no
asiático,23,8,no
asume,23,5,no
atacado,23,7,no
aterrizaje,23,10,no
atmósfera,23,9,no
avanzada,23,8,no
bala,23,4,no
bando,23,5,no
bebida,23,6,no
bermúdez,23,8,no
bibliotecas,23,11,no
billetes,23,8,no
biografía,23,9,no
birmingham,23,10,no
básicas,23,7,no
caen,23,4,no
cancha,23,6,no
caos,23,4,no
capaces,23,7,no
cariño,23,6,no
carter,23,6,no
cascada,23,7,no
casualidad,23,10,no
cayeron,23,7,no
caña,23,4,no
celebraciones,23,13,no
centenares,23,10,no
chinos,23,6,no
ciclista,23,8,no
ciego,23,5,no
citas,23,5,no
civilización,23,12,no
clasifica,23,9,no
claudia,23,7,no
coincide,23,8,no
colaborar,23,9,no
coloca,23,6,no
comentario,23,10,no
comparación,23,11,no
competencias,23,12,no
competir,23,8,no
concha,23,6,no
congregación,23,12,no
conocía,23,7,no
consiguen,23,9,no
contemporáneos,23,14,no
contento,23,8,no
continuamente,23,13,no
corresponden,23,12,no
cortado,23,7,no
cosecha,23,7,no
creen,23,5,no
criatura,23,8,no
cubrir,23,6,no
curiosidad,23,10,no
cómico,23,6,no
dance,23,5,no
deberá,23,6,no
decirle,23,7,no
decreto,23,7,no
definido,23,8,no
definitivo,23,10,no
delantera,23,9,no
delegado,23,8,no
denominó,23,8,no
dependen,23,8,no
derrotar,23,8,no
desarrollando,23,13,no
desarrollaron,23,13,no
desastre,23,8,no
descubrir,23,9,no
diente,23,6,no
dirigidos,23,9,no
diseñó,23,6,no
disparo,23,7,no
diálogo,23,7,no
dorada,23,6,no
douglas,23,7,no
duero,23,5,no
duras,23,5,no
echa,23,4,no
ecuación,23,8,no
ecuatorial,23,10,no
ejecutados,23,10,no
ejercer,23,7,no
eliminación,23,11,no
emma,23,4,no
encanto,23,7,no
encargada,23,9,no
encargo,23,7,no
erectos,23,7,no
espaciales,23,10,no
establecida,23,11,no
evita,23,5,no
exhibe,23,6,no
existente,23,9,no
existentes,23,10,no
experimento,23,11,no
extremadura,23,11,no
falla,23,5,no
famosas,23,7,no
fans,23,4,no
fantasmas,23,9,no
favorables,23,10,no
fieles,23,6,no
finalizada,23,10,no
finas,23,5,no
franklin,23,8,no
frases,23,6,no
frontal,23,7,no
futura,23,6,no
gary,23,4,no
giro,23,4,no
gobernación,23,11,no
golpes,23,6,no
gordon,23,6,no
graduado,23,8,no
grijalba,23,8,no
guarnición,23,10,no
habituales,23,10,no
hablaba,23,7,no
hans,23,4,no
herbácea,23,8,no
heredero,23,8,no
hermanito,23,9,no
horizontal,23,10,no
humanidad,23,9,no
humanidades,23,11,no
ida,23,3,no
identificar,23,11,no
inflorescencias,23,15,no
influenciado,23,12,no
ingreso,23,7,no
iniciaron,23,9,no
innumerables,23,12,no
inscripciones,23,13,no
inscripción,23,11,no
instalado,23,9,no
integrada,23,9,no
interesó,23,8,no
interfaz,23,8,no
iván,23,4,no
jefes,23,5,no
jim,23,3,no
judiciales,23,10,no
karl,23,4,no
kennedy,23,7,no
laboral,23,7,no
lecciones,23,9,no
legislatura,23,11,no
leo,23,3,no
limitado,23,8,no
litoral,23,7,no
logotipo,23,8,no
lord,23,4,no
lotería,23,7,no
madura,23,6,no
marshall,23,8,no
marítimo,23,8,no
masacre,23,7,no
masiva,23,6,no
matado,23,6,no
matemática,23,10,no
matías,23,6,no
medias,23,6,no
mediodía,23,8,no
mexicanos,23,9,no
mixta,23,5,no
moderado,23,8,no
molino,23,6,no
monstruos,23,9,no
muñecas,23,7,no
napoleón,23,8,no
narrador,23,8,no
necesitaba,23,10,no
nieves,23,6,no
noveno,23,6,no
observatorio,23,12,no
obteniendo,23,10,no
ocupaba,23,7,no
ocurrido,23,8,no
ofensivo,23,8,no
one,23,3,no
operativo,23,9,no
optó,23,4,no
oreja,23,5,no
organizar,23,9,no
orleans,23,7,no
otorga,23,6,no
oyes,23,4,no
pabellón,23,8,no
pacto,23,5,no
palmas,23,6,no
paris,23,5,no
partió,23,6,no
pedirte,23,7,no
percusión,23,9,no
perfecto,23,8,no
permanecieron,23,13,no
permitía,23,8,no
persecución,23,11,no
pescadores,23,10,no
pido,23,4,no
piedad,23,6,no
pierna,23,6,no
plateados,23,9,no
play,23,4,no
plomo,23,5,no
poderoso,23,8,no
posesión,23,8,no
positivos,23,9,no
postura,23,7,no
praga,23,5,no
precedida,23,9,no
precios,23,7,no
precipitaciones,23,15,no
prefectura,23,10,no
presos,23,6,no
privados,23,8,no
prohibido,23,9,no
quedarse,23,8,no
ramal,23,5,no
ramos,23,5,no
receta,23,6,no
recoger,23,7,no
recordado,23,9,no
recordar,23,8,no
recta,23,5,no
recuperado,23,10,no
referente,23,9,no
refuerzos,23,9,no
regresaron,23,10,no
reja,23,4,no
repercusión,23,11,no
repite,23,6,no
residente,23,9,no
respondió,23,9,no
rivalidad,23,9,no
road,23,4,no
rodolfo,23,7,no
rubio,23,5,no
rumania,23,7,no
sales,23,5,no
salinas,23,7,no
sarah,23,5,no
sedes,23,5,no
seguimiento,23,11,no
sellos,23,6,no
sensibilidad,23,12,no
sequía,23,6,no
sexuales,23,8,no
siberia,23,7,no
simpson,23,7,no
sitúan,23,6,no
sobreviven,23,10,no
socialistas,23,11,no
solicitó,23,8,no
solitarias,23,10,no
soluciones,23,10,no
sri,23,3,no
stanford,23,8,no
stephen,23,7,no
suba,23,4,no
subespecie,23,10,no
supongo,23,7,no
sustituyó,23,9,no
tablas,23,6,no
tambor,23,6,no
tasa,23,4,no
templadas,23,9,no
terminaron,23,10,no
terremoto,23,9,no
testigos,23,8,no
tiende,23,6,no
tienden,23,7,no
times,23,5,no
tixul,23,5,no
traducciones,23,12,no
tragedia,23,8,no
trampa,23,6,no
transcurso,23,10,no
traslada,23,8,no
triple,23,6,no
tropel,23,6,no
urbanización,23,12,no
uvas,23,4,no
vapor,23,5,no
veinticinco,23,11,no
vemos,23,5,no
venido,23,6,no
veranos,23,7,no
virrey,23,6,no
viviendo,23,8,no
voleibol,23,8,no
voluntario,23,10,no
voluntarios,23,11,no
votación,23,8,no
zimbabue,23,8,no
águila,23,6,no
álvaro,23,6,no
íntegramente,23,12,no
academy,22,7,no
accesos,22,7,no
acoge,22,5,no
alfabeto,22,8,no
alicia,22,6,no
amarillos,22,9,no
ambiental,22,9,no
ampliación,22,10,no
anne,22,4,no
antologías,22,10,no
antropología,22,12,no
arañas,22,6,no
arenosos,22,8,no
arias,22,5,no
arqueología,22,11,no
asesina,22,7,no
asesinados,22,10,no
asesinatos,22,10,no
ateneo,22,6,no
bachiller,22,9,no
barrera,22,7,no
barro,22,5,no
batman,22,6,no
baños,22,5,no
bebe,22,4,no
boxeo,22,5,no
burdeos,22,7,no
cantó,22,5,no
capas,22,5,no
capturados,22,10,no
caro,22,4,no
centró,22,6,no
certificado,22,11,no
chao,22,4,no
chipre,22,6,no
choque,22,6,no
christian,22,9,no
cintas,22,6,no
circuitos,22,9,no
clark,22,5,no
coge,22,4,no
conforme,22,8,no
consistía,22,9,no
constantemente,22,14,no
corrupción,22,10,no
coruña,22,6,no
costado,22,7,no
cruce,22,5,no
cruza,22,5,no
crónicas,22,8,no
curva,22,5,no
cálidos,22,7,no
debes,22,5,no
declaraciones,22,13,no
decorada,22,8,no
decorados,22,9,no
dedicados,22,9,no
delito,22,6,no
demostrado,22,10,no
derrotados,22,10,no
desarrollados,22,13,no
descrita,22,8,no
detener,22,7,no
dibujante,22,9,no
diccionario,22,11,no
difiere,22,7,no
disciplinas,22,11,no
dividen,22,7,no
dulces,22,6,no
duran,22,5,no
eficaz,22,6,no
elaborado,22,9,no
enseñar,22,7,no
entretenimiento,22,15,no
espectacular,22,12,no
estructural,22,11,no
exclusiva,22,9,no
fabricar,22,8,no
fanáticos,22,9,no
fija,22,4,no
filmación,22,9,no
flash,22,5,no
flauta,22,6,no
francis,22,7,no
franquicia,22,10,no
gemelos,22,7,no
generar,22,7,no
gentil,22,6,no
gerardo,22,7,no
gratuito,22,8,no
gritos,22,6,no
harrison,22,8,no
haría,22,5,no
herida,22,6,no
hidrógeno,22,9,no
hip,22,3,no
hoteles,22,7,no
huecos,22,6,no
huellas,22,7,no
impresionante,22,13,no
impuestos,22,9,no
incierto,22,8,no
inconsciente,22,12,no
influyó,22,7,no
ingenieros,22,10,no
intelectual,22,11,no
iré,22,3,no
isidro,22,6,no
legislativo,22,11,no
limpiar,22,7,no
lincoln,22,7,no
llevaban,22,8,no
locura,22,6,no
logran,22,6,no
luchador,22,8,no
macizo,22,6,no
manuscritos,22,11,no
manzana,22,7,no
marcador,22,8,no
marineros,22,9,no
medicamentos,22,12,no
moderada,22,8,no
moluscos,22,8,no
montañosa,22,9,no
montañosas,22,10,no
montañoso,22,9,no
mortales,22,8,no
moscas,22,6,no
muchacho,22,8,no
muelle,22,6,no
neoclásico,22,10,no
niega,22,5,no
nubes,22,5,no
obligó,22,6,no
observan,22,8,no
paga,22,4,no
pasaría,22,7,no
pastel,22,6,no
pastos,22,6,no
pensó,22,5,no
permanentes,22,11,no
pictures,22,8,no
pluma,22,5,no
polaco,22,6,no
pollo,22,5,no
ponce,22,5,no
praderas,22,8,no
precisión,22,9,no
predominan,22,10,no
prefiero,22,8,no
preparado,22,9,no
presentada,22,10,no
pretende,22,8,no
previsto,22,8,no
procedente,22,10,no
propietarios,22,12,no
proporción,22,10,no
protesta,22,8,no
protocolo,22,9,no
próximos,22,8,no
párpados,22,8,no
queremos,22,8,no
realizaba,22,9,no
realizarse,22,10,no
recolección,22,11,no
recorrer,22,8,no
redujo,22,6,no
relevancia,22,10,no
religiones,22,10,no
renombre,22,8,no
renovación,22,10,no
reproduce,22,9,no
reptiles,22,8,no
respectivamente,22,15,no
resumen,22,7,no
retiraron,22,9,no
rick,22,4,no
rodó,22,4,no
romance,22,7,no
russell,22,7,no
sagrado,22,7,no
salado,22,6,no
salvaje,22,7,no
seamos,22,6,no
secano,22,6,no
secreta,22,7,no
seguida,22,7,no
semejante,22,9,no
significativa,22,13,no
solían,22,6,no
sospechoso,22,10,no
sport,22,5,no
suficientes,22,11,no
sumamente,22,9,no
suprema,22,7,no
surinam,22,7,no
sustancia,22,9,no
tardío,22,6,no
tarjeta,22,7,no
testamento,22,10,no
topónimo,22,8,no
tratando,22,8,no
turba,22,5,no
turcos,22,6,no
usaban,22,6,no
variado,22,7,no
varsovia,22,8,no
vaso,22,4,no
verdoso,22,7,no
vigilancia,22,10,no
vinculado,22,9,no
virtual,22,7,no
volvería,22,8,no
vuelva,22,6,no
ídolo,22,5,no
abad,21,4,no
abandonaron,21,11,no
acuerdos,21,8,no
adams,21,5,no
afición,21,7,no
afirman,21,7,no
africano,21,8,no
aguirre,21,7,no
aliento,21,7,no
altares,21,7,no
andrew,21,6,no
aparcamiento,21,12,no
asegurar,21,8,no
asumir,21,6,no
ataca,21,5,no
balada,21,6,no
botella,21,7,no
bruce,21,5,no
cargas,21,6,no
carrocería,21,10,no
caserío,21,7,no
castellana,21,10,no
causado,21,7,no
celebró,21,7,no
cenar,21,5,no
chalecos,21,8,no
channel,21,7,no
chihuahua,21,9,no
clasificar,21,10,no
claves,21,6,no
comerciantes,21,12,no
comprado,21,8,no
comprender,21,10,no
conformado,21,10,no
confundirse,21,11,no
constituido,21,11,no
construyendo,21,12,no
consumen,21,8,no
continuidad,21,11,no
convencional,21,12,no
convierten,21,10,no
copia,21,5,no
coronada,21,8,no
country,21,7,no
criada,21,6,no
cristianas,21,10,no
cuadrado,21,8,no
cuentas,21,7,no
cómic,21,5,no
das,21,3,no
debo,21,4,no
desconocen,21,10,no
describen,21,9,no
descubierta,21,11,no
dignidad,21,8,no
disminuye,21,9,no
disolución,21,10,no
disponen,21,8,no
divididos,21,9,no
duerme,21,6,no
dylan,21,5,no
ejecutiva,21,9,no
encajan,21,7,no
enormemente,21,11,no
escapó,21,6,no
escolares,21,9,no
escondido,21,9,no
específicas,21,11,no
estribillo,21,10,no
exilió,21,6,no
existían,21,8,no
expulsado,21,9,no
fallecido,21,9,no
femeninos,21,9,no
fibra,21,5,no
fiyi,21,4,no
florales,21,8,no
follaje,21,7,no
fotógrafo,21,9,no
fructifica,21,10,no
funcionan,21,9,no
golf,21,4,no
goza,21,4,no
gramática,21,9,no
grano,21,5,no
guardar,21,7,no
haberse,21,7,no
habló,21,5,no
hockey,21,6,no
hombro,21,6,no
hop,21,3,no
horario,21,7,no
iluminación,21,11,no
impidió,21,7,no
inauguración,21,12,no
indique,21,7,no
interacción,21,11,no
interesado,21,10,no
internas,21,8,no
intervino,21,9,no
irse,21,4,no
jarocho,21,7,no
jurídica,21,8,no
lanzaron,21,8,no
ligada,21,6,no
linares,21,7,no
long,21,4,no
mandó,21,5,no
mate,21,4,no
matemático,21,10,no
mekong,21,6,no
membrana,21,8,no
mito,21,4,no
modificación,21,12,no
morado,21,6,no
mozart,21,6,no
mueve,21,5,no
mánager,21,7,no
máster,21,6,no
míchigan,21,8,no
nudo,21,4,no
núñez,21,5,no
observado,21,9,no
obtienen,21,8,no
occidentales,21,12,no
ofrecer,21,7,no
otomano,21,7,no
pariente,21,8,no
patricia,21,8,no
patrick,21,7,no
paula,21,5,no
pedido,21,6,no
perdón,21,6,no
portadas,21,8,no
presta,21,6,no
procedentes,21,11,no
profesionalmente,21,16,no
promotor,21,8,no
proporcionan,21,12,no
protegidas,21,10,no
provocar,21,8,no
pánico,21,6,no
rastro,21,6,no
ratón,21,5,no
rayas,21,5,no
recetas,21,7,no
rechaza,21,7,no
rechazado,21,9,no
reconocimientos,21,15,no
recto,21,5,no
reduce,21,6,no
relacionada,21,11,no
renunciar,21,9,no
resistentes,21,11,no
rodada,21,6,no
románica,21,8,no
rotación,21,8,no
rumores,21,7,no
semanal,21,7,no
semifinal,21,9,no
sendero,21,7,no
senegal,21,7,no
señores,21,7,no
sintió,21,6,no
sobrevive,21,9,no
sombras,21,7,no
sopa,21,4,no
sospecha,21,8,no
steven,21,6,no
studios,21,7,no
subcampeón,21,10,no
sudán,21,5,no
sujeto,21,6,no
suya,21,4,no
terminan,21,8,no
terry,21,5,no
tim,21,3,no
tinta,21,5,no
transmite,21,9,no
trasera,21,7,no
ubican,21,6,no
valenciano,21,10,no
vela,21,4,no
velas,21,5,no
velasco,21,7,no
vender,21,6,no
veía,21,4,no
viajeros,21,8,no
viejos,21,6,no
vieron,21,6,no
wayne,21,5,no
abandonadas,20,11,no
abarcaba,20,8,no
abrieron,20,8,no
acantilados,20,11,no
actuado,20,7,no
adoptado,20,8,no
afirmación,20,10,no
air,20,3,no
alargada,20,8,no
alcalá,20,6,no
alemanas,20,8,no
alguacil,20,8,no
alice,20,5,no
almacenes,20,9,no
alza,20,4,no
amplios,20,7,no
andy,20,4,no
animada,20,7,no
apoya,20,5,no
arcilla,20,7,no
arequipa,20,8,no
armadura,20,8,no
aroma,20,5,no
aromas,20,6,no
arqueológica,20,12,no
arthur,20,6,no
atlas,20,5,no
bacterias,20,9,no
bailes,20,6,no
baterías,20,8,no
beta,20,4,no
bienvenida,20,10,no
buffy,20,5,no
buscaba,20,7,no
buscado,20,7,no
cadáver,20,7,no
calvo,20,5,no
cansado,20,7,no
casino,20,6,no
caído,20,5,no
charlotte,20,9,no
claridad,20,8,no
clínica,20,7,no
comparada,20,9,no
compartió,20,9,no
compras,20,7,no
conclusión,20,10,no
constantes,20,10,no
construidas,20,11,no
contactos,20,9,no
contaminación,20,13,no
continuaba,20,10,no
contraste,20,9,no
controlado,20,10,no
corporación,20,11,no
cortesía,20,8,no
cortometrajes,20,13,no
creados,20,7,no
creciente,20,9,no
cultivan,20,8,no
curiosamente,20,12,no
cálculo,20,7,no
deberes,20,7,no
declive,20,7,no
dependencia,20,11,no
destinada,20,9,no
detenidos,20,9,no
detroit,20,7,no
dialecto,20,8,no
dieciséis,20,9,no
dimensión,20,9,no
directiva,20,9,no
diseñados,20,9,no
dispara,20,7,no
disparar,20,8,no
disparos,20,8,no
disputar,20,8,no
distingue,20,9,no
dividió,20,7,no
divorcio,20,8,no
domínguez,20,9,no
dramática,20,9,no
duelo,20,5,no
editora,20,7,no
educativa,20,9,no
efectivamente,20,13,no
elsa,20,4,no
emblema,20,7,no
empleada,20,8,no
enfrente,20,8,no
estatales,20,9,no
estrategias,20,11,no
exiliado,20,8,no
existieron,20,10,no
fenómenos,20,9,no
fibras,20,6,no
forest,20,6,no
francesas,20,9,no
fuí,20,3,no
galletas,20,8,no
gallo,20,5,no
genera,20,6,no
genes,20,5,no
gerente,20,7,no
grietas,20,7,no
group,20,5,no
hubiese,20,7,no
identifica,20,10,no
idiota,20,6,no
imparte,20,7,no
insignia,20,8,no
introducida,20,11,no
introducido,20,11,no
inversiones,20,11,no
irregulares,20,11,no
islámico,20,8,no
jonathan,20,8,no
julián,20,6,no
juárez,20,6,no
leipzig,20,7,no
life,20,4,no
llamaban,20,8,no
llamaron,20,8,no
llaves,20,6,no
logo,20,4,no
lóbulos,20,7,no
madrugada,20,9,no
mandíbula,20,9,no
marcharse,20,9,no
mariscal,20,8,no
matriz,20,6,no
mecanismos,20,10,no
mencionan,20,9,no
molina,20,6,no
monos,20,5,no
montenegro,20,10,no
montreal,20,8,no
nick,20,4,no
niebla,20,6,no
nieta,20,5,no
octava,20,6,no
oculto,20,6,no
olimpia,20,7,no
ontario,20,7,no
orientada,20,9,no
pekín,20,5,no
penas,20,5,no
pensado,20,7,no
pesadilla,20,9,no
peñarol,20,7,no
pintado,20,7,no
pistola,20,7,no
plaga,20,5,no
popa,20,4,no
preparados,20,10,no
presidido,20,9,no
preso,20,5,no
press,20,5,no
primitiva,20,9,no
prioridad,20,9,no
proa,20,4,no
prohibida,20,9,no
propuestas,20,10,no
proteger,20,8,no
provenía,20,8,no
prusia,20,6,no
puntuación,20,10,no
queen,20,5,no
químicos,20,8,no
radios,20,6,no
rana,20,4,no
rato,20,4,no
ratones,20,7,no
razas,20,5,no
relevante,20,9,no
remo,20,4,no
repitió,20,7,no
represión,20,9,no
resistente,20,10,no
responsables,20,12,no
resultante,20,10,no
revuelta,20,8,no
rubia,20,5,no
secundarias,20,11,no
serpiente,20,9,no
sicilia,20,7,no
sillería,20,8,no
sobrenombre,20,11,no
somalia,20,7,no
sorpresas,20,9,no
sucesivas,20,9,no
suficientemente,20,15,no
surgen,20,6,no
suspiró,20,7,no
sustancias,20,10,no
sólida,20,6,no
team,20,4,no
tela,20,4,no
tendrán,20,7,no
tituló,20,6,no
trabajaron,20,10,no
trajes,20,6,no
transforma,20,10,no
trasladados,20,11,no
tóxico,20,6,no
uau,20,3,no
ubicadas,20,8,no
unen,20,4,no
usarse,20,6,no
ustedes,20,7,no
vaca,20,4,no
vencer,20,6,no
venezolana,20,10,no
verduras,20,8,no
vimos,20,5,no
ávila,20,5,no
acompañada,19,10,no
activista,19,9,no
acusaciones,19,11,no
administrador,19,13,no
adolescentes,19,12,no
adquirir,19,8,no
aeronave,19,8,no
agregado,19,8,no
alcanzado,19,9,no
amantes,19,7,no
anatomía,19,8,no
angel,19,5,no
aprobación,19,10,no
are,19,3,no
argumentos,19,10,no
arrogancia,19,10,no
arteria,19,7,no
asiste,19,6,no
asistieron,19,10,no
atacaron,19,8,no
atraer,19,6,no
austral,19,7,no
auxiliar,19,8,no
avanza,19,6,no
bart,19,4,no
basal,19,5,no
basan,19,5,no
batallón,19,8,no
baviera,19,7,no
beatriz,19,7,no
belga,19,5,no
billy,19,5,no
bárbara,19,7,no
cairo,19,5,no
caledonia,19,9,no
canela,19,6,no
caníbales,19,9,no
cartel,19,6,no
castigo,19,7,no
castillos,19,9,no
celebrado,19,9,no
chaqueta,19,8,no
cinturón,19,8,no
combatió,19,8,no
concilio,19,8,no
conducta,19,8,no
conexiones,19,10,no
conocemos,19,9,no
consenso,19,8,no
consultor,19,9,no
corriendo,19,9,no
costera,19,7,no
cuadrangular,19,12,no
cualidades,19,10,no
cuarteto,19,8,no
cuál,19,4,no
cátedra,19,7,no
círculos,19,8,no
dale,19,4,no
danubio,19,7,no
daría,19,5,no
declara,19,7,no
decorado,19,8,no
dedicadas,19,9,no
defensores,19,10,no
definió,19,7,no
demuestra,19,9,no
depredadores,19,12,no
descansar,19,9,no
deseado,19,7,no
direcciones,19,11,no
discoteca,19,9,no
disolvió,19,8,no
divina,19,6,no
edwards,19,7,no
electrónico,19,11,no
empresarial,19,11,no
enfrentamiento,19,14,no
enfrentan,19,9,no
entregó,19,7,no
envidia,19,7,no
estadística,19,11,no
estudiado,19,9,no
evolucionó,19,10,no
exclusivo,19,9,no
extracción,19,10,no
ferias,19,6,no
ferroviaria,19,11,no
fichó,19,5,no
finalidad,19,9,no
finalizado,19,10,no
formaban,19,8,no
francesco,19,9,no
gay,19,3,no
google,19,6,no
grant,19,5,no
guitarras,19,9,no
hongos,19,6,no
humedales,19,9,no
húngaro,19,7,no
impactos,19,8,no
incluidas,19,9,no
incluían,19,8,no
inyección,19,9,no
israelí,19,7,no
jerónimo,19,8,no
jinete,19,6,no
jugo,19,4,no
keith,19,5,no
lava,19,4,no
lawrence,19,8,no
lentas,19,6,no
libia,19,5,no
listo,19,5,no
little,19,6,no
llegaban,19,8,no
llevando,19,8,no
london,19,6,no
magistrado,19,10,no
maldonado,19,9,no
marie,19,5,no
marinero,19,8,no
masculina,19,9,no
maya,19,4,no
modesto,19,7,no
murmullo,19,8,no
musulmán,19,8,no
mágico,19,6,no
nacionalista,19,12,no
necesariamente,19,14,no
necrópolis,19,10,no
ocuparon,19,8,no
oficios,19,7,no
olímpica,19,8,no
oración,19,7,no
originarios,19,11,no
otorgó,19,6,no
palermo,19,7,no
panteón,19,7,no
papúa,19,5,no
pastillas,19,9,no
pendientes,19,10,no
pensé,19,5,no
pepe,19,4,no
perdona,19,7,no
perpetua,19,8,no
perry,19,5,no
pesado,19,6,no
pila,19,4,no
pinta,19,5,no
podremos,19,8,no
polaca,19,6,no
power,19,5,no
preocupes,19,9,no
pretendía,19,9,no
promedio,19,8,no
promueve,19,8,no
provinciales,19,12,no
puntas,19,6,no
pálida,19,6,no
pórtico,19,7,no
rabia,19,5,no
radicales,19,9,no
raras,19,5,no
reducción,19,9,no
reinos,19,6,no
reliquias,19,9,no
renacentista,19,12,no
respira,19,7,no
respondí,19,8,no
restringido,19,11,no
retira,19,6,no
revolucionario,19,14,no
rivales,19,7,no
robusto,19,7,no
rocío,19,5,no
ruina,19,5,no
sacrificio,19,10,no
sensible,19,8,no
señorío,19,7,no
siga,19,4,no
significó,19,9,no
sillares,19,8,no
situadas,19,8,no
solitaria,19,9,no
solitarios,19,10,no
stone,19,5,no
tecnológico,19,11,no
tercio,19,6,no
togo,19,4,no
tomada,19,6,no
turco,19,5,no
utilización,19,11,no
valiente,19,8,no
velocidades,19,11,no
ventral,19,7,no
ventura,19,7,no
verte,19,5,no
vestimenta,19,10,no
villas,19,6,no
violeta,19,7,no
virtudes,19,8,no
viste,19,5,no
visuales,19,8,no
ámsterdam,19,9,no
acuáticas,18,9,no
adaptado,18,8,no
adoptaron,18,9,no
agudo,18,5,no
alaska,18,6,no
albergar,18,8,no
alegro,18,6,no
alfred,18,6,no
alzó,18,4,no
andaluz,18,7,no
aníbal,18,6,no
apartado,18,8,no
arbusto,18,7,no
armado,18,6,no
arsenal,18,7,no
ascender,18,8,no
asociadas,18,9,no
atrajo,18,6,no
auge,18,4,no
aumentando,18,10,no
autopista,18,9,no
azotea,18,6,no
añadido,18,7,no
baltimore,18,9,no
bares,18,5,no
barril,18,6,no
bayas,18,5,no
bellos,18,6,no
bolonia,18,7,no
bond,18,4,no
bruno,18,5,no
burro,18,5,no
cabras,18,6,no
camarotes,18,9,no
camina,18,6,no
camión,18,6,no
capacidades,18,11,no
capiteles,18,9,no
carl,18,4,no
caudillo,18,8,no
censura,18,7,no
cilíndrica,18,10,no
clasificaron,18,12,no
coco,18,4,no
comediante,18,10,no
comentó,18,7,no
comestible,18,10,no
comido,18,6,no
complejidad,18,11,no
conformada,18,10,no
conforman,18,9,no
consagró,18,8,no
considerarse,18,12,no
consiguiendo,18,12,no
constancia,18,10,no
constituida,18,11,no
copas,18,5,no
cordero,18,7,no
corral,18,6,no
corro,18,5,no
cumplen,18,7,no
cáceres,18,7,no
danny,18,5,no
debates,18,7,no
decían,18,6,no
defecto,18,7,no
dejaba,18,6,no
delegados,18,9,no
delitos,18,7,no
densa,18,5,no
departamental,18,13,no
depósito,18,8,no
desembocadura,18,13,no
desempeño,18,9,no
despacho,18,8,no
despedida,18,9,no
destinados,18,10,no
destruir,18,8,no
dinámica,18,8,no
discípulos,18,10,no
disfrutar,18,9,no
disputado,18,9,no
distintivo,18,10,no
diámetro,18,8,no
doblaje,18,7,no
dragón,18,6,no
ecología,18,8,no
ecosistema,18,10,no
editores,18,8,no
empezaba,18,8,no
empresarios,18,11,no
encerrado,18,9,no
enlaces,18,7,no
enteras,18,7,no
epidemia,18,8,no
equipamiento,18,12,no
escape,18,6,no
especializa,18,11,no
específicamente,18,15,no
específicos,18,11,no
esqueleto,18,9,no
estadísticas,18,12,no
estricta,18,8,no
estrictamente,18,13,no
etnia,18,5,no
evangelio,18,9,no
excavaciones,18,12,no
excelencia,18,10,no
excepciones,18,11,no
existió,18,7,no
expresar,18,8,no
extensas,18,8,no
externos,18,8,no
extraordinario,18,14,no
feo,18,3,no
ferroviario,18,11,no
filmó,18,5,no
flamenco,18,8,no
fluye,18,5,no
fundaron,18,8,no
galardonado,18,11,no
geometría,18,9,no
glaciar,18,7,no
graduarse,18,9,no
hallado,18,7,no
hamaca,18,6,no
helado,18,6,no
hills,18,5,no
húmeda,18,6,no
ilustre,18,7,no
imaginación,18,11,no
impulso,18,7,no
informática,18,11,no
informó,18,7,no
inmediata,18,9,no
innovación,18,10,no
institute,18,9,no
intentaron,18,10,no
internado,18,9,no
inundaciones,18,12,no
investigar,18,10,no
japonesas,18,9,no
josefa,18,6,no
josep,18,5,no
ladera,18,6,no
lectores,18,8,no
lenguajes,18,9,no
ligeras,18,7,no
llegaba,18,7,no
ltd,18,3,no
lujo,18,4,no
macedonia,18,9,no
malaui,18,6,no
manhattan,18,9,no
manifestación,18,13,no
mariana,18,7,no
mascotas,18,8,no
melilla,18,7,no
melodías,18,8,no
mesas,18,5,no
michel,18,6,no
ministra,18,8,no
monjas,18,6,no
morgan,18,6,no
mosquitos,18,9,no
mountain,18,8,no
mutuamente,18,10,no
narra,18,5,no
naufragio,18,9,no
necesitas,18,9,no
nombrados,18,9,no
normales,18,8,no
off,18,3,no
old,18,3,no
orquídeas,18,9,no
otorgado,18,8,no
out,18,3,no
parecida,18,8,no
partidas,18,8,no
pasada,18,6,no
patatas,18,7,no
perdida,18,7,no
plantilla,18,9,no
plate,18,5,no
plásticas,18,9,no
pongo,18,5,no
porteño,18,7,no
posturas,18,8,no
prefieren,18,9,no
prepara,18,7,no
preside,18,7,no
principado,18,10,no
promocional,18,11,no
promovido,18,9,no
promovió,18,8,no
prosiguió,18,9,no
pulmonar,18,8,no
pusieron,18,8,no
párroco,18,7,no
quedaban,18,8,no
quita,18,5,no
radicó,18,6,no
recuperarse,18,11,no
refugiados,18,10,no
registrada,18,10,no
reparar,18,7,no
respectivos,18,11,no
resuelto,18,8,no
robo,18,4,no
rollo,18,5,no
rondas,18,6,no
roque,18,5,no
rumanía,18,7,no
sabiduría,18,9,no
salazar,18,7,no
saudita,18,7,no
seattle,18,7,no
separaron,18,9,no
servidores,18,10,no
servía,18,6,no
simultáneamente,18,15,no
sucre,18,5,no
sufrir,18,6,no
sufría,18,6,no
tanques,18,7,no
tardía,18,6,no
tarifa,18,6,no
tejado,18,6,no
tolerancia,18,10,no
town,18,4,no
trabajador,18,10,no
transferido,18,11,no
trasladaron,18,11,no
vegas,18,5,no
vende,18,5,no
vendedor,18,8,no
vengan,18,6,no
vengo,18,5,no
verla,18,5,no
violenta,18,8,no
vitoria,18,7,no
vizcaya,18,7,no
will,18,4,no
wisconsin,18,9,no
your,18,4,no
zapatos,18,7,no
abogados,17,8,no
abrazo,17,6,no
acabaron,17,8,no
acusación,17,9,no
afectó,17,6,no
afiliado,17,8,no
alargado,17,8,no
allen,17,5,no
alternativas,17,12,no
amable,17,6,no
amar,17,4,no
ande,17,4,no
angustia,17,8,no
antártida,17,9,no
apareciendo,17,11,no
apasionada,17,10,no
aprieta,17,7,no
aprobada,17,8,no
artificiales,17,12,no
asegura,17,7,no
asiento,17,7,no
atletas,17,7,no
audiovisual,17,11,no
autoría,17,7,no
azulado,17,7,no
añaden,17,6,no
baila,17,5,no
balas,17,5,no
baleares,17,8,no
basó,17,4,no
bay,17,3,no
benjamin,17,8,no
bloqueo,17,7,no
botón,17,5,no
brothers,17,8,no
busto,17,5,no
cabellos,17,8,no
cabildo,17,7,no
calzada,17,7,no
campeona,17,8,no
cantabria,17,9,no
caracterizó,17,11,no
castellón,17,9,no
cebolla,17,7,no
cemento,17,7,no
cobra,17,5,no
colonización,17,12,no
comentarista,17,12,no
compañera,17,9,no
comunas,17,7,no
conectada,17,9,no
conquistar,17,10,no
consideradas,17,12,no
contador,17,8,no
contener,17,8,no
conversación,17,12,no
convocado,17,9,no
coordenadas,17,11,no
corren,17,6,no
corresponsal,17,12,no
coste,17,5,no
craig,17,5,no
crean,17,5,no
creativo,17,8,no
crímenes,17,8,no
cuántica,17,8,no
códice,17,6,no
day,17,3,no
decirlo,17,7,no
delicado,17,8,no
denominaciones,17,14,no
desaparecieron,17,14,no
desgracia,17,9,no
desnudo,17,7,no
despacio,17,8,no
desuso,17,6,no
determinadas,17,12,no
determinados,17,12,no
directivo,17,9,no
directos,17,8,no
dirigen,17,7,no
dispuesta,17,9,no
distribuidos,17,12,no
diversión,17,9,no
divorciaron,17,11,no
dió,17,3,no
domingos,17,8,no
dominios,17,8,no
doy,17,3,no
durar,17,5,no
ecuaciones,17,10,no
educativos,17,10,no
embalse,17,7,no
embarcaciones,17,13,no
encanta,17,7,no
encuentras,17,10,no
enfermos,17,8,no
enfrentar,17,9,no
enormes,17,7,no
entraron,17,8,no
enviados,17,8,no
enviar,17,6,no
escocesa,17,8,no
escuadrón,17,9,no
escándalo,17,9,no
estancias,17,9,no
etimología,17,10,no
eurasia,17,7,no
expresiones,17,11,no
fabricantes,17,11,no
faltan,17,6,no
favorable,17,9,no
favoritos,17,9,no
festividad,17,10,no
filipina,17,8,no
filtro,17,6,no
finalista,17,9,no
formatos,17,8,no
franjas,17,7,no
fred,17,4,no
frías,17,5,no
gala,17,4,no
ganadera,17,8,no
globos,17,6,no
graduación,17,10,no
granjas,17,7,no
grifo,17,5,no
gritó,17,5,no
habitado,17,8,no
harris,17,6,no
hawái,17,5,no
hispano,17,7,no
historietas,17,11,no
huracán,17,7,no
hábil,17,5,no
ilegal,17,6,no
incierta,17,8,no
ingresar,17,8,no
iniciado,17,8,no
iniciativas,17,11,no
inspiró,17,7,no
institucional,17,13,no
intendente,17,10,no
internos,17,8,no
jacal,17,5,no
jordan,17,6,no
júpiter,17,7,no
ladrones,17,8,no
largometraje,17,12,no
lejano,17,6,no
libera,17,6,no
limpia,17,6,no
linux,17,5,no
logrando,17,8,no
lunar,17,5,no
lyon,17,4,no
malos,17,5,no
manglares,17,9,no
mantenerse,17,10,no
marcados,17,8,no
marciales,17,9,no
mareo,17,5,no
marítima,17,8,no
matilde,17,7,no
mezquita,17,8,no
michelle,17,8,no
migratorias,17,11,no
mina,17,4,no
molecular,17,9,no
mono,17,4,no
morfología,17,10,no
mostrando,17,9,no
mueren,17,6,no
murales,17,7,no
musulmana,17,9,no
máximos,17,7,no
negativa,17,8,no
network,17,7,no
nupcias,17,7,no
obligación,17,10,no
obtuvieron,17,10,no
octavos,17,7,no
ocurra,17,6,no
orador,17,6,no
organizadas,17,11,no
ortega,17,6,no
otto,17,4,no
oír,17,3,no
paraíso,17,7,no
parker,17,6,no
pasaje,17,6,no
pascual,17,7,no
peculiar,17,8,no
petersburgo,17,11,no
phillips,17,8,no
pierre,17,6,no
pioneros,17,8,no
pirámide,17,8,no
planas,17,6,no
podamos,17,7,no
poderosa,17,8,no
polacos,17,7,no
potable,17,7,no
potente,17,7,no
prevención,17,10,no
producidos,17,10,no
produciendo,17,11,no
promocionar,17,11,no
propósitos,17,10,no
príncipes,17,9,no
pudiendo,17,8,no
puramente,17,9,no
puro,17,4,no
quechua,17,7,no
rap,17,3,no
rapero,17,6,no
raros,17,5,no
recuerdan,17,9,no
regalado,17,8,no
relevantes,17,10,no
retornó,17,7,no
revelado,17,8,no
rocosos,17,7,no
ryan,17,4,no
sabio,17,5,no
samuel,17,6,no
sarmiento,17,9,no
segovia,17,7,no
semejantes,17,10,no
separan,17,7,no
servido,17,7,no
significados,17,12,no
sobrevivido,17,11,no
society,17,7,no
sony,17,4,no
soto,17,4,no
south,17,5,no
springfield,17,11,no
square,17,6,no
sueco,17,5,no
supera,17,6,no
supuestamente,17,13,no
tasmania,17,8,no
tecnologías,17,11,no
theatre,17,7,no
tommy,17,5,no
tortura,17,7,no
trastorno,17,9,no
tránsito,17,8,no
turín,17,5,no
valley,17,6,no
vasca,17,5,no
vecina,17,6,no
venus,17,5,no
vertiente,17,9,no
verás,17,5,no
victor,17,6,no
vidal,17,5,no
viña,17,4,no
vuelan,17,6,no
yemen,17,5,no
abarcan,16,7,no
abismo,16,6,no
aceites,16,7,no
aceptaron,16,9,no
acompañamiento,16,14,no
adecuada,16,8,no
administra,16,10,no
adobe,16,5,no
adquirido,16,9,no
afectada,16,8,no
afluentes,16,9,no
agricultores,16,12,no
agrupaciones,16,12,no
aguda,16,5,no
airlines,16,8,no
ajo,16,3,no
alegres,16,7,no
allende,16,7,no
almacenamiento,16,14,no
almuerzo,16,8,no
alude,16,5,no
amenazas,16,8,no
amplias,16,7,no
anarquistas,16,11,no
anclas,16,6,no
anfitrión,16,9,no
antecedentes,16,12,no
antología,16,9,no
anuncio,16,7,no
aparente,16,8,no
apasionado,16,10,no
apetece,16,7,no
aplicar,16,7,no
apolo,16,5,no
apunta,16,6,no
aquello,16,7,no
arcángel,16,8,no
arenal,16,6,no
armando,16,7,no
armenio,16,7,no
armonía,16,7,no
arnold,16,6,no
artesanía,16,9,no
artísticas,16,10,no
ascensión,16,9,no
asignado,16,8,no
atentado,16,8,no
atractivos,16,10,no
automática,16,10,no
azerbaiyán,16,10,no
bach,16,4,no
balón,16,5,no
barbara,16,7,no
barbas,16,6,no
barranquilla,16,12,no
barras,16,6,no
barroca,16,7,no
barry,16,5,no
bell,16,4,no
berkeley,16,8,no
bodega,16,6,no
bola,16,4,no
bombas,16,6,no
bomberos,16,8,no
bosnia,16,6,no
breves,16,6,no
brooks,16,6,no
budismo,16,7,no
bus,16,3,no
cabrera,16,7,no
cadáveres,16,9,no
cali,16,4,no
callao,16,6,no
calmar,16,6,no
cambiando,16,9,no
cantos,16,6,no
casar,16,5,no
casero,16,6,no
cayendo,16,7,no
cazadores,16,9,no
caídas,16,6,no
cecilia,16,7,no
celeste,16,7,no
cerebral,16,8,no
chad,16,4,no
chan,16,4,no
chávez,16,6,no
cimas,16,5,no
circo,16,5,no
clausura,16,8,no
cleveland,16,9,no
cocoteros,16,9,no
cofradía,16,8,no
coincidió,16,9,no
colocado,16,8,no
colocó,16,6,no
coloniales,16,10,no
comedias,16,8,no
comenzado,16,9,no
comidas,16,7,no
comisaría,16,9,no
comunica,16,8,no
conducido,16,9,no
conectados,16,10,no
configuración,16,13,no
consecutivos,16,12,no
consiguiente,16,12,no
constantino,16,11,no
constelación,16,12,no
constituyó,16,10,no
consulado,16,9,no
consume,16,7,no
contando,16,8,no
convenciones,16,12,no
conversaciones,16,14,no
copenhague,16,10,no
corporal,16,8,no
corpus,16,6,no
correos,16,7,no
cortometraje,16,12,no
creek,16,5,no
creencia,16,8,no
cretácico,16,9,no
crimea,16,6,no
crió,16,4,no
cruces,16,6,no
cruel,16,5,no
crueldad,16,8,no
curvas,16,6,no
custodia,16,8,no
cálculos,16,8,no
cálidas,16,7,no
cólera,16,6,no
daban,16,5,no
dados,16,5,no
dallas,16,6,no
dark,16,4,no
dato,16,4,no
dave,16,4,no
dañado,16,6,no
deberíamos,16,10,no
deberías,16,8,no
decadencia,16,10,no
dejo,16,4,no
demo,16,4,no
descansa,16,8,no
desconocidos,16,12,no
descripciones,16,13,no
desnuda,16,7,no
despertar,16,9,no
destacable,16,10,no
detención,16,9,no
determinación,16,13,no
determinada,16,11,no
diana,16,5,no
dijeron,16,7,no
discursos,16,9,no
dispares,16,8,no
distinguido,16,11,no
dividir,16,7,no
dominado,16,8,no
doscientos,16,10,no
dublín,16,6,no
duros,16,5,no
ecosistemas,16,11,no
eddie,16,5,no
edificaciones,16,13,no
educada,16,7,no
efectivo,16,8,no
ejercido,16,8,no
elaboró,16,7,no
elevación,16,9,no
emisoras,16,8,no
emitió,16,6,no
emocional,16,9,no
emociones,16,9,no
emprendió,16,9,no
enfada,16,6,no
enfermería,16,10,no
entendido,16,9,no
entierro,16,8,no
entran,16,6,no
entrenar,16,8,no
escaso,16,6,no
escaños,16,7,no
escobar,16,7,no
esconde,16,7,no
escuadra,16,8,no
espectadores,16,12,no
espectro,16,8,no
espinosa,16,8,no
estambul,16,8,no
estaremos,16,9,no
estatutos,16,9,no
estero,16,6,no
estima,16,6,no
estudiaba,16,9,no
estándares,16,10,no
estómago,16,8,no
excepcional,16,11,no
exitosos,16,8,no
experimentó,16,11,no
exploración,16,11,no
explotar,16,8,no
exponentes,16,10,no
extremidades,16,12,no
fabricados,16,10,no
fabricante,16,10,no
facebook,16,8,no
faceta,16,6,no
falló,16,5,no
fan,16,3,no
farmacia,16,8,no
federales,16,9,no
ficha,16,5,no
fijo,16,4,no
filmes,16,6,no
finanzas,16,8,no
finca,16,5,no
formosa,16,7,no
foro,16,4,no
francisca,16,9,no
frecuencias,16,11,no
freno,16,5,no
fumar,16,5,no
funcionó,16,8,no
fáciles,16,7,no
físicos,16,7,no
galardón,16,8,no
galaxia,16,7,no
garras,16,6,no
gases,16,5,no
gen,16,3,no
generan,16,7,no
genio,16,5,no
geográfico,16,10,no
geología,16,8,no
gestionado,16,10,no
gesto,16,5,no
grabando,16,8,no
grabaron,16,8,no
guardias,16,8,no
guerreros,16,9,no
gustó,16,5,no
hamilton,16,8,no
hayan,16,5,no
heinrich,16,8,no
helen,16,5,no
heroína,16,7,no
herradura,16,9,no
hit,16,3,no
hogares,16,7,no
holandesa,16,9,no
horizontales,16,12,no
horror,16,6,no
huele,16,5,no
humanista,16,9,no
ibáñez,16,6,no
ilusión,16,7,no
impartió,16,8,no
impuso,16,6,no
incidentes,16,10,no
incliné,16,7,no
indochina,16,9,no
inglesas,16,8,no
inocente,16,8,no
instalaron,16,10,no
institutos,16,10,no
intentado,16,9,no
interpretando,16,13,no
intersección,16,12,no
inventor,16,8,no
invitación,16,10,no
invitó,16,6,no
jalisco,16,7,no
jane,16,4,no
johann,16,6,no
johnny,16,6,no
jordania,16,8,no
jordi,16,5,no
jornadas,16,8,no
juicios,16,7,no
karen,16,5,no
kilómetro,16,9,no
lane,16,4,no
larry,16,5,no
lealtad,16,7,no
leches,16,6,no
lecho,16,5,no
legislativa,16,11,no
lejana,16,6,no
levante,16,7,no
leve,16,4,no
liberia,16,7,no
librería,16,8,no
limitadas,16,9,no
lituania,16,8,no
llamarse,16,8,no
logro,16,5,no
lucro,16,5,no
luxemburgo,16,10,no
látex,16,5,no
madrileño,16,9,no
magisterio,16,10,no
magnitud,16,8,no
malta,16,5,no
mami,16,4,no
manteniendo,16,11,no
mantenía,16,8,no
manzanas,16,8,no
maravilla,16,9,no
marc,16,4,no
marcial,16,7,no
margaret,16,8,no
maryland,16,8,no
maurice,16,7,no
mausoleo,16,8,no
may,16,3,no
mecenas,16,7,no
mecánico,16,8,no
medicinales,16,11,no
melbourne,16,9,no
mena,16,4,no
mencionar,16,9,no
mercaderes,16,10,no
metropolitano,16,13,no
mezclado,16,8,no
michigan,16,8,no
millas,16,6,no
minero,16,6,no
miranda,16,7,no
mires,16,5,no
mitos,16,5,no
mixtos,16,6,no
mobiliario,16,10,no
modificado,16,10,no
montón,16,6,no
moro,16,4,no
mundos,16,6,no
muriendo,16,8,no
murray,16,6,no
mártir,16,6,no
méxico,16,6,no
mínima,16,6,no
nariz,16,5,no
navegable,16,9,no
nazis,16,5,no
necesarias,16,10,no
negruzco,16,8,no
nervios,16,7,no
nilo,16,4,no
nombra,16,6,no
nominación,16,10,no
nube,16,4,no
obispado,16,8,no
obstáculos,16,10,no
ocupando,16,8,no
ocurrieron,16,10,no
ofrecía,16,7,no
olvido,16,6,no
orange,16,6,no
organizador,16,11,no
organizados,16,11,no
organizan,16,9,no
osvaldo,16,7,no
ovalada,16,7,no
palestina,16,9,no
palomas,16,7,no
pantallas,16,9,no
pantalón,16,8,no
panículas,16,9,no
papá,16,4,no
pardos,16,6,no
parra,16,5,no
parroquias,16,10,no
participando,16,12,no
parto,16,5,no
pasaporte,16,9,no
pastores,16,8,no
patata,16,6,no
patente,16,7,no
paterna,16,7,no
patios,16,6,no
patricio,16,8,no
patrones,16,8,no
pau,16,3,no
pavimento,16,9,no
pecados,16,7,no
pensión,16,7,no
peregrinación,16,13,no
periodística,16,12,no
permitido,16,9,no
personalmente,16,13,no
pesados,16,7,no
pica,16,4,no
picado,16,6,no
pierden,16,7,no
pinto,16,5,no
pisa,16,4,no
placer,16,6,no
planificación,16,13,no
porno,16,5,no
portland,16,8,no
potencias,16,9,no
pozos,16,5,no
practicaba,16,10,no
practicó,16,8,no
precursor,16,9,no
preparan,16,8,no
presentadora,16,12,no
prestó,16,6,no
previo,16,6,no
prolífico,16,9,no
prometió,16,8,no
protestante,16,11,no
provisional,16,11,no
provocado,16,9,no
pulsaciones,16,11,no
queensland,16,10,no
quemado,16,7,no
quieras,16,7,no
químico,16,7,no
recogen,16,7,no
recogida,16,8,no
reconocen,16,9,no
reconocer,16,9,no
reconocidas,16,11,no
reconstruido,16,12,no
redondeado,16,10,no
reggae,16,6,no
regresan,16,8,no
regularidad,16,11,no
remedio,16,7,no
renal,16,5,no
representando,16,13,no
requisitos,16,10,no
resaca,16,6,no
restaurada,16,10,no
reunir,16,6,no
revelación,16,10,no
reía,16,4,no
riego,16,5,no
rindió,16,6,no
romanas,16,7,no
román,16,5,no
ron,16,3,no
roy,16,3,no
rusas,16,5,no
sacado,16,6,no
sacramento,16,10,no
sagradas,16,8,no
saliendo,16,8,no
salomón,16,7,no
salones,16,7,no
serena,16,6,no
serpientes,16,10,no
set,16,3,no
señalar,16,7,no
señas,16,5,no
sindicatos,16,10,no
sky,16,3,no
sobresalen,16,10,no
sobrevivientes,16,14,no
sobrina,16,7,no
socios,16,6,no
solas,16,5,no
soluble,16,7,no
sonreír,16,7,no
sonriendo,16,9,no
soprano,16,7,no
soria,16,5,no
sostiene,16,8,no
suceden,16,7,no
sucesos,16,7,no
sudamericana,16,12,no
sujeta,16,6,no
suministro,16,10,no
sun,16,3,no
suyas,16,5,no
tablero,16,7,no
tarda,16,5,no
tarragona,16,9,no
ted,16,3,no
telas,16,5,no
televisiva,16,10,no
tenerife,16,8,no
tensiones,16,9,no
teníamos,16,8,no
terraza,16,7,no
teórica,16,7,no
time,16,4,no
tito,16,4,no
tolera,16,6,no
tomate,16,6,no
topografía,16,10,no
traduce,16,7,no
traducida,16,9,no
traer,16,5,no
transcurrió,16,11,no
transmitida,16,11,no
transmitido,16,11,no
trastornos,16,10,no
tratamientos,16,12,no
tregua,16,6,no
tribunales,16,10,no
tristes,16,7,no
tristeza,16,8,no
triángulo,16,9,no
troncos,16,7,no
trágica,16,7,no
típicas,16,7,no
túneles,16,7,no
urbanas,16,7,no
utilizaban,16,10,no
utilizarse,16,10,no
valdivia,16,8,no
validez,16,7,no
varón,16,5,no
vendidos,16,8,no
vergara,16,7,no
vincent,16,7,no
vinculada,16,9,no
visitado,16,8,no
volador,16,7,no
volviendo,16,9,no
vuelvas,16,7,no
vázquez,16,7,no
vírgenes,16,8,no
wang,16,4,no
zapato,16,6,no
zorro,16,5,no
abraham,15,7,no
absurdo,15,7,no
acusados,15,8,no
adecuado,15,8,no
adquisición,15,11,no
aeronaves,15,9,no
aeródromo,15,9,no
afecto,15,6,no
agarra,15,6,no
agrega,15,6,no
agrupados,15,9,no
agrupan,15,7,no
aguantar,15,8,no
aguilar,15,7,no
aislada,15,7,no
alabama,15,7,no
alcaldía,15,8,no
alcanzan,15,8,no
alejado,15,7,no
alejandría,15,10,no
alusión,15,7,no
ambientada,15,10,no
ambientales,15,11,no
amenazado,15,9,no
amorosa,15,7,no
ancianos,15,8,no
anfibios,15,8,no
antenas,15,7,no
anterioridad,15,12,no
anthony,15,7,no
anunciado,15,9,no
apogeo,15,6,no
aporta,15,6,no
apreciado,15,9,no
aprovecha,15,9,no
arenales,15,8,no
armados,15,7,no
armario,15,7,no
armenios,15,8,no
armstrong,15,9,no
arrecife,15,8,no
arresto,15,7,no
artesanos,15,9,no
artísticos,15,10,no
asesinada,15,9,no
asocia,15,6,no
asomó,15,5,no
atacó,15,5,no
aterrizar,15,9,no
atribuyen,15,9,no
augusta,15,7,no
australiana,15,11,no
automático,15,10,no
autorización,15,12,no
avances,15,7,no
avanzan,15,7,no
ayudarle,15,8,no
añadir,15,6,no
baby,15,4,no
bailarín,15,8,no
bambú,15,5,no
banca,15,5,no
bastantes,15,9,no
bautizado,15,9,no
bebidas,15,7,no
belice,15,6,no
beneficio,15,9,no
bernard,15,7,no
bicicletas,15,10,no
bienvenido,15,10,no
bienvenidos,15,11,no
billete,15,7,no
bobby,15,5,no
bolsillo,15,8,no
bovino,15,6,no
caballerango,15,12,no
cabra,15,5,no
café,15,4,no
cagando,15,7,no
calificación,15,12,no
calificó,15,8,no
cambian,15,7,no
campbell,15,8,no
can,15,3,no
canciller,15,9,no
candidata,15,9,no
cannes,15,6,no
capitales,15,9,no
capitalismo,15,11,no
carlista,15,8,no
carril,15,6,no
carriles,15,8,no
cartago,15,7,no
cascos,15,6,no
cebada,15,6,no
celoso,15,6,no
centenar,15,8,no
centrada,15,8,no
centrocampista,15,14,no
cercanía,15,8,no
cerdos,15,6,no
ceremonias,15,10,no
cerré,15,5,no
certeza,15,7,no
ceuta,15,5,no
ciclistas,15,9,no
clarinete,15,9,no
climas,15,6,no
cocinar,15,7,no
colaboradores,15,13,no
coleccionista,15,13,no
comando,15,7,no
combinaciones,15,13,no
comercializa,15,12,no
comercios,15,9,no
compartir,15,9,no
compitiendo,15,11,no
complicada,15,10,no
complicado,15,10,no
compositora,15,11,no
compostela,15,10,no
comprometida,15,12,no
comunal,15,7,no
concursantes,15,12,no
condados,15,8,no
condecorado,15,11,no
conectado,15,9,no
conference,15,10,no
conjunta,15,8,no
conoces,15,7,no
conservar,15,9,no
considerablemente,15,17,no
consulta,15,8,no
contabilidad,15,12,no
contemplar,15,10,no
contribución,15,12,no
controla,15,8,no
conveniente,15,11,no
convocatoria,15,12,no
coníferas,15,9,no
cooper,15,6,no
coordinador,15,11,no
cornisa,15,7,no
coronó,15,6,no
correctamente,15,13,no
corregimiento,15,13,no
correspondencia,15,15,no
cotidiana,15,9,no
creativa,15,8,no
cresta,15,6,no
criaturas,15,9,no
criminal,15,8,no
cripta,15,6,no
criterio,15,8,no
croata,15,6,no
crucería,15,8,no
cruzada,15,7,no
cuantas,15,7,no
cuernos,15,7,no
cuida,15,5,no
curar,15,5,no
curioso,15,7,no
cónsul,15,6,no
dalila,15,6,no
danzas,15,6,no
darme,15,5,no
darse,15,5,no
date,15,4,no
debutar,15,7,no
decano,15,6,no
decisiva,15,8,no
dejan,15,5,no
delicioso,15,9,no
densamente,15,10,no
densos,15,6,no
desayuno,15,8,no
desconocidas,15,12,no
describir,15,9,no
descritas,15,9,no
descubren,15,9,no
descubrieron,15,12,no
destacadas,15,10,no
destacando,15,10,no
destruidas,15,10,no
destruidos,15,10,no
detectar,15,8,no
detiene,15,7,no
devoto,15,6,no
dialectos,15,9,no
diamante,15,8,no
diaria,15,6,no
diariamente,15,11,no
dimorfismo,15,10,no
diploma,15,7,no
dirigentes,15,10,no
disculpa,15,8,no
dispararon,15,10,no
dispuestas,15,10,no
disputan,15,8,no
distinciones,15,12,no
distinguir,15,10,no
distribuidas,15,12,no
divididas,15,9,no
donald,15,6,no
drenaje,15,7,no
durango,15,7,no
edimburgo,15,9,no
egipcia,15,7,no
ejecutar,15,8,no
ejecutivos,15,10,no
elabora,15,7,no
electorales,15,11,no
elliott,15,7,no
elías,15,5,no
elíptica,15,8,no
emilia,15,6,no
emitido,15,7,no
enamora,15,7,no
encarnación,15,11,no
enfermera,15,9,no
engaño,15,6,no
entraba,15,7,no
entregas,15,8,no
entrenadores,15,12,no
eric,15,4,no
erigió,15,6,no
escalada,15,8,no
escrituras,15,10,no
esenciales,15,10,no
eslovaquia,15,10,no
espectador,15,10,no
específica,15,10,no
esperado,15,8,no
espino,15,6,no
establecen,15,10,no
estables,15,8,no
estallar,15,8,no
estallido,15,9,no
estalló,15,7,no
estambres,15,9,no
estatura,15,8,no
estupendo,15,9,no
evaluación,15,10,no
exceso,15,6,no
existiendo,15,10,no
explorar,15,8,no
exámenes,15,8,no
fabricado,15,9,no
facilita,15,8,no
facultades,15,10,no
fallecieron,15,11,no
fallo,15,5,no
fatiga,15,6,no
feudo,15,5,no
fidelidad,15,9,no
fina,15,4,no
florecen,15,8,no
fluido,15,6,no
fluvial,15,7,no
folk,15,4,no
formalmente,15,11,no
franquista,15,10,no
franz,15,5,no
fraternidad,15,11,no
fraude,15,6,no
fuga,15,4,no
fundamentales,15,13,no
futuros,15,7,no
gallega,15,7,no
galán,15,5,no
gambas,15,6,no
garden,15,6,no
gasolina,15,8,no
gastos,15,6,no
gastronomía,15,11,no
generando,15,9,no
gibraltar,15,9,no
gigantes,15,8,no
gil,15,3,no
giovanni,15,8,no
girl,15,4,no
glaciares,15,9,no
golpea,15,6,no
grasa,15,5,no
grita,15,5,no
grito,15,5,no
gruesa,15,6,no
guardameta,15,10,no
gustado,15,7,no
gustos,15,6,no
habiendo,15,8,no
harold,15,6,no
hazme,15,5,no
heavy,15,5,no
heredera,15,8,no
herrero,15,7,no
hesse,15,5,no
hidratado,15,9,no
hidrográfica,15,12,no
hispana,15,7,no
home,15,4,no
homosexual,15,10,no
humberto,15,8,no
hígado,15,6,no
húngara,15,7,no
ideales,15,7,no
identificación,15,14,no
impreso,15,7,no
inca,15,4,no
increíble,15,9,no
incursión,15,9,no
infección,15,9,no
infinito,15,8,no
influyente,15,10,no
ingresa,15,7,no
inspector,15,9,no
intensamente,15,12,no
interrogó,15,9,no
introducir,15,10,no
investiga,15,9,no
irlandeses,15,10,no
itunes,15,6,no
janeiro,15,7,no
jarabe,15,6,no
jay,15,3,no
jeff,15,4,no
jennifer,15,8,no
jerry,15,5,no
jesse,15,5,no
jin,15,3,no
josh,15,4,no
judaísmo,15,8,no
jugada,15,6,no
kate,15,4,no
kelly,15,5,no
knight,15,6,no
lady,15,4,no
lanzar,15,6,no
lazos,15,5,no
leal,15,4,no
liberados,15,9,no
liberalismo,15,11,no
limpieza,15,8,no
llanuras,15,8,no
llave,15,5,no
llenos,15,6,no
llevada,15,7,no
llevados,15,8,no
localizan,15,9,no
localmente,15,10,no
luchando,15,8,no
luisiana,15,8,no
líbano,15,6,no
madurez,15,7,no
mamá,15,4,no
manejar,15,7,no
manila,15,6,no
mansión,15,7,no
manuela,15,7,no
maquillaje,15,10,no
marketing,15,9,no
marrones,15,8,no
marsella,15,8,no
masculinas,15,10,no
matan,15,5,no
materno,15,7,no
mató,15,4,no
mañanas,15,7,no
mecánicos,15,9,no
mejoró,15,6,no
mencionados,15,11,no
mercurio,15,8,no
migración,15,9,no
milagros,15,8,no
milicias,15,8,no
mini,15,4,no
minoría,15,7,no
mioceno,15,7,no
mirador,15,7,no
misiles,15,7,no
misioneros,15,10,no
mixto,15,5,no
monasterios,15,11,no
montado,15,7,no
montaje,15,7,no
montt,15,5,no
mount,15,5,no
moverse,15,7,no
movido,15,6,no
mudo,15,4,no
muelles,15,7,no
muertes,15,7,no
murphy,15,6,no
mártires,15,8,no
nacidos,15,7,no
nacionalismo,15,12,no
necio,15,5,no
neutral,15,7,no
newton,15,6,no
nodos,15,5,no
nombramiento,15,12,no
nominaciones,15,12,no
norman,15,6,no
nova,15,4,no
novelista,15,9,no
novena,15,6,no
novios,15,6,no
observador,15,10,no
ofensiva,15,8,no
olvida,15,6,no
olvidado,15,8,no
olvidar,15,7,no
operado,15,7,no
opuso,15,5,no
oraciones,15,9,no
oregón,15,6,no
orientado,15,9,no
orquídea,15,8,no
pacheco,15,7,no
paradero,15,8,no
paralímpicos,15,12,no
partidarios,15,11,no
parámetros,15,10,no
patronales,15,10,no
patronato,15,9,no
peleas,15,6,no
peligrosa,15,9,no
pelota,15,6,no
percepción,15,10,no
peregrinos,15,10,no
pereira,15,7,no
periódicamente,15,14,no
permanecido,15,11,no
permanencia,15,11,no
permitir,15,8,no
pesadas,15,7,no
piensan,15,7,no
planea,15,6,no
plantaciones,15,12,no
plenamente,15,10,no
poblados,15,8,no
poesías,15,7,no
polar,15,5,no
policías,15,8,no
poniente,15,8,no
porción,15,7,no
posguerra,15,9,no
postal,15,6,no
potosí,15,6,no
predecesor,15,10,no
preparar,15,8,no
presbiterio,15,11,no
primos,15,6,no
princesas,15,9,no
procesador,15,10,no
procesiones,15,11,no
procurador,15,10,no
progresista,15,11,no
progresivo,15,10,no
promete,15,7,no
prominentes,15,11,no
proporcionó,15,11,no
protector,15,9,no
protege,15,7,no
protegidos,15,10,no
puedas,15,6,no
pulmones,15,8,no
quedamos,15,8,no
queens,15,6,no
quema,15,5,no
quiroga,15,7,no
rachel,15,6,no
radar,15,5,no
radial,15,6,no
rancho,15,6,no
ranking,15,7,no
raquel,15,6,no
rasgo,15,5,no
reality,15,7,no
recibiendo,15,10,no
recurrente,15,10,no
redonda,15,7,no
redondo,15,7,no
reemplazo,15,9,no
reflexiones,15,11,no
relieves,15,8,no
relojes,15,7,no
reportajes,15,10,no
reposo,15,6,no
representadas,15,13,no
reproducen,15,10,no
repuse,15,6,no
respirar,15,8,no
retraso,15,7,no
reúnen,15,6,no
ring,15,4,no
rita,15,4,no
ritual,15,6,no
rivas,15,5,no
rizoma,15,6,no
robar,15,5,no
robinson,15,8,no
robot,15,5,no
rodea,15,5,no
rodeados,15,8,no
roland,15,6,no
roseta,15,6,no
rostros,15,7,no
ruanda,15,6,no
rumor,15,5,no
rápidos,15,7,no
saca,15,4,no
saltos,15,6,no
salvado,15,7,no
sandra,15,6,no
sano,15,4,no
sargento,15,8,no
sed,15,3,no
sedimentos,15,10,no
semanario,15,9,no
sentidos,15,8,no
sentimiento,15,11,no
separó,15,6,no
servirse,15,8,no
setas,15,5,no
severamente,15,11,no
señala,15,6,no
shakespeare,15,11,no
shows,15,5,no
significaba,15,11,no
simetría,15,8,no
sinfonía,15,8,no
sinfónica,15,9,no
singles,15,7,no
soja,15,4,no
solares,15,7,no
solicitud,15,9,no
soltero,15,7,no
sonoras,15,7,no
sopas,15,5,no
sostienen,15,9,no
stanley,15,7,no
subasta,15,7,no
superficial,15,11,no
superficies,15,11,no
superliga,15,9,no
suplente,15,8,no
susana,15,6,no
suspensión,15,10,no
suyos,15,5,no
súper,15,5,no
tamaños,15,7,no
teclados,15,8,no
teja,15,4,no
temblaban,15,9,no
temuco,15,6,no
temáticas,15,9,no
tengas,15,6,no
tenor,15,5,no
terapia,15,7,no
territoriales,15,13,no
textiles,15,8,no
teórico,15,7,no
tinte,15,5,no
tocaron,15,7,no
tomados,15,7,no
tomas,15,5,no
tonalidad,15,9,no
toulouse,15,8,no
tracción,15,8,no
traidor,15,7,no
transversal,15,11,no
tranvía,15,7,no
trasladada,15,10,no
tribuna,15,7,no
trilogía,15,8,no
trinity,15,7,no
tropa,15,5,no
trozos,15,6,no
turca,15,5,no
turner,15,6,no
túnica,15,6,no
ubicados,15,8,no
umbral,15,6,no
uva,15,3,no
vagamente,15,9,no
valentía,15,8,no
vano,15,4,no
vanos,15,5,no
variación,15,9,no
venas,15,5,no
vergüenza,15,9,no
verle,15,5,no
vertientes,15,10,no
vestidos,15,8,no
vice,15,4,no
vid,15,3,no
village,15,7,no
villanueva,15,10,no
violento,15,8,no
visitan,15,7,no
vistos,15,6,no
vital,15,5,no
vivas,15,5,no
volví,15,5,no
vuelvo,15,6,no
vínculo,15,7,no
walker,15,6,no
warren,15,6,no
western,15,7,no
yacimiento,15,10,no
yale,15,4,no
zero,15,4,no
zeus,15,4,no
zoológico,15,9,no
zúrich,15,6,no
ánimo,15,5,no
árbitro,15,7,no
índice,15,6,no
óblast,15,6,no
óptica,15,6,no
aborigen,14,8,no
abrigo,14,6,no
abu,14,3,no
acento,14,6,no
acompañar,14,9,no
acordó,14,6,no
actrices,14,8,no
actuaba,14,7,no
acudieron,14,9,no
admitido,14,8,no
adonde,14,6,no
afectadas,14,9,no
africanos,14,9,no
agencias,14,8,no
aglomeración,14,12,no
alargadas,14,9,no
alarma,14,6,no
alcázar,14,7,no
almas,14,5,no
almería,14,7,no
andando,14,7,no
animados,14,8,no
ansiedad,14,8,no
aportaciones,14,12,no
aristóteles,14,11,no
arreglo,14,7,no
asemeja,14,7,no
asteroides,14,10,no
atiende,14,7,no
atractiva,14,9,no
atrapado,14,8,no
atravesado,14,10,no
atribuido,14,9,no
autos,14,5,no
autónomo,14,8,no
avanzó,14,6,no
azteca,14,6,no
bajó,14,4,no
basales,14,7,no
beethoven,14,9,no
bielorrusia,14,11,no
biológicas,14,10,no
bizantino,14,9,no
blake,14,5,no
blog,14,4,no
bohemia,14,7,no
bonito,14,6,no
botánicas,14,9,no
boy,14,3,no
broadway,14,8,no
bucarest,14,8,no
buceo,14,5,no
bull,14,4,no
cabaña,14,6,no
cancelada,14,9,no
cantada,14,7,no
canónico,14,8,no
caracol,14,7,no
característicos,14,15,no
carecía,14,7,no
carro,14,5,no
carteles,14,8,no
casaron,14,7,no
catalogado,14,10,no
catar,14,5,no
cedro,14,5,no
celebraron,14,10,no
centeno,14,7,no
chaco,14,5,no
chasis,14,6,no
chinas,14,6,no
chip,14,4,no
clero,14,5,no
clínico,14,7,no
coast,14,5,no
collins,14,7,no
colombianos,14,11,no
comisionado,14,11,no
compatible,14,10,no
complicaciones,14,14,no
computadora,14,11,no
computadoras,14,12,no
comunicado,14,10,no
concede,14,7,no
concentra,14,9,no
condenada,14,9,no
condesa,14,7,no
conducción,14,10,no
confesar,14,8,no
confirmada,14,10,no
confundir,14,9,no
conmemora,14,9,no
connecticut,14,11,no
conseguirlo,14,11,no
considerables,14,13,no
constituyente,14,13,no
continentes,14,11,no
continuado,14,10,no
contratos,14,9,no
convocó,14,7,no
coronado,14,8,no
correcta,14,8,no
cover,14,5,no
cruzados,14,8,no
cumbres,14,7,no
cursiva,14,7,no
cárdenas,14,8,no
cáucaso,14,7,no
cómica,14,6,no
dead,14,4,no
debilidad,14,9,no
definen,14,7,no
demasiada,14,9,no
demersal,14,8,no
demonio,14,7,no
demostrar,14,9,no
denso,14,5,no
dependiente,14,11,no
deportistas,14,11,no
deprimido,14,9,no
deshacerse,14,10,no
designó,14,7,no
destruye,14,8,no
destruyó,14,8,no
dibujar,14,7,no
dinosaurios,14,11,no
dirigía,14,7,no
diseñadora,14,10,no
disfraz,14,7,no
divino,14,6,no
divulgación,14,11,no
domina,14,6,no
dotado,14,6,no
dresde,14,6,no
duarte,14,6,no
dándole,14,7,no
dólares,14,7,no
editoriales,14,11,no
efectúa,14,7,no
ejecuta,14,7,no
elevadas,14,8,no
emigrado,14,8,no
emiten,14,6,no
emitir,14,6,no
emplazamiento,14,13,no
empleó,14,6,no
encabezado,14,10,no
encarcelados,14,12,no
enteramente,14,11,no
entusiasmo,14,10,no
enviaron,14,8,no
enzima,14,6,no
equipado,14,8,no
escalas,14,7,no
esclavo,14,7,no
escuche,14,7,no
escudos,14,7,no
esfera,14,6,no
esmeralda,14,9,no
especializados,14,14,no
esperan,14,7,no
esquí,14,5,no
establecimientos,14,16,no
estemos,14,7,no
estratos,14,8,no
estrofas,14,8,no
eterno,14,6,no
eugenio,14,7,no
exclamó,14,7,no
excursión,14,9,no
existido,14,8,no
expandió,14,8,no
expuesta,14,8,no
expuesto,14,8,no
extenso,14,7,no
facilitar,14,9,no
ferrari,14,7,no
feto,14,4,no
financieras,14,11,no
flancos,14,7,no
formales,14,8,no
fosfato,14,7,no
físicamente,14,11,no
galardonada,14,11,no
gallegos,14,8,no
gemelo,14,6,no
glasgow,14,7,no
godoy,14,5,no
goma,14,4,no
good,14,4,no
grey,14,4,no
guantes,14,7,no
harán,14,5,no
helados,14,7,no
herbario,14,8,no
herbert,14,7,no
himalaya,14,8,no
hito,14,4,no
homero,14,6,no
honda,14,5,no
hortalizas,14,10,no
huerta,14,6,no
imperiales,14,10,no
incorporación,14,13,no
influido,14,8,no
inician,14,7,no
inmigración,14,11,no
inmóvil,14,7,no
interacciones,14,13,no
invasores,14,9,no
investigadora,14,13,no
iowa,14,4,no
isaac,14,5,no
joel,14,4,no
jurídico,14,8,no
kane,14,4,no
khan,14,4,no
kiev,14,4,no
kiwi,14,4,no
kyle,14,4,no
lagartos,14,8,no
lanzados,14,8,no
lavar,14,5,no
lecturas,14,8,no
leslie,14,6,no
leves,14,5,no
leyendo,14,7,no
licor,14,5,no
llegue,14,6,no
locutor,14,7,no
logia,14,5,no
lomas,14,5,no
louvre,14,6,no
lucharon,14,8,no
láminas,14,7,no
lírica,14,6,no
madison,14,7,no
madonna,14,7,no
mama,14,4,no
manifiesta,14,10,no
marge,14,5,no
mason,14,5,no
match,14,5,no
medicamento,14,11,no
mencionada,14,10,no
mensual,14,7,no
menú,14,4,no
merendar,14,8,no
minera,14,6,no
misuri,14,6,no
modalidades,14,11,no
modesta,14,7,no
molinos,14,7,no
montero,14,7,no
moon,14,4,no
morris,14,6,no
motivación,14,10,no
movilidad,14,9,no
movió,14,5,no
muda,14,4,no
multijugador,14,12,no
municipalidad,14,13,no
musa,14,4,no
mía,14,3,no
módulos,14,7,no
mónica,14,6,no
músculo,14,7,no
naturalmente,14,12,no
night,14,5,no
nocturnas,14,9,no
nutrientes,14,10,no
obrera,14,6,no
olivier,14,7,no
olivos,14,6,no
ordenar,14,7,no
orgullo,14,7,no
originó,14,7,no
orquestas,14,9,no
ortodoxo,14,8,no
osaka,14,5,no
paliza,14,6,no
palos,14,5,no
pantalones,14,10,no
pantano,14,7,no
parlamentaria,14,13,no
pasiones,14,8,no
patagonia,14,9,no
patriarca,14,9,no
patriota,14,8,no
peli,14,4,no
persas,14,6,no
personalidades,14,14,no
pertenecientes,14,14,no
perón,14,5,no
pesos,14,5,no
phil,14,4,no
piadoso,14,7,no
pinza,14,5,no
pizza,14,5,no
podríamos,14,9,no
polígono,14,8,no
poniendo,14,8,no
ponte,14,5,no
premiado,14,8,no
presentando,14,11,no
prieto,14,6,no
producirse,14,10,no
productivo,14,10,no
producía,14,8,no
prohibición,14,11,no
promesa,14,7,no
propiamente,14,11,no
proporcional,14,12,no
proporciones,14,12,no
proximidad,14,10,no
puse,14,4,no
quedará,14,7,no
rapidez,14,7,no
reacciona,14,9,no
recorrió,14,8,no
reemplazada,14,11,no
relleno,14,7,no
remata,14,6,no
representaba,14,12,no
resistir,14,8,no
responder,14,9,no
restringida,14,11,no
ricas,14,5,no
richards,14,8,no
rigor,14,5,no
rin,14,3,no
rincón,14,6,no
roberts,14,7,no
robles,14,6,no
roles,14,5,no
saldremos,14,9,no
salga,14,5,no
sazón,14,5,no
segmento,14,8,no
seguían,14,7,no
seminarios,14,10,no
senderos,14,8,no
sepultados,14,10,no
sereno,14,6,no
señalan,14,7,no
shaw,14,4,no
sienten,14,7,no
significativos,14,14,no
silenciosa,14,10,no
sillas,14,6,no
sindicato,14,9,no
sinónimo,14,8,no
soporta,14,7,no
sorprendido,14,11,no
sorprendió,14,10,no
sostuvo,14,7,no
spencer,14,7,no
stalin,14,6,no
stewart,14,7,no
subas,14,5,no
subterránea,14,11,no
subterráneas,14,12,no
sueltos,14,7,no
sustituto,14,9,no
sótano,14,6,no
tarjetas,14,8,no
techos,14,6,no
televisivos,14,11,no
tengan,14,6,no
tentación,14,9,no
terceros,14,8,no
termales,14,8,no
terrazas,14,8,no
tesoro,14,6,no
test,14,4,no
testimonio,14,10,no
thompson,14,8,no
titularidad,14,11,no
tostada,14,7,no
traducidos,14,10,no
trapo,14,5,no
tratarse,14,8,no
turísticas,14,10,no
típicos,14,7,no
uruguaya,14,8,no
usaron,14,6,no
utilidad,14,8,no
vacas,14,5,no
vainas,14,6,no
vejez,14,5,no
venden,14,6,no
vendieron,14,9,no
ventoso,14,7,no
verbo,14,5,no
violentas,14,9,no
volcánico,14,9,no
volverá,14,7,no
wagner,14,6,no
watson,14,6,no
what,14,4,no
with,14,4,no
wood,14,4,no
wright,14,6,no
yoga,14,4,no
ápice,14,5,no
óperas,14,6,no
abogacía,13,8,no
abogada,13,7,no
abordar,13,7,no
aborígenes,13,10,no
acondicionado,13,13,no
adela,13,5,no
afiliada,13,8,no
africana,13,8,no
agraria,13,7,no
aguantado,13,9,no
alegoría,13,8,no
alero,13,5,no
alojamiento,13,11,no
america,13,7,no
andar,13,5,no
andrade,13,7,no
anida,13,5,no
anochecer,13,9,no
anuncia,13,7,no
aperitivo,13,9,no
aplicó,13,6,no
apoyan,13,6,no
apoyar,13,6,no
apóstoles,13,9,no
arpones,13,7,no
arreo,13,5,no
artefactos,13,10,no
asesora,13,7,no
asistentes,13,10,no
asteroidal,13,10,no
atlantic,13,8,no
atrae,13,5,no
audiencias,13,10,no
auditorio,13,9,no
ayala,13,5,no
badajoz,13,7,no
baker,13,5,no
balcones,13,8,no
bank,13,4,no
barracas,13,8,no
basura,13,6,no
besan,13,5,no
bienestar,13,9,no
billboard,13,9,no
biológico,13,9,no
bishop,13,6,no
blanquecino,13,11,no
blas,13,4,no
brión,13,5,no
brocal,13,6,no
bruja,13,5,no
bryan,13,5,no
burla,13,5,no
cal,13,3,no
calcula,13,7,no
calificado,13,10,no
canaria,13,7,no
cantan,13,6,no
cantor,13,6,no
carol,13,5,no
catalanes,13,9,no
cedido,13,6,no
censo,13,5,no
cerradas,13,8,no
cesar,13,5,no
chacarita,13,9,no
cinematográfica,13,15,no
clasificada,13,11,no
cocodrilos,13,10,no
colaboraciones,13,14,no
colegas,13,7,no
colocan,13,7,no
coma,13,4,no
combatir,13,8,no
comercialmente,13,14,no
comicios,13,8,no
comisario,13,9,no
compaginó,13,9,no
compartiendo,13,12,no
complejas,13,9,no
completos,13,9,no
compás,13,6,no
conceptual,13,10,no
concesión,13,9,no
conchas,13,7,no
concretamente,13,13,no
condenados,13,10,no
condes,13,6,no
consciente,13,10,no
consecutiva,13,11,no
conservó,13,8,no
consideraban,13,12,no
consideración,13,13,no
consistió,13,9,no
constaba,13,8,no
contrafuertes,13,13,no
contrató,13,8,no
controles,13,9,no
controvertida,13,13,no
cook,13,4,no
corredores,13,10,no
corrido,13,7,no
costos,13,6,no
creaciones,13,10,no
crestas,13,7,no
cronista,13,8,no
cross,13,5,no
crucial,13,7,no
cubría,13,6,no
cuidar,13,6,no
cultivada,13,9,no
cultivadas,13,10,no
cultivado,13,9,no
cultivar,13,8,no
curiosa,13,7,no
cuyos,13,5,no
dadas,13,5,no
dante,13,5,no
darte,13,5,no
davies,13,6,no
debieron,13,8,no
dedicaron,13,9,no
definiciones,13,12,no
demasiadas,13,10,no
demostración,13,12,no
den,13,3,no
dentadas,13,8,no
deprisa,13,7,no
desarrollarse,13,13,no
descontento,13,11,no
descritos,13,9,no
deshabitada,13,11,no
desigual,13,8,no
detective,13,9,no
deudas,13,6,no
diablos,13,7,no
dirigidas,13,9,no
disparado,13,9,no
distintivos,13,11,no
diversa,13,7,no
dividirse,13,9,no
docentes,13,8,no
documentada,13,11,no
donaciones,13,10,no
doradas,13,7,no
dramaturgo,13,10,no
eclesiástica,13,12,no
ecológica,13,9,no
economista,13,10,no
económicamente,13,14,no
ecuatoriana,13,11,no
efectiva,13,8,no
eficiente,13,9,no
egipcios,13,8,no
egresado,13,8,no
elaborada,13,9,no
elba,13,4,no
elogios,13,7,no
emigraron,13,9,no
emily,13,5,no
emplear,13,7,no
enanos,13,6,no
enciclopedia,13,12,no
enojo,13,5,no
envenenado,13,10,no
envueltos,13,9,no
eruditos,13,8,no
estadios,13,8,no
explorador,13,10,no
expuestos,13,9,no
expuso,13,6,no
extensos,13,8,no
extinto,13,7,no
figuran,13,7,no
finalización,13,12,no
flecha,13,6,no
flotantes,13,9,no
fluviales,13,9,no
forestales,13,10,no
fosa,13,4,no
foster,13,6,no
francos,13,7,no
frederick,13,9,no
frontón,13,7,no
funcionado,13,10,no
fósil,13,5,no
ganan,13,5,no
generador,13,9,no
germán,13,6,no
gigantesco,13,10,no
golden,13,6,no
grace,13,5,no
graham,13,6,no
guardan,13,7,no
guiadas,13,7,no
hallaba,13,7,no
hardware,13,8,no
hazañas,13,7,no
helicóptero,13,11,no
helicópteros,13,12,no
hogueras,13,8,no
honorífico,13,10,no
hormigas,13,8,no
hospitales,13,10,no
ignición,13,8,no
ilumina,13,7,no
imaginar,13,8,no
imponente,13,9,no
imprescindible,13,14,no
inclusive,13,9,no
informaciones,13,13,no
inocencia,13,9,no
instala,13,7,no
intercambios,13,12,no
interviene,13,10,no
introduce,13,9,no
involucrado,13,11,no
irene,13,5,no
jan,13,3,no
jenny,13,5,no
jesucristo,13,10,no
juramento,13,9,no
kent,13,4,no
laboratorios,13,12,no
lenin,13,5,no
leones,13,6,no
levantamiento,13,13,no
levemente,13,9,no
leña,13,4,no
liberar,13,7,no
libremente,13,10,no
liguilla,13,8,no
listos,13,6,no
llegaremos,13,10,no
llego,13,5,no
llueve,13,6,no
luchadores,13,10,no
lucy,13,4,no
lámpara,13,7,no
madrina,13,7,no
magnus,13,6,no
malvinas,13,8,no
manchester,13,10,no
manipulación,13,12,no
manolo,13,6,no
mantequilla,13,11,no
marea,13,5,no
masculinos,13,10,no
mecánicas,13,9,no
mentiras,13,8,no
mercenarios,13,11,no
metálico,13,8,no
migraciones,13,11,no
mineros,13,7,no
mire,13,4,no
misas,13,5,no
modernismo,13,10,no
montamos,13,8,no
montura,13,7,no
mostrado,13,8,no
mover,13,5,no
mrs,13,3,no
murmullos,13,9,no
naranjas,13,8,no
navegando,13,9,no
necesarios,13,10,no
negruzca,13,8,no
nicolas,13,7,no
nitrógeno,13,9,no
niza,13,4,no
norteamericano,13,14,no
notación,13,8,no
notar,13,5,no
níger,13,5,no
níquel,13,6,no
obregón,13,7,no
oligoceno,13,9,no
online,13,6,no
operan,13,6,no
pacífica,13,8,no
padrino,13,7,no
paneles,13,7,no
papi,13,4,no
paraje,13,6,no
paralela,13,8,no
parodia,13,7,no
participante,13,12,no
parásitos,13,9,no
pasaban,13,7,no
pasajes,13,7,no
pedazos,13,7,no
pega,13,4,no
persigue,13,8,no
pertenecer,13,10,no
phoenix,13,7,no
pieles,13,6,no
pilastras,13,9,no
pintaba,13,7,no
pionera,13,7,no
pisito,13,6,no
pistolas,13,8,no
pizarro,13,7,no
place,13,5,no
plantea,13,7,no
porta,13,5,no
porte,13,5,no
posgrado,13,8,no
practican,13,9,no
predilecto,13,10,no
preferencia,13,11,no
probabilidad,13,12,no
proceden,13,8,no
procedía,13,8,no
prohibió,13,8,no
prosperidad,13,11,no
protestantes,13,12,no
práctico,13,8,no
publicando,13,10,no
puedan,13,6,no
quejas,13,6,no
químicas,13,8,no
radiales,13,8,no
ralph,13,5,no
rangers,13,7,no
raymond,13,7,no
receptor,13,8,no
redondeada,13,10,no
referido,13,8,no
remate,13,6,no
remoto,13,6,no
renombrado,13,10,no
reparación,13,10,no
residencias,13,11,no
residuos,13,8,no
resultar,13,8,no
retablos,13,8,no
reto,13,4,no
rituales,13,8,no
robertson,13,9,no
robustas,13,8,no
sabiendo,13,8,no
santana,13,7,no
sebastian,13,9,no
seguidamente,13,12,no
seleccionar,13,11,no
sentencias,13,10,no
sentimental,13,11,no
septentrional,13,13,no
seriamente,13,10,no
severa,13,6,no
severo,13,6,no
sienta,13,6,no
sierras,13,7,no
silvestres,13,10,no
sirvieron,13,9,no
socialismo,13,10,no
solidaridad,13,11,no
sometido,13,8,no
sonar,13,5,no
sonia,13,5,no
sonríe,13,6,no
sorbona,13,7,no
sorprende,13,9,no
soul,13,4,no
stan,13,4,no
stevens,13,7,no
sugerido,13,8,no
surf,13,4,no
surgido,13,7,no
susan,13,5,no
sustrato,13,8,no
sweet,13,5,no
talentos,13,8,no
taxi,13,4,no
tesoros,13,7,no
testimonios,13,11,no
tirar,13,5,no
tomaba,13,6,no
tormentas,13,9,no
trabajadora,13,11,no
traducidas,13,10,no
tutela,13,6,no
táctica,13,7,no
valentín,13,8,no
varela,13,6,no
veneno,13,6,no
vertebrados,13,11,no
vestir,13,6,no
vestuario,13,9,no
viceversa,13,9,no
vigor,13,5,no
villaverde,13,10,no
volcánica,13,9,no
voluntaria,13,10,no
vulnerable,13,10,no
waterpolo,13,9,no
yahoo,13,5,no
yugoslavia,13,10,no
zinc,13,4,no
ánimos,13,6,no
áridas,13,6,no
abriendo,12,8,no
accedió,12,7,no
acomodada,12,9,no
acompañaba,12,10,no
acontecimiento,12,14,no
acreditado,12,10,no
acuario,12,7,no
acá,12,3,no
adjunto,12,7,no
adosado,12,7,no
adquieren,12,9,no
adquiriendo,12,11,no
aeropuertos,12,11,no
afectar,12,7,no
agropecuaria,12,12,no
ahorros,12,7,no
aislados,12,8,no
ajuste,12,6,no
alabado,12,7,no
aldo,12,4,no
alerta,12,6,no
alfa,12,4,no
alfombras,12,9,no
algoritmos,12,10,no
alvarado,12,8,no
amberes,12,7,no
amigas,12,6,no
amistosos,12,9,no
ampliado,12,8,no
anchas,12,6,no
anciano,12,7,no
anidan,12,6,no
antón,12,5,no
aparatos,12,8,no
aparecía,12,8,no
aplicadas,12,9,no
aporte,12,6,no
aprendiendo,12,11,no
apresado,12,8,no
aprobó,12,6,no
aprovechar,12,10,no
aprovechó,12,9,no
ariel,12,5,no
arrestados,12,10,no
arterias,12,8,no
artrópodos,12,10,no
arts,12,4,no
asambleas,12,9,no
asiáticos,12,9,no
asteroide,12,9,no
asustada,12,8,no
atracciones,12,11,no
aumentaron,12,10,no
avanzar,12,7,no
ayudaron,12,8,no
bailarines,12,10,no
band,12,4,no
barato,12,6,no
barney,12,6,no
basándose,12,9,no
baya,12,4,no
beatles,12,7,no
belgrado,12,8,no
besar,12,5,no
bilingüe,12,8,no
biológica,12,9,no
blando,12,6,no
bolas,12,5,no
boletín,12,7,no
bombardeo,12,9,no
bonn,12,4,no
borgoña,12,7,no
bristol,12,7,no
budapest,12,8,no
buscan,12,6,no
caballerangos,12,13,no
caca,12,4,no
caldera,12,7,no
calvario,12,8,no
camilo,12,6,no
camisa,12,6,no
canadienses,12,11,no
cancelado,12,9,no
capturaron,12,10,no
caracoles,12,9,no
caracterizado,12,13,no
carey,12,5,no
cargado,12,7,no
carlistas,12,9,no
carnes,12,6,no
casados,12,7,no
casan,12,5,no
cataratas,12,9,no
católicas,12,9,no
cauce,12,5,no
causaron,12,8,no
cazar,12,5,no
celta,12,5,no
centrado,12,8,no
cervezas,12,8,no
chaleco,12,7,no
cicatrices,12,10,no
ciclón,12,6,no
ciega,12,5,no
ciegos,12,6,no
cifra,12,5,no
cilindros,12,9,no
cirujano,12,8,no
colectiva,12,9,no
comedor,12,7,no
comenzando,12,10,no
comics,12,6,no
compiten,12,8,no
computación,12,11,no
concluir,12,8,no
conclusiones,12,12,no
conectadas,12,10,no
conejo,12,6,no
confrontación,12,13,no
conlleva,12,8,no
conquistadores,12,14,no
consecutivo,12,11,no
consejeros,12,10,no
consumir,12,8,no
convencido,12,10,no
convertir,12,9,no
conviene,12,8,no
corales,12,7,no
cortejo,12,7,no
costillas,12,9,no
county,12,6,no
creyó,12,5,no
critica,12,7,no
crías,12,5,no
cuerno,12,6,no
cumplimiento,12,12,no
cívica,12,6,no
códigos,12,7,no
córcega,12,7,no
daremos,12,7,no
dean,12,4,no
deberán,12,7,no
dedicación,12,10,no
defensas,12,8,no
defiende,12,8,no
dejaste,12,7,no
demandas,12,8,no
demarcación,12,11,no
deportista,12,10,no
desafío,12,7,no
desarrolladas,12,13,no
descargar,12,9,no
desembarcar,12,11,no
desembarco,12,10,no
desorden,12,8,no
destinadas,12,10,no
diferencian,12,11,no
dimisión,12,8,no
diplomática,12,11,no
diplomáticos,12,12,no
diputada,12,8,no
directorio,12,10,no
diseñadas,12,9,no
diseñadores,12,11,no
dispersa,12,8,no
disputas,12,8,no
distinguió,12,10,no
diverso,12,7,no
dividieron,12,10,no
doctoral,12,8,no
dominación,12,10,no
donada,12,6,no
donó,12,4,no
dorados,12,7,no
dormida,12,7,no
dormitorio,12,10,no
dotada,12,6,no
ducha,12,5,no
ecuatoriano,12,11,no
editar,12,6,no
educativas,12,10,no
efectivos,12,9,no
egipcio,12,7,no
ejercicios,12,10,no
elaborar,12,8,no
electric,12,8,no
elegante,12,8,no
eliminada,12,9,no
elípticas,12,9,no
emitida,12,7,no
encender,12,8,no
enfermó,12,7,no
enmarca,12,7,no
ensayista,12,9,no
ensenada,12,8,no
enseñanzas,12,10,no
entregado,12,9,no
entregar,12,8,no
entrena,12,7,no
erupción,12,8,no
escaño,12,6,no
escoger,12,7,no
escogida,12,8,no
escribieron,12,11,no
escribía,12,8,no
escuchas,12,8,no
esgrima,12,7,no
eslovenia,12,9,no
esparta,12,7,no
espejos,12,7,no
espuela,12,7,no
eurovisión,12,10,no
evans,12,5,no
evitarlo,12,8,no
evitó,12,5,no
evoca,12,5,no
exactas,12,7,no
exactitud,12,9,no
exige,12,5,no
explicaciones,12,13,no
extienden,12,9,no
falsos,12,6,no
faltas,12,6,no
fea,12,3,no
ferrer,12,6,no
fertilidad,12,10,no
fideos,12,6,no
fire,12,4,no
firmar,12,6,no
firmaron,12,8,no
fisher,12,6,no
flandes,12,7,no
flexible,12,8,no
flotante,12,8,no
foco,12,4,no
foso,12,4,no
fracasaron,12,10,no
fragancia,12,9,no
frentes,12,7,no
frijol,12,6,no
fusil,12,5,no
futbolistas,12,11,no
gabriela,12,8,no
galope,12,6,no
game,12,4,no
geográficos,12,11,no
gijón,12,5,no
girar,12,5,no
gobernó,12,7,no
goleador,12,8,no
graba,12,5,no
grava,12,5,no
guardado,12,8,no
guías,12,5,no
habrían,12,7,no
hard,12,4,no
haré,12,4,no
hawaii,12,6,no
helechos,12,8,no
higuera,12,7,no
holandeses,12,10,no
homicidio,12,9,no
hongo,12,5,no
horarios,12,8,no
hubieran,12,8,no
ilusiones,12,9,no
ilustrador,12,10,no
impide,12,6,no
incoloro,12,8,no
infante,12,7,no
informa,12,7,no
inmaculada,12,10,no
innovador,12,9,no
interesarse,12,11,no
intermitente,12,12,no
inversa,12,7,no
iron,12,4,no
jardinería,12,10,no
jodido,12,6,no
jon,12,3,no
joyas,12,5,no
junín,12,5,no
ken,12,3,no
kirk,12,4,no
laborales,12,9,no
ladrillos,12,9,no
ladrón,12,6,no
largometrajes,12,13,no
legendario,12,10,no
leopoldo,12,8,no
libreto,12,7,no
limitaba,12,8,no
llevarse,12,8,no
lleve,12,5,no
lobos,12,5,no
localizar,12,9,no
louise,12,6,no
luce,12,4,no
luchan,12,6,no
luchas,12,6,no
maduro,12,6,no
maestras,12,8,no
malcolm,12,7,no
mandarín,12,8,no
manifestantes,12,13,no
mann,12,4,no
marcan,12,6,no
marchar,12,7,no
marismas,12,8,no
marx,12,4,no
matando,12,7,no
matemáticos,12,11,no
materias,12,8,no
mejorando,12,9,no
merino,12,6,no
metálicos,12,9,no
mezclan,12,7,no
moderadamente,12,13,no
mona,12,4,no
monseñor,12,8,no
monstruo,12,8,no
morada,12,6,no
morelos,12,7,no
morro,12,5,no
mostraban,12,9,no
mural,12,5,no
márquez,12,7,no
máscara,12,7,no
narración,12,9,no
navales,12,7,no
neil,12,4,no
neumonía,12,8,no
nintendo,12,8,no
normativa,12,9,no
noruego,12,7,no
notoriedad,12,10,no
notorio,12,7,no
novedades,12,9,no
oaxaca,12,6,no
obliga,12,6,no
obligados,12,9,no
obligatoria,12,11,no
obtenidos,12,9,no
oceanía,12,7,no
oceánico,12,8,no
oculta,12,6,no
olga,12,4,no
olla,12,4,no
ordena,12,6,no
paco,12,4,no
paleártico,12,10,no
panorama,12,8,no
paraguayo,12,9,no
paralelos,12,9,no
parecidos,12,9,no
parentesco,12,10,no
parezca,12,7,no
parlamentario,12,13,no
patentes,12,8,no
patrono,12,7,no
perdidos,12,8,no
peruanos,12,8,no
pesan,12,5,no
pescador,12,8,no
philip,12,6,no
pintadas,12,8,no
plantel,12,7,no
pleito,12,6,no
pon,12,3,no
portales,12,8,no
portugueses,12,11,no
postre,12,6,no
prados,12,6,no
prat,12,4,no
precedentes,12,11,no
prefecto,12,8,no
presidentes,12,11,no
prestigioso,12,11,no
presto,12,6,no
productions,12,11,no
progresivamente,12,15,no
pronóstico,12,10,no
proporcionar,12,12,no
prototipo,12,9,no
provee,12,6,no
publican,12,8,no
publicitarios,12,13,no
puntiagudo,12,10,no
póstumo,12,7,no
quedaría,12,8,no
queridos,12,8,no
querían,12,7,no
quiebra,12,7,no
quise,12,5,no
ranas,12,5,no
ratas,12,5,no
recibía,12,7,no
recintos,12,8,no
recomendable,12,12,no
recopilación,12,12,no
recorridos,12,10,no
reducidas,12,9,no
reemplazar,12,10,no
refugió,12,7,no
regidor,12,7,no
registra,12,8,no
registrados,12,11,no
registró,12,8,no
reglamento,12,10,no
regulación,12,10,no
relata,12,6,no
renovó,12,6,no
representados,12,13,no
respectivas,12,11,no
respetar,12,8,no
restricciones,12,13,no
retomó,12,6,no
retroceso,12,9,no
revolucionaria,12,14,no
rio,12,3,no
risa,12,4,no
rivadavia,12,9,no
rizomas,12,7,no
rodado,12,6,no
rojiza,12,6,no
rosadas,12,7,no
ríe,12,3,no
sagrados,12,8,no
secuencias,12,10,no
seguidor,12,8,no
seguirá,12,7,no
segundas,12,8,no
sencillez,12,9,no
sendas,12,6,no
senior,12,6,no
señaló,12,6,no
siembra,12,7,no
sinaloa,12,7,no
siniestro,12,9,no
soberano,12,8,no
soberanía,12,9,no
soccer,12,6,no
sonoro,12,6,no
soriano,12,7,no
sostenible,12,10,no
sostenido,12,9,no
stuart,12,6,no
submarina,12,9,no
submarinos,12,10,no
sudamericano,12,12,no
suite,12,5,no
sumisión,12,8,no
supervivientes,12,14,no
superó,12,6,no
supo,12,4,no
suspendido,12,10,no
tarta,12,5,no
televisivo,12,10,no
temblorosa,12,10,no
tennessee,12,9,no
terribles,12,9,no
tigres,12,6,no
tiros,12,5,no
titula,12,6,no
tocan,12,5,no
tolerante,12,9,no
tonga,12,5,no
tortilla,12,8,no
tragedias,12,9,no
transferencia,12,13,no
través,12,6,no
triunfal,12,8,no
trópicos,12,8,no
tuviera,12,7,no
tuya,12,4,no
twitter,12,7,no
ubicó,12,5,no
unía,12,4,no
vacía,12,5,no
val,12,3,no
velázquez,12,9,no
vendida,12,7,no
verme,12,5,no
viajero,12,7,no
villar,12,6,no
vinilo,12,6,no
visiones,12,8,no
válvulas,12,8,no
westminster,12,11,no
yendo,12,5,no
zagreb,12,6,no
ángulos,12,7,no
átomos,12,6,no
útiles,12,6,no
absorción,11,9,no
acabaría,11,8,no
academias,11,9,no
aceptan,11,7,no
acompañan,11,9,no
actualización,11,13,no
acusó,11,5,no
adelantado,11,10,no
administrar,11,11,no
adopta,11,6,no
adornos,11,7,no
adriana,11,7,no
adultas,11,7,no
advocación,11,10,no
adyacente,11,9,no
adyacentes,11,10,no
adán,11,4,no
afectan,11,7,no
alcántara,11,9,no
aliado,11,6,no
alteraciones,11,12,no
amada,11,5,no
amarillenta,11,11,no
amistades,11,9,no
andina,11,6,no
andorra,11,7,no
andrés,11,6,no
aniversario,11,11,no
antillas,11,8,no
antioquia,11,9,no
antonia,11,7,no
anónimo,11,7,no
apagado,11,7,no
apelación,11,9,no
apellidos,11,9,no
apple,11,5,no
aprobado,11,8,no
aprobar,11,7,no
apóstol,11,7,no
araña,11,5,no
arcade,11,6,no
arista,11,6,no
arpa,11,4,no
arqueológicas,11,13,no
arranque,11,8,no
ascendente,11,10,no
asilo,11,5,no
asiática,11,8,no
atacados,11,8,no
atravesar,11,9,no
aumentan,11,8,no
avanzado,11,8,no
avellaneda,11,10,no
avenidas,11,8,no
azulejos,11,8,no
bahamas,11,7,no
bajan,11,5,no
banks,11,5,no
barón,11,5,no
batallones,11,10,no
besado,11,6,no
bicho,11,5,no
bodegas,11,7,no
boliviano,11,9,no
bombillas,11,9,no
bonus,11,5,no
botas,11,5,no
botones,11,7,no
botín,11,5,no
boxeador,11,8,no
brindis,11,7,no
british,11,7,no
broma,11,5,no
buey,11,4,no
bula,11,4,no
bush,11,4,no
cacao,11,5,no
cafetería,11,9,no
cagado,11,6,no
calzado,11,7,no
cambiaron,11,9,no
caminar,11,7,no
camiones,11,8,no
canchas,11,7,no
cantautor,11,9,no
capellán,11,8,no
carla,11,5,no
caseríos,11,8,no
catherine,11,9,no
cautiverio,11,10,no
cazador,11,7,no
celebrando,11,10,no
centímetros,11,11,no
cera,11,4,no
cereal,11,6,no
charlas,11,7,no
chiquillo,11,9,no
chuck,11,5,no
citada,11,6,no
ciudadela,11,9,no
civilizaciones,11,14,no
climáticas,11,10,no
clínicas,11,8,no
cobrar,11,6,no
colima,11,6,no
colocar,11,7,no
colorido,11,8,no
combinado,11,9,no
compacto,11,8,no
compensación,11,12,no
comprensión,11,11,no
condenó,11,7,no
conectan,11,8,no
confiar,11,7,no
conforma,11,8,no
conquistó,11,9,no
conseguía,11,9,no
conservadora,11,12,no
conspiración,11,12,no
consumidores,11,12,no
contado,11,7,no
contribuye,11,10,no
controlada,11,10,no
cooperativa,11,11,no
corporation,11,11,no
corrales,11,8,no
correspondientes,11,16,no
correspondía,11,12,no
corrieron,11,9,no
cortada,11,7,no
costados,11,8,no
costarricense,11,13,no
creadores,11,9,no
creas,11,5,no
criticada,11,9,no
cuadras,11,7,no
cuelga,11,6,no
cuerdo,11,6,no
cuervos,11,7,no
cuna,11,4,no
cup,11,3,no
cápsulas,11,8,no
cónica,11,6,no
declarar,11,8,no
defensora,11,9,no
dejamos,11,7,no
dejarlo,11,7,no
denis,11,5,no
dennis,11,6,no
denominados,11,11,no
denver,11,6,no
dependerá,11,9,no
derivado,11,8,no
derrotas,11,8,no
des,11,3,no
desaparecida,11,12,no
desfile,11,7,no
desiertos,11,9,no
desprende,11,9,no
destacaron,11,10,no
diarrea,11,7,no
difunto,11,7,no
dimos,11,5,no
diplomado,11,9,no
dirigieron,11,10,no
disparó,11,7,no
dispersos,11,9,no
disponer,11,8,no
disponía,11,8,no
dispuestos,11,10,no
divorciado,11,10,no
divorció,11,8,no
diálogos,11,8,no
docena,11,6,no
domicilio,11,9,no
dueña,11,5,no
dueños,11,6,no
duraron,11,7,no
edgar,11,5,no
elaborados,11,10,no
elvira,11,6,no
embajadores,11,11,no
emigrar,11,7,no
emperatriz,11,10,no
empezado,11,8,no
enamorados,11,10,no
enamoran,11,8,no
enfrenta,11,8,no
enriqueta,11,9,no
enteros,11,7,no
entrenó,11,7,no
envuelto,11,8,no
epíteto,11,7,no
equivoca,11,8,no
erecto,11,6,no
ernest,11,6,no
escalar,11,7,no
escasez,11,7,no
escritorio,11,10,no
escuchando,11,10,no
espaldas,11,8,no
especialización,11,15,no
espinoso,11,8,no
espionaje,11,9,no
estacionamiento,11,15,no
estadía,11,7,no
estarán,11,7,no
estrechos,11,9,no
estremecía,11,10,no
estribor,11,8,no
estudiada,11,9,no
exhiben,11,7,no
explora,11,7,no
explota,11,7,no
expresado,11,9,no
expresan,11,8,no
expresidente,11,12,no
expulsión,11,9,no
extraños,11,8,no
favorece,11,8,no
fichaje,11,7,no
financiación,11,12,no
folclore,11,8,no
fragmento,11,9,no
fraile,11,6,no
frutales,11,8,no
fundar,11,6,no
fundición,11,9,no
fuselaje,11,8,no
futbolística,11,12,no
galardones,11,10,no
ganaba,11,6,no
ganada,11,6,no
ganancia,11,8,no
ganancias,11,9,no
gancho,11,6,no
garza,11,5,no
generado,11,8,no
georg,11,5,no
gerona,11,6,no
gordo,11,5,no
granos,11,6,no
grasas,11,6,no
gratis,11,6,no
greenwich,11,9,no
groenlandia,11,11,no
guión,11,5,no
haberle,11,7,no
haberlo,11,7,no
hacemos,11,7,no
hart,11,4,no
heidelberg,11,10,no
helena,11,6,no
herejes,11,7,no
hernán,11,6,no
hilda,11,5,no
homosexualidad,11,14,no
honoris,11,7,no
hostia,11,6,no
hot,11,3,no
huelva,11,6,no
ibarra,11,6,no
ilustres,11,8,no
impresora,11,9,no
impurezas,11,9,no
incapaz,11,7,no
incendios,11,9,no
incinerado,11,10,no
inclinación,11,11,no
inclinó,11,7,no
incorporado,11,11,no
indicar,11,7,no
indicios,11,8,no
infecciones,11,11,no
inflamación,11,11,no
ingrediente,11,11,no
inquieta,11,8,no
insuficiencia,11,13,no
insular,11,7,no
integrar,11,8,no
intensos,11,8,no
interesa,11,8,no
intermedio,11,10,no
interpretan,11,11,no
interrupción,11,12,no
interés,11,7,no
intestino,11,9,no
invención,11,9,no
investigó,11,9,no
invita,11,6,no
islámica,11,8,no
jacob,11,5,no
jake,11,4,no
jam,11,3,no
jamón,11,5,no
jerez,11,5,no
jessica,11,7,no
judías,11,6,no
jugadora,11,8,no
jung,11,4,no
justamente,11,10,no
klein,11,5,no
latin,11,5,no
levanté,11,7,no
lienzo,11,6,no
ligados,11,7,no
like,11,4,no
listados,11,8,no
llanos,11,6,no
lleida,11,6,no
llevaría,11,8,no
lluvioso,11,8,no
lograba,11,7,no
lourdes,11,7,no
loyola,11,6,no
líquidos,11,8,no
madero,11,6,no
madres,11,6,no
madruga,11,7,no
magazine,11,8,no
mago,11,4,no
major,11,5,no
maldición,11,9,no
maldito,11,7,no
maleza,11,6,no
manantiales,11,11,no
manto,11,5,no
maratón,11,7,no
marcar,11,6,no
marginal,11,8,no
mariposas,11,9,no
matanza,11,7,no
mayas,11,5,no
mayer,11,5,no
medianoche,11,10,no
mega,11,4,no
memphis,11,7,no
mencionadas,11,11,no
mentido,11,7,no
merindad,11,8,no
metodología,11,11,no
mezclas,11,7,no
miente,11,6,no
miran,11,5,no
misteriosa,11,10,no
mitchell,11,8,no
monitor,11,7,no
monje,11,5,no
montan,11,6,no
montserrat,11,10,no
moritz,11,6,no
mostraron,11,9,no
museum,11,6,no
musicalmente,11,12,no
mutua,11,5,no
módulo,11,6,no
nancy,11,5,no
nashville,11,9,no
navío,11,5,no
negativos,11,9,no
negociar,11,8,no
noción,11,6,no
nominal,11,7,no
obviamente,11,10,no
octavio,11,7,no
ofertas,11,7,no
ofrecido,11,8,no
ojalá,11,5,no
omán,11,4,no
operadores,11,10,no
ordenación,11,10,no
ornamentales,11,12,no
pagaba,11,6,no
paja,11,4,no
pandilla,11,8,no
panel,11,5,no
papas,11,5,no
parado,11,6,no
pareciera,11,9,no
pasaremos,11,9,no
patito,11,6,no
peores,11,6,no
perfiles,11,8,no
periodísticos,11,13,no
permanecí,11,9,no
permanecía,11,10,no
permitieron,11,11,no
perseguido,11,10,no
perseguidos,11,11,no
persia,11,6,no
persistente,11,11,no
perímetro,11,9,no
pineda,11,6,no
pinnadas,11,8,no
pirineos,11,8,no
piscinas,11,8,no
pittsburgh,11,10,no
pizarra,11,7,no
playboy,11,7,no
plural,11,6,no
poligonal,11,9,no
polinesia,11,9,no
posterioridad,11,13,no
postgrado,11,9,no
postres,11,7,no
potasio,11,7,no
presentados,11,11,no
presidida,11,9,no
primeramente,11,12,no
privilegios,11,11,no
procedimientos,11,14,no
prodigio,11,8,no
prolongado,11,10,no
propietaria,11,11,no
proveniente,11,11,no
provocando,11,10,no
provocaron,11,10,no
prólogo,11,7,no
pulmón,11,6,no
pulpa,11,5,no
pívot,11,5,no
quietos,11,7,no
quijote,11,7,no
quinn,11,5,no
quintana,11,8,no
rabino,11,6,no
recoleta,11,8,no
recorren,11,8,no
redondeadas,11,11,no
refieren,11,8,no
reflejada,11,9,no
reflejan,11,8,no
registrar,11,9,no
rehusó,11,6,no
relaciona,11,9,no
relegado,11,8,no
repentinamente,11,14,no
repetir,11,7,no
repito,11,6,no
reposar,11,7,no
residía,11,7,no
resolvió,11,8,no
resultando,11,10,no
retirados,11,9,no
revancha,11,8,no
revuelto,11,8,no
rinde,11,5,no
riquezas,11,8,no
roedores,11,8,no
rosales,11,7,no
rápidas,11,7,no
sacerdotal,11,10,no
sacó,11,4,no
salada,11,6,no
salidas,11,7,no
sanción,11,7,no
sant,11,4,no
science,11,7,no
secuestrado,11,11,no
sena,11,4,no
senadores,11,9,no
senderismo,11,10,no
serios,11,6,no
siervos,11,7,no
sinagoga,11,8,no
sistemática,11,11,no
sobresaliente,11,13,no
sometidos,11,9,no
sonreí,11,6,no
sound,11,5,no
spin,11,4,no
sports,11,6,no
stuttgart,11,9,no
subida,11,6,no
sufragánea,11,10,no
sugieren,11,8,no
suicidarse,11,10,no
suman,11,5,no
sumó,11,4,no
superman,11,8,no
sábados,11,7,no
sábanas,11,7,no
tacna,11,5,no
telefónica,11,10,no
temblor,11,7,no
temple,11,6,no
teodoro,11,7,no
terremotos,11,10,no
timbre,11,6,no
torna,11,5,no
toxicidad,11,9,no
traen,11,5,no
transportes,11,11,no
trasladarse,11,11,no
traza,11,5,no
trump,11,5,no
unir,11,4,no
universitarias,11,14,no
vacuno,11,6,no
vaina,11,5,no
valenzuela,11,10,no
variando,11,8,no
vasos,11,5,no
veintiocho,11,10,no
ventilación,11,11,no
viajan,11,6,no
vigilar,11,7,no
villanos,11,8,no
vinieron,11,8,no
vocabulario,11,11,no
volcanes,11,8,no
volveremos,11,10,no
votar,11,5,no
vuestra,11,7,no
vulcano,11,7,no
vásquez,11,7,no
walt,11,4,no
ward,11,4,no
wells,11,5,no
who,11,3,no
wolf,11,4,no
xavier,11,6,no
ácida,11,5,no
ámbitos,11,7,no
ése,11,3,no
éxito,11,5,no
acantilado,10,10,no
accesorios,10,10,no
acude,10,5,no
adaptar,10,7,no
adecuados,10,9,no
adoptar,10,7,no
aerolíneas,10,10,no
afiliados,10,9,no
afro,10,4,no
afuera,10,6,no
afán,10,4,no
agregar,10,7,no
alcanzaron,10,10,no
alfaro,10,6,no
alimentarse,10,11,no
alumna,10,6,no
amargo,10,6,no
americanas,10,10,no
ametralladoras,10,14,no
amnistía,10,8,no
amplitud,10,8,no
amurallado,10,10,no
andino,10,6,no
andrews,10,7,no
animó,10,5,no
antena,10,6,no
antepasados,10,11,no
antártica,10,9,no
apeadero,10,8,no
aprovechando,10,12,no
apuntando,10,9,no
areolas,10,7,no
aro,10,3,no
arqueros,10,8,no
arrastra,10,8,no
arreglar,10,8,no
asciende,10,8,no
aseguró,10,7,no
asesinar,10,8,no
asisten,10,7,no
association,10,11,no
astorga,10,7,no
atalaya,10,7,no
atrocidades,10,11,no
audición,10,8,no
averiguar,10,9,no
ayudan,10,6,no
azores,10,6,no
añadieron,10,9,no
balcón,10,6,no
barros,10,6,no
basadas,10,7,no
basilea,10,7,no
benavente,10,9,no
bendición,10,9,no
berna,10,5,no
berta,10,5,no
betty,10,5,no
bizantinos,10,10,no
blondo,10,6,no
bordados,10,8,no
botsuana,10,8,no
brad,10,4,no
brote,10,5,no
brunswick,10,9,no
buda,10,4,no
budista,10,7,no
buenaventura,10,12,no
burton,10,6,no
bután,10,5,no
calcular,10,8,no
callar,10,6,no
cambiamos,10,9,no
caminando,10,9,no
campesina,10,9,no
cap,10,3,no
carlomagno,10,10,no
carpintero,10,10,no
carpintería,10,11,no
cartón,10,6,no
catástrofe,10,10,no
caídos,10,6,no
celdas,10,6,no
centran,10,7,no
cese,10,4,no
challenger,10,10,no
church,10,6,no
cincinnati,10,10,no
cladograma,10,10,no
clasificarse,10,12,no
claude,10,6,no
clinton,10,7,no
coca,10,4,no
colega,10,6,no
comandos,10,8,no
combinan,10,8,no
comparable,10,10,no
compartido,10,10,no
comprendía,10,10,no
comunicarse,10,11,no
confesión,10,9,no
confirmar,10,9,no
conocían,10,8,no
conos,10,5,no
conquistador,10,12,no
consagrada,10,10,no
consagrado,10,10,no
conseguiría,10,11,no
constructores,10,13,no
contemplando,10,12,no
continuas,10,9,no
contorno,10,8,no
contribuyeron,10,13,no
corcho,10,6,no
coreografía,10,11,no
correa,10,6,no
corría,10,6,no
costó,10,5,no
crudo,10,5,no
cubanos,10,7,no
cubo,10,4,no
cuyas,10,5,no
dani,10,4,no
dañada,10,6,no
deber,10,5,no
declinó,10,7,no
decoraciones,10,12,no
dedicándose,10,11,no
defenderse,10,10,no
definidos,10,9,no
dehesa,10,6,no
dejaré,10,6,no
delegaciones,10,12,no
delgados,10,8,no
demasiados,10,10,no
denuncia,10,8,no
dependía,10,8,no
derivada,10,8,no
derivan,10,7,no
derrotada,10,9,no
desaparezca,10,11,no
descendiendo,10,12,no
desempleo,10,9,no
deshizo,10,7,no
designa,10,7,no
despegue,10,8,no
desterrado,10,10,no
diestro,10,7,no
discapacidad,10,12,no
discuten,10,8,no
doblada,10,7,no
dragones,10,8,no
duramente,10,9,no
echado,10,6,no
ecológico,10,9,no
ecorregión,10,10,no
ecos,10,4,no
edita,10,5,no
editada,10,7,no
efectuar,10,8,no
einstein,10,8,no
eligieron,10,9,no
eliminatoria,10,12,no
eliminó,10,7,no
embarcó,10,7,no
emblemática,10,11,no
emboscada,10,9,no
emigración,10,10,no
emisiones,10,9,no
emoción,10,7,no
enamoró,10,7,no
encargaba,10,9,no
encino,10,6,no
enclave,10,7,no
enhorabuena,10,11,no
entienden,10,9,no
entras,10,6,no
equipadas,10,9,no
equipados,10,9,no
equivalentes,10,12,no
ernst,10,5,no
esclavitud,10,10,no
escogió,10,7,no
escondidas,10,10,no
escuchado,10,9,no
eslogan,10,7,no
especialidades,10,14,no
especialistas,10,13,no
espiral,10,7,no
esquemas,10,8,no
esquife,10,7,no
estanque,10,8,no
esther,10,6,no
estonia,10,7,no
estrada,10,7,no
estrasburgo,10,11,no
etiqueta,10,8,no
eugenia,10,7,no
evangelios,10,10,no
exploradores,10,12,no
explosivo,10,9,no
exportación,10,11,no
expuestas,10,9,no
extensamente,10,12,no
extrae,10,6,no
facciones,10,9,no
falcón,10,6,no
faros,10,5,no
festejos,10,8,no
fijó,10,4,no
filosóficos,10,11,no
filósofos,10,9,no
financiada,10,10,no
financiado,10,10,no
flamenca,10,8,no
flechas,10,7,no
flotando,10,8,no
font,10,4,no
foros,10,5,no
forzoso,10,7,no
fracturas,10,9,no
franquistas,10,11,no
frito,10,5,no
funcionaba,10,10,no
funcionando,10,11,no
fórmulas,10,8,no
galante,10,7,no
games,10,5,no
gansos,10,6,no
garantiza,10,9,no
geográficas,10,11,no
gibson,10,6,no
glabras,10,7,no
glándulas,10,9,no
gobernado,10,9,no
gobernar,10,8,no
golondrina,10,10,no
gould,10,5,no
gray,10,4,no
gruesos,10,7,no
habéis,10,6,no
hallados,10,8,no
harvey,10,6,no
henares,10,7,no
hispania,10,8,no
hispánica,10,9,no
hits,10,4,no
horno,10,5,no
how,10,3,no
hurtado,10,7,no
ian,10,3,no
ilustra,10,7,no
implicado,10,9,no
impone,10,6,no
impresa,10,7,no
impresionado,10,12,no
impuesto,10,8,no
inauguró,10,8,no
incursiones,10,11,no
indicado,10,8,no
indicó,10,6,no
infantes,10,8,no
inminente,10,9,no
inmueble,10,8,no
insecto,10,7,no
inspira,10,7,no
intendencia,10,11,no
intente,10,7,no
interrogado,10,11,no
intervenciones,10,14,no
involucra,10,9,no
involucrada,10,11,no
involucró,10,9,no
iones,10,5,no
jaula,10,5,no
johnston,10,8,no
journal,10,7,no
judas,10,5,no
julieta,10,7,no
kara,10,4,no
kentucky,10,8,no
key,10,3,no
kurt,10,4,no
lamentar,10,8,no
lanzamientos,10,12,no
lapso,10,5,no
laurel,10,6,no
legalmente,10,10,no
levantado,10,9,no
liderado,10,8,no
liebre,10,6,no
lienzos,10,7,no
limitaciones,10,12,no
lineales,10,8,no
linternas,10,9,no
lonchera,10,8,no
lorena,10,6,no
lujoso,10,6,no
luke,10,4,no
lógico,10,6,no
maduración,10,10,no
maduran,10,7,no
magnífico,10,9,no
mahoma,10,6,no
maine,10,5,no
malvada,10,7,no
malí,10,4,no
manda,10,5,no
mandíbulas,10,10,no
marchas,10,7,no
masonería,10,9,no
matadero,10,8,no
matriculó,10,9,no
mauritania,10,10,no
medición,10,8,no
mercantil,10,9,no
meyer,10,5,no
milicia,10,7,no
montados,10,8,no
montana,10,7,no
mosaico,10,7,no
mosca,10,5,no
moteado,10,7,no
muchísimo,10,9,no
mudarse,10,7,no
muertas,10,7,no
muevas,10,6,no
mueven,10,6,no
mundialmente,10,12,no
munición,10,8,no
muscular,10,8,no
mánchester,10,10,no
mínimos,10,7,no
neerlandesa,10,11,no
negaron,10,7,no
negociación,10,11,no
news,10,4,no
nina,10,4,no
nobel,10,5,no
nobiliario,10,10,no
novedad,10,7,no
obedeció,10,8,no
obligaciones,10,12,no
obligada,10,8,no
ocasional,10,9,no
oculares,10,8,no
olvide,10,6,no
operador,10,8,no
operar,10,6,no
operativa,10,9,no
oporto,10,6,no
opositores,10,10,no
orfanato,10,8,no
orlando,10,7,no
oxidación,10,9,no
palatinado,10,10,no
paradas,10,7,no
paralelas,10,9,no
parma,10,5,no
pasarela,10,8,no
paseos,10,6,no
pasillos,10,8,no
patinaje,10,8,no
patriótica,10,10,no
paulina,10,7,no
pedúnculo,10,9,no
peligrosas,10,10,no
peluquería,10,10,no
people,10,6,no
per,10,3,no
perdidas,10,8,no
perla,10,5,no
permanecían,10,11,no
permitirá,10,9,no
pertenecían,10,11,no
pesquera,10,8,no
peticiones,10,10,no
petrolera,10,9,no
petrolero,10,9,no
picadura,10,8,no
poblacional,10,11,no
poemarios,10,9,no
pony,10,4,no
poquito,10,7,no
port,10,4,no
porter,10,6,no
portuaria,10,9,no
posesiones,10,10,no
powell,10,6,no
precedido,10,9,no
preescolar,10,10,no
prendas,10,7,no
prestado,10,8,no
prestigiosa,10,11,no
pretender,10,9,no
previos,10,7,no
princeton,10,9,no
privilegio,10,10,no
procesado,10,9,no
procesamiento,10,13,no
profeta,10,7,no
prometo,10,7,no
propaga,10,7,no
propagación,10,11,no
propaganda,10,10,no
propulsión,10,10,no
prosperó,10,8,no
protagonismo,10,12,no
protagonizado,10,13,no
protectora,10,10,no
pudieran,10,8,no
purísima,10,8,no
píleo,10,5,no
realizará,10,9,no
reconstruir,10,11,no
reflexión,10,9,no
regeneración,10,12,no
remix,10,5,no
remontan,10,8,no
remos,10,5,no
rendirse,10,8,no
repetidas,10,9,no
reportaron,10,10,no
requerir,10,8,no
reservada,10,9,no
respetado,10,9,no
respiración,10,11,no
respondieron,10,12,no
reunidas,10,8,no
reunirse,10,8,no
revelar,10,7,no
revisiones,10,10,no
revolucionarios,10,15,no
riberas,10,7,no
rito,10,4,no
rocosa,10,6,no
rolling,10,7,no
ropas,10,5,no
rota,10,4,no
ruptura,10,7,no
rutina,10,6,no
ráfagas,10,7,no
rígidos,10,7,no
sable,10,5,no
saboya,10,6,no
sabremos,10,8,no
sacrificios,10,11,no
salario,10,7,no
saludando,10,9,no
salvó,10,5,no
sandoval,10,8,no
schmidt,10,7,no
secuestro,10,9,no
selma,10,5,no
sentada,10,7,no
sentó,10,5,no
sepa,10,4,no
separarse,10,9,no
señoras,10,7,no
side,10,4,no
sientes,10,7,no
sirviendo,10,9,no
sobresale,10,9,no
soltera,10,7,no
sonreía,10,7,no
suben,10,5,no
subsahariana,10,12,no
subterráneo,10,11,no
subterráneos,10,12,no
sud,10,3,no
sujetos,10,7,no
sulfato,10,7,no
sulfuro,10,7,no
suscripción,10,11,no
suspendió,10,9,no
sustitución,10,11,no
sustituida,10,10,no
taxistas,10,8,no
televisa,10,8,no
televisivas,10,11,no
temor,10,5,no
tendrían,10,8,no
tenerme,10,7,no
tenista,10,7,no
tenue,10,5,no
terminaría,10,10,no
teruel,10,6,no
tesorero,10,8,no
teóricos,10,8,no
timón,10,5,no
titulares,10,9,no
tours,10,5,no
trajeron,10,8,no
tranquilidad,10,12,no
transmitió,10,10,no
trasero,10,7,no
traspasado,10,10,no
turbina,10,7,no
tutor,10,5,no
tyler,10,5,no
tímpano,10,7,no
ucraniano,10,9,no
ultramar,10,8,no
unitario,10,8,no
urbanismo,10,9,no
vaga,10,4,no
valedor,10,7,no
valentina,10,9,no
vayas,10,5,no
vecinas,10,7,no
verdaderamente,10,14,no
verdaderas,10,10,no
verdaderos,10,10,no
verán,10,5,no
vicario,10,7,no
vienes,10,6,no
violación,10,9,no
viñedos,10,7,no
war,10,3,no
wild,10,4,no
yogur,10,5,no
yorkshire,10,9,no
zarape,10,6,no
zumbido,10,7,no
éstas,10,5,no
órbitas,10,7,no
abanico,9,7,no
abel,9,4,no
abruptamente,9,12,no
abstracto,9,9,no
abuso,9,5,no
acapulco,9,8,no
activismo,9,9,no
adapta,9,6,no
adaptados,9,9,no
adentro,9,7,no
administrada,9,12,no
admisión,9,8,no
adquirían,9,9,no
adriano,9,7,no
advierte,9,8,no
agregó,9,6,no
agresivo,9,8,no
agresivos,9,9,no
agricultor,9,10,no
agrupadas,9,9,no
aguanta,9,7,no
agujeros,9,8,no
ahogado,9,7,no
alegra,9,6,no
alejada,9,7,no
alineación,9,10,no
almagro,9,7,no
alterna,9,7,no
amalia,9,6,no
amanda,9,6,no
amelia,9,6,no
ametralladora,9,13,no
amparo,9,6,no
analizar,9,8,no
anarquista,9,10,no
anchura,9,7,no
angela,9,6,no
angelina,9,8,no
anotador,9,8,no
antaño,9,6,no
antigüedades,9,12,no
aparejo,9,7,no
aplicado,9,8,no
aprende,9,7,no
aprendido,9,9,no
apropiado,9,9,no
aproximación,9,12,no
argentinas,9,10,no
arkansas,9,8,no
arquitectónicos,9,15,no
arreglista,9,10,no
arterial,9,8,no
artesanal,9,9,no
asegurado,9,9,no
asnos,9,5,no
asoció,9,6,no
asoman,9,6,no
asomaron,9,8,no
atlántica,9,9,no
atributos,9,9,no
aumentado,9,9,no
austriaco,9,9,no
aviso,9,5,no
back,9,4,no
baden,9,5,no
bailando,9,8,no
bajaron,9,7,no
balcanes,9,8,no
bastan,9,6,no
battle,9,6,no
bautismo,9,8,no
bentónicos,9,10,no
beth,9,4,no
bienal,9,6,no
bilateral,9,9,no
borgia,9,6,no
botánicos,9,9,no
bravura,9,7,no
brisa,9,5,no
bromas,9,6,no
brutal,9,6,no
budistas,9,8,no
burguesía,9,9,no
buscaban,9,8,no
buscarla,9,8,no
butler,9,6,no
báltico,9,7,no
búlgaro,9,7,no
cabañas,9,7,no
cabinas,9,7,no
cactus,9,6,no
calurosa,9,8,no
campeche,9,8,no
candidaturas,9,12,no
canterbury,9,10,no
canónigo,9,8,no
cardíaco,9,8,no
carnosas,9,8,no
carroll,9,7,no
cartucho,9,8,no
cascadas,9,8,no
cases,9,5,no
castaños,9,8,no
casual,9,6,no
causaba,9,7,no
celulares,9,9,no
centauros,9,9,no
centenes,9,8,no
cepa,9,4,no
cerda,9,5,no
cerros,9,6,no
chapman,9,7,no
charcas,9,7,no
che,9,3,no
chiapas,9,7,no
chárter,9,7,no
cilindro,9,8,no
cilíndrico,9,10,no
cineasta,9,8,no
cisneros,9,8,no
clair,9,5,no
clasicismo,9,10,no
cloruro,9,7,no
cochabamba,9,10,no
cocido,9,6,no
cofundador,9,10,no
cohen,9,5,no
cole,9,4,no
colegiata,9,9,no
colgando,9,8,no
colocada,9,8,no
comercializado,9,14,no
completan,9,9,no
computador,9,10,no
comunican,9,9,no
concentró,9,9,no
concreta,9,8,no
condecoraciones,9,15,no
confiesa,9,8,no
conjuntamente,9,13,no
conmovido,9,9,no
cono,9,4,no
conocerse,9,9,no
conrado,9,7,no
conservada,9,10,no
conservadas,9,11,no
conservados,9,11,no
conservo,9,8,no
consideraron,9,12,no
consistente,9,11,no
consolidó,9,9,no
consorcio,9,9,no
consumidor,9,10,no
contarle,9,8,no
contenedor,9,10,no
contentos,9,9,no
contextos,9,9,no
contracción,9,11,no
contraer,9,8,no
convencionales,9,14,no
conventual,9,10,no
convertirá,9,10,no
coordinado,9,10,no
coriáceas,9,9,no
coronas,9,7,no
corregir,9,8,no
cosita,9,6,no
costero,9,7,no
crecieron,9,9,no
creta,9,5,no
croatas,9,7,no
cruzado,9,7,no
cuencas,9,7,no
cía,9,3,no
cívico,9,6,no
cómics,9,6,no
damasco,9,7,no
danesa,9,6,no
darwin,9,6,no
decepción,9,9,no
decoradas,9,9,no
dedicaba,9,8,no
defensiva,9,9,no
definida,9,8,no
dejadnos,9,8,no
dejas,9,5,no
della,9,5,no
denuncias,9,9,no
descensos,9,9,no
descienden,9,10,no
descubrimientos,9,15,no
descuento,9,9,no
designada,9,9,no
designados,9,10,no
despertó,9,8,no
desplaza,9,8,no
desplazamiento,9,14,no
detallan,9,8,no
detectives,9,10,no
detenerlo,9,9,no
detenida,9,8,no
determinante,9,12,no
determinó,9,9,no
detuve,9,6,no
devota,9,6,no
devuelto,9,8,no
diferenciadas,9,13,no
diferencial,9,11,no
difieren,9,8,no
diminutas,9,9,no
diocesano,9,9,no
diré,9,4,no
disfraces,9,9,no
disponibilidad,9,14,no
divertido,9,9,no
docenas,9,7,no
doloroso,9,8,no
dominicano,9,10,no
dominó,9,6,no
dotes,9,5,no
dream,9,5,no
duchas,9,6,no
dudar,9,5,no
duende,9,6,no
duquesa,9,7,no
düsseldorf,9,10,no
echó,9,4,no
editaron,9,8,no
eficaces,9,8,no
ejes,9,4,no
elche,9,5,no
electos,9,7,no
elefante,9,8,no
elemental,9,9,no
eligen,9,6,no
ellis,9,5,no
embarcación,9,11,no
embarques,9,9,no
embrión,9,7,no
emocionante,9,11,no
emprender,9,9,no
enclaves,9,8,no
enemiga,9,7,no
enojado,9,7,no
entiendes,9,9,no
entrenados,9,10,no
entrenamientos,9,14,no
envuelta,9,8,no
epílogo,9,7,no
escogido,9,8,no
escondite,9,9,no
escuchen,9,8,no
escáner,9,7,no
espadas,9,7,no
esperó,9,6,no
esposas,9,7,no
espíritus,9,9,no
estabilizar,9,11,no
estúpido,9,8,no
excavación,9,10,no
experimentar,9,12,no
express,9,7,no
externas,9,8,no
externo,9,7,no
extraer,9,7,no
extranjera,9,10,no
extras,9,6,no
extraído,9,8,no
falange,9,7,no
falls,9,5,no
falso,9,5,no
fantástica,9,10,no
favoreció,9,9,no
fermín,9,6,no
feroz,9,5,no
ferrara,9,7,no
feudal,9,6,no
fichado,9,7,no
fieras,9,6,no
fiero,9,5,no
figueroa,9,8,no
filarmónica,9,11,no
filipino,9,8,no
finalistas,9,10,no
finito,9,6,no
first,9,5,no
fischer,9,7,no
florence,9,8,no
forjado,9,7,no
formadas,9,8,no
fortalezas,9,10,no
fortificación,9,13,no
forzado,9,7,no
frailes,9,7,no
frena,9,5,no
fresa,9,5,no
frescas,9,7,no
freud,9,5,no
friedrich,9,9,no
from,9,4,no
fuegos,9,6,no
fármaco,9,7,no
gallery,9,7,no
ganadero,9,8,no
garantizar,9,10,no
gata,9,4,no
generalizado,9,12,no
germánico,9,9,no
gestapo,9,7,no
gestor,9,6,no
gilbert,9,7,no
girando,9,7,no
girls,9,5,no
gitano,9,6,no
goleta,9,6,no
gotas,9,5,no
gratuitos,9,9,no
gregory,9,7,no
guaraní,9,7,no
guevara,9,7,no
guido,9,5,no
gules,9,5,no
gustaría,9,8,no
hablas,9,6,no
habsburgo,9,9,no
hello,9,5,no
herbívoros,9,10,no
heredia,9,7,no
hidroxilado,9,11,no
historieta,9,10,no
hornos,9,6,no
horticultura,9,12,no
hospedería,9,10,no
huesca,9,6,no
hughes,9,6,no
humildes,9,8,no
huyendo,9,7,no
híbridos,9,8,no
ibn,9,3,no
icono,9,5,no
impaciente,9,10,no
implementación,9,14,no
implicación,9,11,no
impulsores,9,10,no
incertidumbre,9,13,no
inclusión,9,9,no
infarto,9,7,no
influyentes,9,11,no
informaron,9,10,no
ingenio,9,7,no
ingrávido,9,9,no
inmediaciones,9,13,no
inquietante,9,11,no
insomnio,9,8,no
instagram,9,9,no
integran,9,8,no
intenciones,9,11,no
interrumpió,9,11,no
intervalos,9,10,no
iría,9,4,no
izar,9,4,no
jamie,9,5,no
josé,9,4,no
jugamos,9,7,no
jugaría,9,7,no
jurista,9,7,no
juzgados,9,8,no
kang,9,4,no
kenny,9,5,no
kingston,9,8,no
labio,9,5,no
lactancia,9,9,no
lagarto,9,7,no
lennon,9,6,no
leonesa,9,7,no
letal,9,5,no
levantarse,9,10,no
leía,9,4,no
libertadores,9,12,no
lieja,9,5,no
ligeros,9,7,no
limitan,9,7,no
linterna,9,8,no
literal,9,7,no
llevadas,9,8,no
lobuladas,9,9,no
locos,9,5,no
logan,9,5,no
lois,9,4,no
loma,9,4,no
longitudinales,9,14,no
lucio,9,5,no
luminosidad,9,11,no
lynch,9,5,no
lámina,9,6,no
lápiz,9,5,no
láseres,9,7,no
lóbulo,9,6,no
manifiesto,9,10,no
maniobras,9,9,no
manipular,9,9,no
marginales,9,10,no
mariposa,9,8,no
marisa,9,6,no
martillo,9,8,no
masivo,9,6,no
matarlo,9,7,no
mediocentro,9,11,no
mejorado,9,8,no
menciones,9,9,no
mentales,9,8,no
mentor,9,6,no
metido,9,6,no
mick,9,4,no
mickey,9,6,no
militantes,9,10,no
milton,9,6,no
min,9,3,no
miniserie,9,9,no
miraflores,9,10,no
misil,9,5,no
misisipi,9,8,no
modernista,9,10,no
modificada,9,10,no
modificar,9,9,no
modificó,9,8,no
montada,9,7,no
morena,9,6,no
mostraba,9,8,no
motors,9,6,no
movie,9,5,no
mutantes,9,8,no
mágica,9,6,no
místico,9,7,no
múltiple,9,8,no
nacionalistas,9,13,no
nadadores,9,9,no
necesite,9,8,no
netflix,9,7,no
ntra,9,4,no
nuca,9,4,no
nula,9,4,no
náhuatl,9,7,no
ocre,9,4,no
ocultas,9,7,no
ocupan,9,6,no
ofrecieron,9,10,no
ofrendas,9,8,no
oklahoma,9,8,no
olivo,9,5,no
olvidados,9,9,no
omar,9,4,no
ordinario,9,9,no
organista,9,9,no
orgulloso,9,9,no
orgánicos,9,9,no
orina,9,5,no
oscurece,9,8,no
ostras,9,6,no
otomanos,9,8,no
otorgan,9,7,no
ottawa,9,6,no
ovoides,9,7,no
owen,9,4,no
oídos,9,5,no
oírle,9,5,no
pagan,9,5,no
pagó,9,4,no
paleolítico,9,11,no
panes,9,5,no
paradoja,9,8,no
paraguayos,9,10,no
parche,9,6,no
paro,9,4,no
particularidad,9,14,no
partitura,9,9,no
pasé,9,4,no
paterno,9,7,no
patrocinador,9,12,no
pecadores,9,9,no
peleó,9,5,no
pelotas,9,7,no
peludas,9,7,no
penales,9,7,no
pensamientos,9,12,no
perderemos,9,10,no
pergamino,9,9,no
permanentemente,9,15,no
permanezca,9,10,no
pintada,9,7,no
pintados,9,8,no
pintando,9,8,no
planchas,9,8,no
planicie,9,8,no
platón,9,6,no
plioceno,9,8,no
poderosos,9,9,no
point,9,5,no
pontevedra,9,10,no
porcino,9,7,no
portador,9,8,no
portillo,9,8,no
precaria,9,8,no
pregonada,9,9,no
preocupaciones,9,14,no
preocupado,9,10,no
preparada,9,9,no
preparó,9,7,no
price,9,5,no
procedió,9,8,no
procesadores,9,12,no
progresiva,9,10,no
quebec,9,6,no
quedarme,9,8,no
querida,9,7,no
querrá,9,6,no
racionalismo,9,12,no
rambla,9,6,no
ramificado,9,10,no
randy,9,5,no
rascacielos,9,11,no
rebecca,9,7,no
rechazaron,9,10,no
recompensa,9,10,no
redondas,9,8,no
regresado,9,9,no
rehabilitación,9,14,no
rematada,9,8,no
remotas,9,7,no
renania,9,7,no
renfe,9,5,no
renta,9,5,no
reparaciones,9,12,no
reparte,9,7,no
repartidos,9,10,no
repetición,9,10,no
reportado,9,9,no
reportero,9,9,no
reposan,9,7,no
representativa,9,14,no
representativo,9,14,no
reservado,9,9,no
resignado,9,9,no
resina,9,6,no
restante,9,8,no
restaurar,9,9,no
restricción,9,11,no
resultan,9,8,no
retorna,9,7,no
reunieron,9,9,no
reverso,9,7,no
revueltas,9,9,no
rex,9,3,no
reír,9,4,no
riendas,9,7,no
riverside,9,9,no
robots,9,6,no
rocha,9,5,no
rojizos,9,7,no
roosevelt,9,9,no
rossi,9,5,no
rudo,9,4,no
rush,9,4,no
ría,9,3,no
saavedra,9,8,no
salambó,9,7,no
salgo,9,5,no
salimos,9,7,no
salía,9,5,no
sao,9,3,no
saque,9,5,no
sarcófago,9,9,no
satanás,9,7,no
satisfecho,9,10,no
secular,9,7,no
seguimos,9,8,no
seiscientos,9,11,no
semestre,9,8,no
sensores,9,8,no
sentenciado,9,11,no
separar,9,7,no
serial,9,6,no
sex,9,3,no
sexualidad,9,10,no
sharon,9,6,no
silver,9,6,no
similitud,9,9,no
sindical,9,8,no
sirvientes,9,10,no
song,9,4,no
sospechas,9,9,no
southern,9,8,no
soñar,9,5,no
spinetta,9,8,no
sprint,9,6,no
studio,9,6,no
subió,9,5,no
submarino,9,9,no
sucesivos,9,9,no
sucia,9,5,no
sucursales,9,10,no
suelto,9,6,no
suicidó,9,7,no
sultán,9,6,no
superado,9,8,no
suspiro,9,7,no
sydney,9,6,no
sáenz,9,5,no
sólidos,9,7,no
tejas,9,5,no
tel,9,3,no
telescopio,9,10,no
tentáculos,9,10,no
terciario,9,9,no
tercios,9,7,no
terracota,9,9,no
tiroteo,9,7,no
todd,9,4,no
tomaremos,9,9,no
tomarse,9,7,no
tontos,9,6,no
toques,9,6,no
tornó,9,5,no
tranquiliza,9,11,no
traseras,9,8,no
trataron,9,8,no
triunfos,9,8,no
trust,9,5,no
tsunami,9,7,no
two,9,3,no
tías,9,4,no
uniformes,9,9,no
vagaba,9,6,no
valiosa,9,7,no
valioso,9,7,no
valls,9,5,no
vampiros,9,8,no
vayan,9,5,no
veintiséis,9,10,no
veintitrés,9,10,no
vence,9,5,no
venera,9,6,no
venerado,9,8,no
veras,9,5,no
vial,9,4,no
vigas,9,5,no
villegas,9,8,no
vinculación,9,11,no
vinculados,9,10,no
violentos,9,9,no
violinista,9,10,no
violonchelo,9,11,no
vitalicio,9,9,no
viudo,9,5,no
vuecencia,9,9,no
vuelvan,9,7,no
vómitos,9,7,no
wallace,9,7,no
where,9,5,no
wikipedia,9,9,no
zurdo,9,5,no
álamos,9,6,no
ángela,9,6,no
áridos,9,6,no
ídolos,9,6,no
óptico,9,6,no
óptimo,9,6,no
últimamente,9,11,no
abarcó,8,6,no
abastecimiento,8,14,no
abedul,8,6,no
aboga,8,5,no
abolengo,8,8,no
abra,8,4,no
abrazó,8,6,no
abreu,8,5,no
abstracción,8,11,no
acababa,8,7,no
acabe,8,5,no
accionista,8,10,no
aceptable,8,9,no
acera,8,5,no
acercamiento,8,12,no
acercarnos,8,10,no
aclamada,8,8,no
aclarar,8,7,no
acompañados,8,11,no
acorde,8,6,no
acostumbrarme,8,13,no
acredita,8,8,no
acreedor,8,8,no
acta,8,4,no
action,8,6,no
activas,8,7,no
activistas,8,10,no
actualizaciones,8,15,no
actualizada,8,11,no
actuaron,8,8,no
actúan,8,6,no
acuerdas,8,8,no
acumulación,8,11,no
adaptadas,8,9,no
adaptarse,8,9,no
adecuadamente,8,13,no
adición,8,7,no
adjetivo,8,8,no
administrativos,8,15,no
admiración,8,10,no
admitió,8,7,no
adoptan,8,7,no
adora,8,5,no
adoración,8,9,no
adornado,8,8,no
adosadas,8,8,no
adquiridos,8,10,no
aduana,8,6,no
advertencia,8,11,no
aero,8,4,no
afiliación,8,10,no
afines,8,6,no
afirmaciones,8,12,no
afrodita,8,8,no
agarrado,8,8,no
agitaba,8,7,no
agotando,8,8,no
agrario,8,7,no
agregan,8,7,no
agrupa,8,6,no
agudas,8,6,no
aguja,8,5,no
aisladas,8,8,no
aislamiento,8,11,no
albergue,8,8,no
alexis,8,6,no
aliada,8,6,no
alimentado,8,10,no
alimentándose,8,13,no
almendras,8,9,no
alterado,8,8,no
alternan,8,8,no
alternativamente,8,16,no
altitudes,8,9,no
altivo,8,6,no
alusiones,8,9,no
amanece,8,7,no
amarillentas,8,12,no
ambicioso,8,9,no
ambigüedad,8,10,no
ambrosio,8,8,no
amita,8,5,no
amos,8,4,no
ampliando,8,9,no
anal,8,4,no
anales,8,6,no
analista,8,8,no
anatolia,8,8,no
anciana,8,7,no
anclada,8,7,no
andele,8,6,no
andreu,8,6,no
anexo,8,5,no
angulares,8,9,no
anita,8,5,no
annie,8,5,no
antagonista,8,11,no
antecesor,8,9,no
antepasado,8,10,no
antibióticos,8,12,no
antofagasta,8,11,no
anunciaron,8,10,no
apagadas,8,8,no
apagados,8,8,no
aparicio,8,8,no
apartamentos,8,12,no
apartar,8,7,no
aperturas,8,9,no
aplicable,8,9,no
aplicada,8,8,no
aplican,8,7,no
aportación,8,10,no
aportes,8,7,no
apostólico,8,10,no
aprecian,8,8,no
apreciar,8,8,no
aprueba,8,7,no
apuesta,8,7,no
apuestas,8,8,no
apuntada,8,8,no
apuntado,8,8,no
apuntan,8,7,no
aranjuez,8,8,no
arbustivas,8,10,no
arce,8,4,no
archivado,8,9,no
arenisca,8,8,no
arenosas,8,8,no
aristocracia,8,12,no
arqueólogos,8,11,no
arrasó,8,6,no
arrestada,8,9,no
arrima,8,6,no
ascensor,8,8,no
ascensores,8,10,no
ascensos,8,8,no
asco,8,4,no
asentaron,8,9,no
asienta,8,7,no
asistido,8,8,no
asistía,8,7,no
asno,8,4,no
astillero,8,9,no
aston,8,5,no
astrónomos,8,10,no
asturiana,8,9,no
atacada,8,7,no
atacan,8,6,no
ateo,8,4,no
atraen,8,6,no
atravesada,8,10,no
atraído,8,7,no
atrio,8,5,no
audiovisuales,8,13,no
aurelio,8,7,no
ausentes,8,8,no
austero,8,7,no
australianas,8,12,no
austríaco,8,9,no
autenticidad,8,12,no
automáticamente,8,15,no
autovía,8,7,no
autóctona,8,9,no
autónomas,8,9,no
autónomos,8,9,no
auxiliares,8,10,no
aventurera,8,10,no
aviv,8,4,no
award,8,5,no
awards,8,6,no
ayacucho,8,8,no
ayudado,8,7,no
ayudando,8,8,no
ayudarte,8,8,no
azafrán,8,7,no
azar,8,4,no
bacon,8,5,no
bad,8,3,no
baje,8,4,no
baladas,8,7,no
balance,8,7,no
baliza,8,6,no
bancarrota,8,10,no
bandoleros,8,10,no
baraja,8,6,no
barriga,8,7,no
basilical,8,9,no
bautizó,8,7,no
beat,8,4,no
becas,8,5,no
beltrán,8,7,no
beneficencia,8,12,no
benjamín,8,8,no
bergen,8,6,no
berlin,8,6,no
bernardino,8,10,no
besamos,8,7,no
besarla,8,7,no
best,8,4,no
bestia,8,6,no
beverly,8,7,no
bibliografía,8,12,no
biografías,8,10,no
biológicos,8,10,no
bisnieto,8,8,no
bizantina,8,9,no
blanc,8,5,no
blanda,8,6,no
blanquecina,8,11,no
blanquecinos,8,12,no
bocadillo,8,9,no
boliviana,8,9,no
bollywood,8,9,no
bombardeos,8,10,no
bonifacio,8,9,no
boom,8,4,no
borbón,8,6,no
bordado,8,7,no
borges,8,6,no
boris,8,5,no
borough,8,7,no
bot,8,3,no
boulevard,8,9,no
boulogne,8,8,no
brasileños,8,10,no
braun,8,5,no
brett,8,5,no
brinda,8,6,no
brisas,8,6,no
brota,8,5,no
bulbo,8,5,no
bundesliga,8,10,no
burlas,8,6,no
burundi,8,7,no
buses,8,5,no
bustos,8,6,no
bárbaro,8,7,no
bíblica,8,7,no
búlgaros,8,8,no
caben,8,5,no
cabos,8,5,no
cabotaje,8,8,no
cacería,8,7,no
cadete,8,6,no
cafeterías,8,10,no
caimán,8,6,no
cajón,8,5,no
calabaza,8,8,no
caldo,8,5,no
calera,8,6,no
calientes,8,9,no
calló,8,5,no
caluroso,8,8,no
calurosos,8,9,no
cambiará,8,8,no
cambiaría,8,9,no
cameron,8,7,no
caminante,8,9,no
camioneta,8,9,no
camisas,8,7,no
campesino,8,9,no
campiña,8,7,no
cancelación,8,11,no
candelaria,8,10,no
candidatas,8,10,no
cangrejos,8,9,no
cano,8,4,no
canoa,8,5,no
canteras,8,8,no
cantonal,8,8,no
cantones,8,8,no
capacitación,8,12,no
capitanes,8,9,no
capturada,8,9,no
caravana,8,8,no
cardona,8,7,no
carencia,8,8,no
cargar,8,6,no
caricatura,8,10,no
caricias,8,8,no
carmelita,8,9,no
carnívoros,8,10,no
carr,8,4,no
carrillo,8,8,no
carrión,8,7,no
carros,8,6,no
carson,8,6,no
cartman,8,7,no
cartografía,8,11,no
carvajal,8,8,no
casal,8,5,no
caseta,8,6,no
casey,8,5,no
castaña,8,7,no
catolicismo,8,11,no
catálogos,8,9,no
cauca,8,5,no
caucho,8,6,no
causando,8,8,no
cavidad,8,7,no
cayo,8,4,no
cazuela,8,7,no
caín,8,4,no
cañada,8,6,no
cebollas,8,8,no
cejas,8,5,no
cerdas,8,6,no
cerdeña,8,7,no
cesión,8,6,no
cesó,8,4,no
chacón,8,6,no
challenge,8,9,no
chaplin,8,7,no
charlot,8,7,no
checo,8,5,no
chi,8,3,no
chilenos,8,8,no
chis,8,4,no
chocó,8,5,no
cid,8,3,no
ciertamente,8,11,no
circula,8,7,no
circulan,8,8,no
circulares,8,10,no
circunstancia,8,13,no
cisnes,8,6,no
citar,8,5,no
ciudadana,8,9,no
claire,8,6,no
clip,8,4,no
cloro,8,5,no
clube,8,5,no
clubs,8,5,no
clínicos,8,8,no
cocida,8,6,no
cocidas,8,7,no
cocinero,8,8,no
codicia,8,7,no
coherente,8,9,no
cohetes,8,7,no
cojo,8,4,no
colchón,8,7,no
coleccionistas,8,14,no
colegial,8,8,no
colgados,8,8,no
colgantes,8,9,no
colin,8,5,no
collado,8,7,no
colocación,8,10,no
colocados,8,9,no
columbus,8,8,no
combinada,8,9,no
comenzaba,8,9,no
cometas,8,7,no
comodidad,8,9,no
compacta,8,8,no
compadre,8,8,no
compartida,8,10,no
compartían,8,10,no
compatriota,8,11,no
competidor,8,10,no
competidores,8,12,no
complementa,8,11,no
complementan,8,12,no
complemento,8,11,no
completas,8,9,no
componía,8,8,no
comprada,8,8,no
comprimido,8,10,no
comprometido,8,12,no
comunicada,8,10,no
comunismo,8,9,no
comunitaria,8,11,no
concretos,8,9,no
condicional,8,11,no
conductora,8,10,no
conductores,8,11,no
conejos,8,7,no
configurar,8,10,no
confirma,8,8,no
confusa,8,7,no
congelador,8,10,no
congrega,8,8,no
conrad,8,6,no
consagración,8,12,no
conseguimos,8,11,no
consejera,8,9,no
consistencia,8,12,no
consistían,8,10,no
consola,8,7,no
consorte,8,8,no
constructor,8,11,no
contaron,8,8,no
contención,8,10,no
contenedores,8,12,no
contenta,8,8,no
conteo,8,6,no
contestar,8,9,no
continuaría,8,11,no
contrabajo,8,10,no
contradicción,8,13,no
contrapunto,8,11,no
contraria,8,9,no
contrarreloj,8,12,no
contrasta,8,9,no
contratación,8,12,no
contreras,8,9,no
controlados,8,11,no
controvertido,8,13,no
convence,8,8,no
convenció,8,9,no
convertida,8,10,no
convoca,8,7,no
convocatorias,8,13,no
cooperativas,8,12,no
coordinación,8,12,no
coproducción,8,12,no
coquimbo,8,8,no
corazones,8,9,no
cordelia,8,8,no
core,8,4,no
cornell,8,7,no
coronación,8,10,no
corregidor,8,10,no
cortados,8,8,no
cortina,8,7,no
cosechar,8,8,no
cosechas,8,8,no
cosmopolita,8,11,no
covers,8,6,no
crawford,8,8,no
creadora,8,8,no
crematorio,8,10,no
cremoso,8,7,no
crespo,8,6,no
creían,8,6,no
crianza,8,7,no
criminales,8,10,no
cristián,8,8,no
criticó,8,7,no
cronología,8,10,no
cruceros,8,8,no
cruda,8,5,no
crueles,8,7,no
cruzaban,8,8,no
cruzadas,8,8,no
cruzaron,8,8,no
crían,8,5,no
cuadradas,8,9,no
cuadrilla,8,9,no
cuanta,8,6,no
cuarzo,8,6,no
cuatrocientos,8,13,no
cubos,8,5,no
cuenco,8,6,no
cuidados,8,8,no
cuidadosamente,8,14,no
cultivó,8,7,no
cumpliendo,8,10,no
cumplirlo,8,9,no
cuota,8,5,no
curazao,8,7,no
cuñado,8,6,no
cánones,8,7,no
cóctel,8,6,no
cómicos,8,7,no
cónicas,8,7,no
córdova,8,7,no
daniels,8,7,no
daros,8,5,no
daré,8,4,no
datación,8,8,no
datan,8,5,no
death,8,5,no
decidir,8,7,no
decirles,8,8,no
decirse,8,7,no
decisivo,8,8,no
decorativo,8,10,no
definidas,8,9,no
degradación,8,11,no
deidad,8,6,no
dejemos,8,7,no
dejen,8,5,no
dejes,8,5,no
dejándome,8,9,no
dejé,8,4,no
delanteras,8,10,no
delgada,8,7,no
delicada,8,8,no
denominaba,8,10,no
densas,8,6,no
dentados,8,8,no
denuestos,8,9,no
depender,8,8,no
depredador,8,10,no
der,8,3,no
derek,8,5,no
derivación,8,10,no
derivadas,8,9,no
derribado,8,9,no
derrotando,8,10,no
desacuerdo,8,10,no
desafíos,8,8,no
desaparecidos,8,13,no
desarrollos,8,11,no
descender,8,9,no
descendieron,8,12,no
deseaba,8,7,no
desempeñar,8,10,no
desempeñarse,8,12,no
desgastado,8,10,no
deshecho,8,8,no
designación,8,11,no
despertado,8,10,no
despertarte,8,11,no
despoblado,8,10,no
destacamento,8,12,no
destreza,8,8,no
destructores,8,12,no
destruyeron,8,11,no
desventajas,8,11,no
detectado,8,9,no
deteriorado,8,11,no
deutsche,8,8,no
diabetes,8,8,no
diagonal,8,8,no
diane,8,5,no
dick,8,4,no
dicta,8,5,no
didáctico,8,9,no
diera,8,5,no
diferenciados,8,13,no
difundida,8,9,no
dinastías,8,9,no
dinámico,8,8,no
dionisio,8,8,no
diques,8,6,no
directas,8,8,no
directivos,8,10,no
directrices,8,11,no
diría,8,5,no
discografía,8,11,no
discreta,8,8,no
discriminación,8,14,no
discusiones,8,11,no
diseñar,8,7,no
disminuido,8,10,no
disminuir,8,9,no
disminuyendo,8,12,no
disperso,8,8,no
disponían,8,9,no
dispuso,8,7,no
disputaba,8,9,no
disputaban,8,10,no
disputada,8,9,no
disputadas,8,10,no
distintiva,8,10,no
disturbios,8,10,no
disuelta,8,8,no
disuelve,8,8,no
diurno,8,6,no
diurnos,8,7,no
divinidad,8,9,no
divinidades,8,11,no
divisa,8,6,no
divisoria,8,9,no
doblar,8,6,no
dominaba,8,8,no
dominan,8,7,no
donado,8,6,no
dong,8,4,no
donna,8,5,no
dora,8,4,no
dotación,8,8,no
dragon,8,6,no
droga,8,5,no
drupa,8,5,no
drácula,8,7,no
drásticamente,8,13,no
dual,8,4,no
dudosa,8,6,no
dudoso,8,6,no
duelos,8,6,no
duncan,8,6,no
dígame,8,6,no
echada,8,6,no
echamos,8,7,no
ecológicos,8,10,no
edwin,8,5,no
efectuado,8,9,no
eficacia,8,8,no
ejerciendo,8,10,no
elaboran,8,8,no
electrones,8,10,no
elefantes,8,9,no
eleva,8,5,no
elevaciones,8,11,no
elevó,8,5,no
elimina,8,7,no
elisa,8,5,no
elogiado,8,8,no
elvis,8,5,no
eminentemente,8,13,no
empleaba,8,8,no
empleando,8,9,no
empresariales,8,13,no
enano,8,5,no
encabezó,8,8,no
encajar,8,7,no
encargados,8,10,no
encendieron,8,11,no
encontrarla,8,11,no
encontrarlo,8,11,no
encuadrado,8,10,no
energías,8,8,no
enfadado,8,8,no
enfocado,8,8,no
enfoques,8,8,no
english,8,7,no
ensalada,8,8,no
enseñado,8,8,no
entabló,8,7,no
entendedor,8,10,no
entendida,8,9,no
entere,8,6,no
enterprise,8,10,no
entornos,8,8,no
entregados,8,10,no
entrenado,8,9,no
entrevistó,8,10,no
entusiasta,8,10,no
enumeran,8,8,no
envergadura,8,11,no
enviadas,8,8,no
envidiado,8,9,no
eoceno,8,6,no
equipada,8,8,no
equitación,8,10,no
equivalencia,8,12,no
equivocación,8,12,no
eras,8,4,no
erik,8,4,no
eritrea,8,7,no
erosionado,8,10,no
erróneamente,8,12,no
erupciones,8,10,no
escaladores,8,11,no
escalones,8,9,no
escandalosas,8,12,no
escandinavia,8,12,no
escaparon,8,9,no
escasamente,8,11,no
escenografía,8,12,no
escoceses,8,9,no
escriben,8,8,no
escuchaba,8,9,no
escuchamos,8,10,no
escudero,8,8,no
escultores,8,10,no
eslavos,8,7,no
esparcido,8,9,no
especias,8,8,no
esperada,8,8,no
esperanto,8,9,no
esperemos,8,9,no
espesa,8,6,no
espirituales,8,12,no
esporas,8,7,no
esquiar,8,7,no
establecerse,8,12,no
estacional,8,10,no
estanques,8,9,no
estaño,8,6,no
estigma,8,7,no
estrabón,8,8,no
estremecimientos,8,16,no
estudiaron,8,10,no
estuviera,8,9,no
estímulo,8,8,no
estípulas,8,9,no
eugene,8,6,no
euro,8,4,no
euskera,8,7,no
eve,8,3,no
evidentes,8,9,no
evitando,8,8,no
excusa,8,6,no
exigió,8,6,no
expectativas,8,12,no
explicado,8,9,no
explosivos,8,10,no
expresó,8,7,no
extender,8,8,no
extendidas,8,10,no
extendiendo,8,11,no
extendía,8,8,no
extinta,8,7,no
extraordinaria,8,14,no
extremas,8,8,no
fabio,8,5,no
fabrica,8,7,no
fabrican,8,8,no
facetas,8,7,no
facto,8,5,no
factory,8,7,no
faltaba,8,7,no
faltar,8,6,no
fantástico,8,10,no
fantásticos,8,11,no
fascinado,8,9,no
fatal,8,5,no
feas,8,4,no
feminismo,8,9,no
fermentación,8,12,no
ferro,8,5,no
ferrocarriles,8,13,no
ferroviarias,8,12,no
ferry,8,5,no
festividades,8,12,no
festivo,8,7,no
fiables,8,7,no
fianza,8,6,no
fichas,8,6,no
fidel,8,5,no
fiebres,8,7,no
figueres,8,8,no
fijas,8,5,no
filamentos,8,10,no
filemón,8,7,no
filosóficas,8,11,no
filosófico,8,10,no
financiar,8,9,no
firmemente,8,10,no
firmes,8,6,no
flashback,8,9,no
flexibilidad,8,12,no
florecer,8,8,no
fluidos,8,7,no
flynn,8,5,no
fomento,8,7,no
forever,8,7,no
formados,8,8,no
formaría,8,8,no
formativas,8,10,no
formentera,8,10,no
fotográficas,8,12,no
fotógrafa,8,9,no
foundation,8,10,no
france,8,6,no
freire,8,6,no
frenos,8,6,no
friburgo,8,8,no
fronteriza,8,10,no
fronterizo,8,10,no
funcionalidad,8,13,no
funerarias,8,10,no
furia,8,5,no
fury,8,4,no
futuras,8,7,no
fábulas,8,7,no
fátima,8,6,no
fósforo,8,7,no
galesa,8,6,no
gallos,8,6,no
galo,8,4,no
gamma,8,5,no
ganados,8,7,no
ganarse,8,7,no
ganaría,8,7,no
gaseoso,8,7,no
gaspar,8,6,no
gastón,8,6,no
gel,8,3,no
gemela,8,6,no
gene,8,4,no
generalidad,8,11,no
genios,8,6,no
gentes,8,6,no
geológicos,8,10,no
georges,8,7,no
georgiano,8,9,no
gerald,8,6,no
gestionada,8,10,no
ghost,8,5,no
giuseppe,8,8,no
glabro,8,6,no
glenn,8,5,no
globosa,8,7,no
glándula,8,8,no
gobernadores,8,12,no
gobernantes,8,11,no
gold,8,4,no
goldman,8,7,no
golpecitos,8,10,no
gotinga,8,7,no
gozó,8,4,no
grandeza,8,8,no
granizo,8,7,no
granjero,8,8,no
greco,8,5,no
griegas,8,7,no
griffin,8,7,no
griffith,8,8,no
grilla,8,6,no
grillo,8,6,no
grisácea,8,8,no
gritando,8,8,no
grites,8,6,no
grosor,8,6,no
grove,8,5,no
gráficas,8,8,no
guardianes,8,10,no
gubernamental,8,13,no
guerrilleros,8,12,no
guió,8,4,no
género,8,6,no
habitadas,8,9,no
hablantes,8,9,no
hables,8,6,no
hacerle,8,7,no
hacerte,8,7,no
hadas,8,5,no
hal,8,3,no
hala,8,4,no
halcón,8,6,no
hallaban,8,8,no
hallazgo,8,8,no
halle,8,5,no
hammond,8,7,no
hampshire,8,9,no
hansen,8,6,no
harían,8,6,no
haven,8,5,no
haydn,8,5,no
hazaña,8,6,no
heart,8,5,no
heces,8,5,no
henri,8,5,no
herbazales,8,10,no
herederos,8,9,no
hermann,8,7,no
hermosos,8,8,no
hervir,8,6,no
heráldica,8,9,no
heródoto,8,8,no
higiene,8,7,no
higo,8,4,no
hilos,8,5,no
himnos,8,6,no
hindú,8,5,no
hindúes,8,7,no
hirió,8,5,no
hoguera,8,7,no
holly,8,5,no
holmes,8,6,no
hondo,8,5,no
honorable,8,9,no
honorarios,8,10,no
honra,8,5,no
hope,8,4,no
horacio,8,7,no
horizontes,8,10,no
horta,8,5,no
hostil,8,6,no
hostilidades,8,12,no
hudson,8,6,no
huella,8,6,no
hulk,8,4,no
human,8,5,no
humorista,8,9,no
hundimiento,8,11,no
híbrido,8,7,no
iberia,8,6,no
iberoamericana,8,14,no
idaho,8,5,no
iguana,8,6,no
ilegales,8,8,no
ileso,8,5,no
iluminado,8,9,no
ilustrada,8,9,no
ilustrado,8,9,no
impactado,8,9,no
impartido,8,9,no
impedir,8,7,no
impidieron,8,10,no
implementar,8,11,no
importación,8,11,no
impresas,8,8,no
impresiones,8,11,no
impulsar,8,8,no
inactivo,8,8,no
inaugurado,8,10,no
incidencia,8,10,no
incinerados,8,11,no
incorporada,8,11,no
incorporé,8,9,no
incorrecta,8,10,no
incorrecto,8,10,no
incrementa,8,10,no
incremento,8,10,no
incrementó,8,10,no
inculto,8,7,no
indefinida,8,10,no
indicaciones,8,12,no
indicador,8,9,no
indie,8,5,no
indiferente,8,11,no
indispensable,8,13,no
individualmente,8,15,no
inesperado,8,10,no
infanta,8,7,no
infectados,8,10,no
infeliz,8,7,no
informar,8,8,no
informativo,8,11,no
iniciada,8,8,no
inmensa,8,7,no
inmenso,8,7,no
inquietudes,8,11,no
inquisición,8,11,no
inspiraron,8,10,no
instinto,8,8,no
instructor,8,10,no
intacto,8,7,no
integrarse,8,10,no
integridad,8,10,no
intensas,8,8,no
intentaba,8,9,no
interesada,8,10,no
intermedia,8,10,no
internacionalmente,8,18,no
interpretativa,8,14,no
interrumpe,8,10,no
interrumpir,8,11,no
intervalo,8,9,no
intervenir,8,10,no
introdujeron,8,12,no
inundables,8,10,no
inundación,8,10,no
inusuales,8,9,no
invadir,8,7,no
inventado,8,9,no
inventario,8,10,no
inventó,8,7,no
investigando,8,12,no
invitadas,8,9,no
ion,8,3,no
iquique,8,7,no
iraní,8,5,no
irwin,8,5,no
irás,8,4,no
islotes,8,7,no
iturbide,8,8,no
ivan,8,4,no
izquierdas,8,10,no
jabón,8,5,no
jacobo,8,6,no
jagger,8,6,no
jardinero,8,9,no
jarochos,8,8,no
javeriana,8,9,no
jefatura,8,8,no
jode,8,4,no
johannes,8,8,no
josefina,8,8,no
judea,8,5,no
jugabilidad,8,11,no
juguetón,8,8,no
jujuy,8,5,no
jules,8,5,no
juliana,8,7,no
juntan,8,6,no
jurídicas,8,9,no
jurídicos,8,9,no
justin,8,6,no
juventudes,8,10,no
juzgué,8,6,no
karate,8,6,no
katherine,8,9,no
kazajistán,8,10,no
kids,8,4,no
kiel,8,4,no
kings,8,5,no
kiss,8,4,no
know,8,4,no
kuwait,8,6,no
lamentablemente,8,15,no
land,8,4,no
lange,8,5,no
lanzan,8,6,no
lanzas,8,6,no
lanús,8,5,no
laredo,8,6,no
larva,8,5,no
last,8,4,no
latinoamericana,8,15,no
latinos,8,7,no
lauren,8,6,no
law,8,3,no
lazo,8,4,no
lección,8,7,no
leeds,8,5,no
legas,8,5,no
legendaria,8,10,no
legislador,8,10,no
lejanos,8,7,no
leon,8,4,no
leonard,8,7,no
lesbiana,8,8,no
lesoto,8,6,no
letonia,8,7,no
leído,8,5,no
lianas,8,6,no
libra,8,5,no
lideró,8,6,no
limitó,8,6,no
limpias,8,7,no
limítrofe,8,9,no
line,8,4,no
lino,8,4,no
lira,8,4,no
lisas,8,5,no
llamaría,8,8,no
llamativa,8,9,no
llevamos,8,8,no
llevarla,8,8,no
llevará,8,7,no
llevas,8,6,no
llobregat,8,9,no
llorando,8,8,no
lloyd,8,5,no
localizaciones,8,14,no
locutora,8,8,no
loja,8,4,no
lomo,8,4,no
londinense,8,10,no
lonja,8,5,no
loreto,8,6,no
ludwig,8,6,no
lugo,8,4,no
luterana,8,8,no
lutero,8,6,no
luther,8,6,no
luís,8,4,no
lynn,8,4,no
lácteos,8,7,no
lígula,8,6,no
líquenes,8,8,no
lírico,8,6,no
mac,8,3,no
macao,8,5,no
machete,8,7,no
mad,8,3,no
madame,8,6,no
madeira,8,7,no
madrileña,8,9,no
maestre,8,7,no
magistrados,8,11,no
magnesio,8,8,no
magnetismo,8,10,no
magnífica,8,9,no
malaca,8,6,no
malaya,8,6,no
males,8,5,no
malestar,8,8,no
managua,8,7,no
mancomunidad,8,12,no
manganeso,8,9,no
manifestó,8,9,no
manrique,8,8,no
manta,8,5,no
manuales,8,8,no
manís,8,5,no
maqueta,8,7,no
maracaibo,8,9,no
marcel,8,6,no
marcela,8,7,no
mareado,8,7,no
mari,8,4,no
marilyn,8,7,no
mariscos,8,8,no
martha,8,6,no
martina,8,7,no
martí,8,5,no
marvel,8,6,no
masivas,8,7,no
masivos,8,7,no
masters,8,7,no
maternos,8,8,no
maximiliano,8,11,no
mayoritaria,8,11,no
medallón,8,8,no
medianas,8,8,no
mediocres,8,9,no
medusa,8,6,no
mejillas,8,8,no
mejía,8,5,no
mensajero,8,9,no
mentirosa,8,9,no
mentiroso,8,9,no
mentol,8,6,no
mera,8,4,no
meramente,8,9,no
mercancías,8,10,no
mercenario,8,10,no
merecemos,8,9,no
merengue,8,8,no
meridiano,8,9,no
merluza,8,7,no
meteoritos,8,10,no
metida,8,6,no
mezclar,8,7,no
michoacán,8,9,no
micrófono,8,9,no
miden,8,5,no
milenio,8,7,no
militancia,8,10,no
milla,8,5,no
millán,8,6,no
ming,8,4,no
miniaturas,8,10,no
miraba,8,6,no
miraban,8,7,no
mirado,8,6,no
mirarme,8,7,no
miseria,8,7,no
missouri,8,8,no
misterios,8,9,no
mochila,8,7,no
modas,8,5,no
moderados,8,9,no
modernización,8,13,no
modestos,8,8,no
modifica,8,8,no
molesto,8,7,no
molucas,8,7,no
monarcas,8,8,no
mongoles,8,8,no
mont,8,4,no
montpellier,8,11,no
montículo,8,9,no
monumentales,8,12,no
mordedor,8,8,no
morisco,8,7,no
morning,8,7,no
mortadelo,8,9,no
mosquito,8,8,no
moss,8,4,no
motivó,8,6,no
moto,8,4,no
movediza,8,8,no
mudaron,8,7,no
mudas,8,5,no
mudemos,8,7,no
muerde,8,6,no
muero,8,5,no
mueva,8,5,no
mundana,8,7,no
muérdago,8,8,no
mágicos,8,7,no
médanos,8,7,no
mínimas,8,7,no
mítico,8,6,no
mónaco,8,6,no
nacho,8,5,no
nadan,8,5,no
naipes,8,6,no
napolitano,8,10,no
naranjo,8,7,no
narciso,8,7,no
narrada,8,7,no
nasal,8,5,no
nassau,8,6,no
natalie,8,7,no
nathan,8,6,no
nebraska,8,8,no
neceser,8,7,no
necoxtla,8,8,no
negrazo,8,7,no
neolítico,8,9,no
nerviosa,8,8,no
nerón,8,5,no
neumáticos,8,10,no
nevadas,8,7,no
newcastle,8,9,no
newman,8,6,no
next,8,4,no
nicho,8,5,no
nicholas,8,8,no
ninfas,8,6,no
nodo,8,4,no
nominados,8,9,no
nora,8,4,no
normandía,8,9,no
norton,8,6,no
nostalgia,8,9,no
notre,8,5,no
novato,8,6,no
nucleares,8,9,no
nupcial,8,7,no
nuria,8,5,no
nutrición,8,9,no
nómada,8,6,no
núm,8,3,no
núremberg,8,9,no
oak,8,3,no
oakland,8,7,no
obediencia,8,10,no
obligaron,8,9,no
obstáculo,8,9,no
obtención,8,9,no
ocasionales,8,11,no
ochoa,8,5,no
ocio,8,4,no
ocultar,8,7,no
ocultos,8,7,no
offs,8,4,no
oigo,8,4,no
olivares,8,8,no
olvidada,8,8,no
omega,8,5,no
opcional,8,8,no
open,8,4,no
operó,8,5,no
opone,8,5,no
oponente,8,8,no
oponentes,8,9,no
opositor,8,8,no
optimista,8,9,no
oratoria,8,8,no
oratorio,8,8,no
orbitales,8,9,no
ordenada,8,8,no
ordenadores,8,11,no
orfebrería,8,10,no
organizaba,8,10,no
orgullosa,8,9,no
orientadas,8,10,no
orientados,8,10,no
origina,8,7,no
oriundo,8,7,no
ortodoxos,8,9,no
oslo,8,4,no
osorio,8,6,no
ostenta,8,7,no
ostentó,8,7,no
otón,8,4,no
ovadas,8,6,no
ovidio,8,6,no
ovino,8,5,no
ovoide,8,6,no
oyen,8,4,no
oyó,8,3,no
pacific,8,7,no
padece,8,6,no
pagados,8,7,no
pagando,8,7,no
pagano,8,6,no
page,8,4,no
paisajista,8,10,no
pala,8,4,no
paladar,8,7,no
palanca,8,7,no
palencia,8,8,no
palenque,8,8,no
palmer,8,6,no
palmeras,8,8,no
palomitas,8,9,no
palpitante,8,10,no
pampa,8,5,no
pantanosos,8,10,no
paquetes,8,8,no
paracaídas,8,10,no
paraguaya,8,9,no
parajes,8,7,no
paramount,8,9,no
parciales,8,9,no
pardas,8,6,no
parecióme,8,9,no
parodias,8,8,no
parrilla,8,8,no
parroquiales,8,12,no
parten,8,6,no
participaba,8,11,no
participaciones,8,15,no
partimos,8,8,no
party,8,5,no
partícula,8,9,no
pascal,8,6,no
pascua,8,6,no
pases,8,5,no
pasillo,8,7,no
pasito,8,6,no
pasto,8,5,no
patología,8,9,no
patriotas,8,9,no
patrocinado,8,11,no
patrulla,8,8,no
paulatinamente,8,14,no
paysandú,8,8,no
peatonal,8,8,no
pedanía,8,7,no
pegan,8,5,no
peine,8,5,no
peligros,8,8,no
peligrosos,8,10,no
pene,8,4,no
peninsular,8,10,no
penitencia,8,10,no
percibe,8,7,no
perdonar,8,8,no
peregrino,8,9,no
perejil,8,7,no
perfección,8,10,no
performance,8,11,no
perianto,8,8,no
perito,8,6,no
periódicas,8,10,no
perlas,8,6,no
peronista,8,9,no
perpetuo,8,8,no
perseguir,8,9,no
perspectivas,8,12,no
pesadillas,8,10,no
pescar,8,6,no
pesquero,8,8,no
pestañas,8,8,no
peste,8,5,no
peón,8,4,no
piamonte,8,8,no
picante,8,7,no
picaresco,8,9,no
picasso,8,7,no
pietro,8,6,no
pilas,8,5,no
pimientos,8,9,no
pinchazo,8,8,no
pinocho,8,7,no
piojos,8,6,no
pirata,8,6,no
pis,8,3,no
planean,8,7,no
planear,8,7,no
planeó,8,6,no
plantar,8,7,no
planteó,8,7,no
plasma,8,6,no
plateadas,8,9,no
platense,8,8,no
plinio,8,6,no
plus,8,4,no
plutarco,8,8,no
plástica,8,8,no
plásticos,8,9,no
plátano,8,7,no
plática,8,7,no
podrás,8,6,no
podéis,8,6,no
pompeyo,8,7,no
ponemos,8,7,no
pongas,8,6,no
pont,8,4,no
pontificio,8,10,no
porche,8,6,no
porciones,8,9,no
porfirio,8,8,no
poros,8,5,no
postales,8,8,no
potenciales,8,11,no
potentes,8,8,no
practicando,8,11,no
prats,8,5,no
precauciones,8,12,no
precedente,8,10,no
precipicio,8,10,no
precipitación,8,13,no
predadores,8,10,no
predicador,8,10,no
predicar,8,8,no
predio,8,6,no
predominantemente,8,17,no
predominantes,8,13,no
preferente,8,10,no
preferentemente,8,15,no
preferidos,8,10,no
prefirió,8,8,no
preguntar,8,9,no
pregunté,8,8,no
prehistoria,8,11,no
preliminar,8,10,no
prematuramente,8,14,no
premiada,8,8,no
prenda,8,6,no
preparando,8,10,no
prepare,8,7,no
presbítero,8,10,no
preservar,8,9,no
presidenciales,8,14,no
presiones,8,9,no
prestar,8,7,no
prestigiosos,8,12,no
previas,8,7,no
primitivas,8,10,no
primordial,8,10,no
prisma,8,6,no
probado,8,7,no
probando,8,8,no
probó,8,5,no
proclama,8,8,no
progenitores,8,12,no
prohíbe,8,7,no
project,8,7,no
prolongada,8,10,no
promesas,8,8,no
prometiendo,8,11,no
prometiste,8,10,no
pronunciación,8,13,no
pronunciado,8,11,no
pronunció,8,9,no
protagonizar,8,12,no
protocolos,8,10,no
proximidades,8,12,no
proyectado,8,10,no
psicológica,8,11,no
psicóloga,8,9,no
psiquiatría,8,11,no
pubescentes,8,11,no
publicaba,8,9,no
publicista,8,10,no
publicitario,8,12,no
publishing,8,10,no
pulso,8,5,no
puno,8,4,no
puntaje,8,7,no
pureza,8,6,no
puta,8,4,no
páez,8,4,no
párrafo,8,7,no
quebrada,8,8,no
quebradas,8,9,no
quemados,8,8,no
quemarropa,8,10,no
quentin,8,7,no
queramos,8,8,no
quieto,8,6,no
quirúrgica,8,10,no
químicamente,8,12,no
rabo,8,4,no
rachas,8,6,no
racimo,8,6,no
radica,8,6,no
radiodifusión,8,13,no
ramificados,8,11,no
rancagua,8,8,no
raptor,8,6,no
raven,8,5,no
reactor,8,7,no
reactores,8,9,no
rebocillo,8,9,no
rechazados,8,10,no
recibes,8,7,no
recibidas,8,9,no
recibidos,8,9,no
recibo,8,6,no
recitales,8,9,no
reclamada,8,9,no
recogido,8,8,no
recogidos,8,9,no
recomiendo,8,10,no
reconocieron,8,12,no
reconquista,8,11,no
recordarlo,8,10,no
rectas,8,6,no
recuento,8,8,no
recupere,8,8,no
recurre,8,7,no
redactó,8,7,no
reelección,8,10,no
reemplazados,8,12,no
refectorio,8,10,no
referentes,8,10,no
referirse,8,9,no
reflejos,8,8,no
reforzado,8,9,no
refuerzo,8,8,no
refugios,8,8,no
regente,8,7,no
registradas,8,11,no
registran,8,9,no
reid,8,4,no
relacionó,8,9,no
relativas,8,9,no
relativos,8,9,no
reluciente,8,10,no
remite,8,6,no
remodelación,8,12,no
remodelado,8,10,no
renault,8,7,no
reparando,8,9,no
repercusiones,8,13,no
repetidamente,8,13,no
repetidos,8,9,no
reportó,8,7,no
reproducirse,8,12,no
requerimientos,8,14,no
requería,8,8,no
requisito,8,9,no
resalta,8,7,no
rescata,8,7,no
reservados,8,10,no
respiratorio,8,12,no
retoma,8,6,no
retórica,8,8,no
rev,8,3,no
reynolds,8,8,no
richmond,8,8,no
riga,8,4,no
ripoll,8,6,no
ritos,8,5,no
robado,8,6,no
robledo,8,7,no
rococó,8,6,no
rodillas,8,8,no
rogers,8,6,no
roll,8,4,no
romanticismo,8,12,no
romeo,8,5,no
rosalía,8,7,no
rudolf,8,6,no
ruidos,8,6,no
rumana,8,6,no
rígida,8,6,no
rígidas,8,7,no
rítmica,8,7,no
sabia,8,5,no
sabores,8,7,no
sahara,8,6,no
saludo,8,6,no
salvación,8,9,no
salvadoreño,8,11,no
salían,8,6,no
sancho,8,6,no
sangrado,8,8,no
sangrientas,8,11,no
sanidad,8,7,no
sanitaria,8,9,no
santísima,8,9,no
santísimo,8,9,no
saqueada,8,8,no
sarajevo,8,8,no
satisfacción,8,12,no
sauce,8,5,no
saudí,8,5,no
saxofón,8,7,no
secuelas,8,8,no
secuestros,8,10,no
seguidos,8,8,no
seguiremos,8,10,no
seleccionada,8,12,no
seleccionados,8,13,no
semicircular,8,12,no
senadora,8,8,no
sencillamente,8,13,no
sencillas,8,9,no
senda,8,5,no
sendos,8,6,no
senos,8,5,no
sensorial,8,9,no
sensual,8,7,no
sentados,8,8,no
sepulcro,8,8,no
sepultura,8,9,no
serbio,8,6,no
serbios,8,7,no
serra,8,5,no
servían,8,7,no
seven,8,5,no
severos,8,7,no
señalización,8,12,no
sgt,8,3,no
shakira,8,7,no
shanghai,8,8,no
she,8,3,no
shin,8,4,no
silvia,8,6,no
silvio,8,6,no
simbolismo,8,10,no
similitudes,8,11,no
sinfonías,8,9,no
sirenas,8,7,no
sirio,8,5,no
sitges,8,6,no
snake,8,5,no
snow,8,4,no
sobrinos,8,8,no
solano,8,6,no
soleado,8,7,no
soler,8,5,no
solicitar,8,9,no
soltamos,8,8,no
solís,8,5,no
sonriente,8,9,no
sonrisas,8,8,no
soo,8,3,no
soportes,8,8,no
sordos,8,6,no
sorteo,8,6,no
sostener,8,8,no
sostenía,8,8,no
sotobosque,8,10,no
station,8,7,no
stein,8,5,no
stokes,8,6,no
stones,8,6,no
store,8,5,no
suavemente,8,10,no
sublevación,8,11,no
sucedieron,8,10,no
sucesores,8,9,no
sueldo,8,6,no
sufijo,8,6,no
sufragio,8,8,no
sufren,8,6,no
sugerencia,8,10,no
suicida,8,7,no
sumaron,8,7,no
suministros,8,11,no
summer,8,6,no
superstición,8,12,no
supervisión,8,11,no
supervisor,8,10,no
suplemento,8,10,no
supongamos,8,10,no
surcos,8,6,no
suspirante,8,10,no
sustituir,8,9,no
sutil,8,5,no
suzuki,8,6,no
swing,8,5,no
síntoma,8,7,no
sísmica,8,7,no
tabasco,8,7,no
taiwan,8,6,no
talca,8,5,no
tallada,8,7,no
tambores,8,8,no
tang,8,4,no
tanga,8,5,no
tangos,8,6,no
tanque,8,6,no
tapices,8,7,no
taquilla,8,8,no
taquillas,8,9,no
tardes,8,6,no
tarifas,8,7,no
taxis,8,5,no
taza,8,4,no
tazón,8,5,no
techumbre,8,9,no
teen,8,4,no
tegucigalpa,8,11,no
telemundo,8,9,no
telescopios,8,11,no
tendré,8,6,no
tequil,8,6,no
terceras,8,8,no
terminaba,8,9,no
terminación,8,11,no
terminando,8,10,no
terrorismo,8,10,no
terrorista,8,10,no
terroristas,8,11,no
there,8,5,no
this,8,4,no
three,8,5,no
timor,8,5,no
tipógrafo,8,9,no
tiramos,8,7,no
tiras,8,5,no
tocaban,8,7,no
tokugawa,8,8,no
toldos,8,6,no
tomo,8,4,no
topo,8,4,no
tornaba,8,7,no
torpe,8,5,no
tortugas,8,8,no
torturado,8,9,no
tos,8,3,no
trabajaría,8,10,no
tractor,8,7,no
tramas,8,6,no
trance,8,6,no
transepto,8,9,no
transformaciones,8,16,no
transformado,8,12,no
transmisor,8,10,no
transmitir,8,10,no
transparencia,8,13,no
tranvías,8,8,no
trazas,8,6,no
trazo,8,5,no
trepadoras,8,10,no
tributario,8,10,no
tributo,8,7,no
tripulantes,8,11,no
triunfantes,8,11,no
triunfó,8,7,no
trompeta,8,8,no
trucha,8,6,no
truchas,8,7,no
truco,8,5,no
trucos,8,6,no
trágico,8,7,no
tuberculosis,8,12,no
tubular,8,7,no
tubulares,8,9,no
tulio,8,5,no
tumor,8,5,no
turnos,8,6,no
tuvimos,8,7,no
tuyo,8,4,no
tácticas,8,8,no
tíbet,8,5,no
tímida,8,6,no
tímido,8,6,no
tóxicos,8,7,no
ubicaba,8,7,no
ubicaciones,8,11,no
ucraniana,8,9,no
ultravioleta,8,12,no
unificado,8,9,no
unitarios,8,9,no
uranio,8,6,no
urgentemente,8,12,no
urquiza,8,7,no
usual,8,5,no
vado,8,4,no
valen,8,5,no
valorado,8,8,no
vanessa,8,7,no
var,8,3,no
varas,8,5,no
vascos,8,6,no
vaticano,8,8,no
veintisiete,8,11,no
velada,8,6,no
velo,8,4,no
velozmente,8,10,no
vendas,8,6,no
vendidas,8,8,no
vendrán,8,7,no
venerada,8,8,no
venidas,8,7,no
ventanales,8,10,no
verbal,8,6,no
verdosas,8,8,no
verdugo,8,7,no
veros,8,5,no
versátil,8,8,no
vibración,8,9,no
victoriosos,8,11,no
videoclips,8,10,no
villarreal,8,10,no
ville,8,5,no
vincula,8,7,no
viola,8,5,no
violentamente,8,13,no
visitada,8,8,no
visualmente,8,11,no
vitalidad,8,9,no
viviente,8,8,no
vladímir,8,8,no
vogue,8,5,no
volaban,8,7,no
volga,8,5,no
volverse,8,8,no
volvióse,8,8,no
votantes,8,8,no
votó,8,4,no
vuestro,8,7,no
válida,8,6,no
vísperas,8,8,no
waldo,8,5,no
wanderers,8,9,no
wars,8,4,no
watanabe,8,8,no
water,8,5,no
webster,8,7,no
wellington,8,10,no
when,8,4,no
why,8,3,no
wolfgang,8,8,no
wonder,8,6,no
wong,8,4,no
wrestling,8,9,no
xander,8,6,no
yakarta,8,7,no
yerba,8,5,no
yerra,8,5,no
yeso,8,4,no
yolanda,8,7,no
youth,8,5,no
zacatecas,8,9,no
zapata,8,6,no
zapatero,8,8,no
zar,8,3,no
zhang,8,5,no
zoología,8,8,no
ágil,8,4,no
ártico,8,6,no
áspero,8,6,no
ávido,8,5,no
época,8,5,no
íntimamente,8,11,no
íntimo,8,6,no
aaron,7,5,no
abandonados,7,11,no
abatido,7,7,no
abdominal,7,9,no
abdul,7,5,no
abeja,7,5,no
aberturas,7,9,no
abofeteara,7,10,no
aborda,7,6,no
abordando,7,9,no
abrazos,7,7,no
abreviatura,7,11,no
abrirlo,7,7,no
abrían,7,6,no
absorbido,7,9,no
abstracta,7,9,no
absuelto,7,8,no
acabada,7,7,no
acabados,7,8,no
acabará,7,7,no
acampada,7,8,no
acceden,7,7,no
accesibles,7,10,no
accidentalmente,7,15,no
aceituna,7,8,no
acevedo,7,7,no
aclamación,7,10,no
aclamado,7,8,no
acompañaron,7,11,no
acordaron,7,9,no
acordeón,7,8,no
acoso,7,5,no
acosta,7,6,no
acostumbra,7,10,no
acre,7,4,no
acreditada,7,10,no
actas,7,5,no
actitudes,7,9,no
activación,7,10,no
acuarela,7,8,no
acuarios,7,8,no
acusa,7,5,no
acusada,7,7,no
acuática,7,8,no
acuático,7,8,no
adaptaciones,7,12,no
adelanto,7,8,no
adelantóse,7,10,no
adicto,7,6,no
adinerada,7,9,no
adjudicó,7,8,no
administrativas,7,15,no
admirador,7,9,no
admirar,7,7,no
admite,7,6,no
adopción,7,8,no
adoptada,7,8,no
adoptivo,7,8,no
adrián,7,6,no
adscrito,7,8,no
aeronáutica,7,11,no
afección,7,8,no
aficionada,7,10,no
afirmaba,7,8,no
afirmar,7,7,no
agilidad,7,8,no
agregaron,7,9,no
agresión,7,8,no
agujas,7,6,no
ahogas,7,6,no
ahorcado,7,8,no
ahorro,7,6,no
ajos,7,4,no
alambre,7,7,no
alameda,7,7,no
alargados,7,9,no
alazano,7,7,no
albahaca,7,8,no
albergan,7,8,no
albergó,7,7,no
album,7,5,no
alcaldesa,7,9,no
alcanzaba,7,9,no
alcohólica,7,10,no
aleación,7,8,no
aleatorio,7,9,no
alegrías,7,8,no
aleja,7,5,no
alejo,7,5,no
alejé,7,5,no
alentó,7,6,no
alfarería,7,9,no
algeciras,7,9,no
ali,7,3,no
alias,7,5,no
alienígena,7,10,no
alimentar,7,9,no
alimentaria,7,11,no
allan,7,5,no
allison,7,7,no
almacenan,7,9,no
almacenar,7,9,no
almeida,7,7,no
almenas,7,7,no
almohadas,7,9,no
alpha,7,5,no
alpino,7,6,no
alquiler,7,8,no
alquileres,7,10,no
altavoz,7,7,no
altera,7,6,no
alteración,7,10,no
alternativos,7,12,no
alternó,7,7,no
altiplano,7,9,no
amarillentos,7,12,no
ambulante,7,9,no
amistoso,7,8,no
amoroso,7,7,no
amurallada,7,10,no
amy,7,3,no
analiza,7,7,no
anarquismo,7,10,no
anarquía,7,8,no
ancestro,7,8,no
ancestros,7,9,no
ancla,7,5,no
andaluces,7,9,no
andreas,7,7,no
android,7,7,no
anglo,7,5,no
anima,7,5,no
animado,7,7,no
animador,7,8,no
anoche,7,6,no
anotar,7,6,no
antecedente,7,11,no
anteras,7,7,no
apariencias,7,11,no
apartó,7,6,no
apical,7,6,no
aplastados,7,10,no
apocalipsis,7,11,no
apodada,7,7,no
apoyaba,7,7,no
apoyada,7,7,no
apoyando,7,8,no
apoyos,7,6,no
aprecia,7,7,no
apreciada,7,9,no
aprovechamiento,7,15,no
aproximada,7,10,no
apta,7,4,no
aptitudes,7,9,no
aquenio,7,7,no
aquenios,7,8,no
arango,7,6,no
arbóreos,7,8,no
ardientes,7,9,no
arenosa,7,7,no
arenoso,7,7,no
aria,7,4,no
aromáticas,7,10,no
arquivoltas,7,11,no
arranca,7,7,no
arrastrados,7,11,no
arreglado,7,9,no
arroja,7,6,no
artefacto,7,9,no
artesanales,7,11,no
artesanías,7,10,no
articulista,7,11,no
artigas,7,7,no
artífice,7,8,no
artísticamente,7,14,no
aruba,7,5,no
arzobispado,7,11,no
asaltos,7,7,no
asentarse,7,9,no
asesinos,7,8,no
ashley,7,6,no
asigna,7,6,no
asignación,7,10,no
asignados,7,9,no
asignatura,7,10,no
asiria,7,6,no
asombro,7,7,no
assam,7,5,no
astronautas,7,11,no
asustarse,7,9,no
asustas,7,7,no
asís,7,4,no
atacando,7,8,no
atacante,7,8,no
atacantes,7,9,no
atardecer,7,9,no
ataúd,7,5,no
atender,7,7,no
atendiendo,7,10,no
atenea,7,6,no
atrapa,7,6,no
atravesó,7,8,no
atraviesan,7,10,no
atraía,7,6,no
atómica,7,7,no
atómico,7,7,no
aulas,7,5,no
aumentaba,7,9,no
australianos,7,12,no
austriaca,7,9,no
automovilismo,7,13,no
autorizada,7,10,no
avanzaban,7,9,no
avanzados,7,9,no
avanzaron,7,9,no
aventureros,7,11,no
axilas,7,6,no
ayudarnos,7,9,no
ayuno,7,5,no
ayuntamientos,7,13,no
azafatas,7,8,no
azufre,7,6,no
añadidos,7,8,no
añadiendo,7,9,no
babilonia,7,9,no
bacteria,7,8,no
bailey,7,6,no
bajad,7,5,no
bajamos,7,7,no
bakú,7,4,no
baldwin,7,7,no
balsa,7,5,no
baltasar,7,8,no
bandeja,7,7,no
bandidos,7,8,no
bangkok,7,7,no
banquete,7,8,no
banquillo,7,9,no
barahona,7,8,no
barajar,7,7,no
barbados,7,8,no
bariloche,7,9,no
baronía,7,7,no
barqueros,7,9,no
barranco,7,8,no
barrancos,7,9,no
barrocos,7,8,no
basaba,7,6,no
basalto,7,7,no
basamento,7,9,no
bass,7,4,no
bastardo,7,8,no
bastián,7,7,no
bastón,7,6,no
bateador,7,8,no
bautismal,7,9,no
bautizada,7,9,no
bañera,7,6,no
beaumont,7,8,no
beberé,7,6,no
bebía,7,5,no
becker,7,6,no
belfast,7,7,no
belfort,7,7,no
belmonte,7,8,no
benavides,7,9,no
bengala,7,7,no
bennett,7,7,no
benín,7,5,no
benítez,7,7,no
besé,7,4,no
bianchi,7,7,no
bici,7,4,no
bienales,7,8,no
bigotes,7,7,no
bimbo,7,5,no
binario,7,7,no
bioquímica,7,10,no
bits,7,4,no
blandos,7,7,no
blanquecinas,7,12,no
blood,7,5,no
boceto,7,6,no
bodegones,7,9,no
bolígrafo,7,9,no
bonaparte,7,9,no
bondad,7,6,no
bordea,7,6,no
borja,7,5,no
borracho,7,8,no
bosco,7,5,no
boscosas,7,8,no
boss,7,4,no
bota,7,4,no
botes,7,5,no
boyd,7,4,no
braga,7,5,no
brasilia,7,8,no
brava,7,5,no
bremen,7,6,no
bretón,7,6,no
bridas,7,6,no
brigadas,7,8,no
brigadier,7,9,no
brindó,7,6,no
bronx,7,5,no
bueyes,7,6,no
bulbos,7,6,no
burguesa,7,8,no
burke,7,5,no
buscarlos,7,9,no
buscaron,7,8,no
busco,7,5,no
busqué,7,6,no
bíblicos,7,8,no
búlgara,7,7,no
búsquedas,7,9,no
cabaret,7,7,no
caducas,7,7,no
caeremos,7,8,no
cage,7,4,no
cago,7,4,no
calamares,7,9,no
calambre,7,8,no
caldas,7,6,no
calefacción,7,11,no
calienta,7,8,no
califa,7,6,no
calificada,7,10,no
caligrafía,7,10,no
callejón,7,8,no
callo,7,5,no
camacho,7,7,no
camagüey,7,8,no
camilla,7,7,no
caminaban,7,9,no
camisetas,7,9,no
camp,7,4,no
campamentos,7,11,no
campeaba,7,8,no
campesinas,7,10,no
camping,7,7,no
canario,7,7,no
cancela,7,7,no
cangrejo,7,8,no
canon,7,5,no
cante,7,5,no
cantes,7,6,no
cantábrica,7,10,no
canónica,7,8,no
caparazón,7,9,no
caperucita,7,10,no
caprichos,7,9,no
carabobo,7,8,no
caracterizada,7,13,no
cardenales,7,10,no
cardíaca,7,8,no
carecer,7,7,no
carente,7,7,no
carlo,7,5,no
carlota,7,7,no
carnet,7,6,no
caroline,7,8,no
cartuja,7,7,no
carón,7,5,no
casablanca,7,10,no
casanova,7,8,no
caseros,7,7,no
castigos,7,8,no
casting,7,7,no
castle,7,6,no
catalizador,7,11,no
causada,7,7,no
cautividad,7,10,no
cautivo,7,7,no
cavendish,7,9,no
cavidades,7,9,no
cazado,7,6,no
caí,7,3,no
ceder,7,5,no
ceguera,7,7,no
celebraba,7,9,no
celebraban,7,10,no
celebrada,7,9,no
celebridades,7,12,no
celtas,7,6,no
celtics,7,7,no
cemetery,7,8,no
cenas,7,5,no
centenario,7,10,no
centraron,7,9,no
cercó,7,5,no
cerebrales,7,10,no
ceremonial,7,10,no
cerezo,7,6,no
cerrando,7,8,no
cerrojo,7,7,no
certificación,7,13,no
certámenes,7,10,no
cervera,7,7,no
cerámicas,7,9,no
cerámicos,7,9,no
cespitosa,7,9,no
cetro,7,5,no
chapa,7,5,no
charcos,7,7,no
chase,7,5,no
checoslovaquia,7,14,no
chelsea,7,7,no
chevrolet,7,9,no
chillán,7,7,no
chistes,7,7,no
christine,7,9,no
chubut,7,6,no
chulo,7,5,no
cielos,7,6,no
cigarrillos,7,11,no
cigarro,7,7,no
cimientos,7,9,no
cinematográfico,7,15,no
cintura,7,7,no
circundante,7,11,no
cisne,7,5,no
citados,7,7,no
clarke,7,6,no
clarín,7,6,no
clasificaciones,7,15,no
clavándome,7,10,no
clemente,7,8,no
coahuila,7,8,no
codificación,7,12,no
cogen,7,5,no
cogido,7,6,no
cogió,7,5,no
coinciden,7,9,no
col,7,3,no
colaboradora,7,12,no
colaboran,7,9,no
colaboraron,7,11,no
colapso,7,7,no
colas,7,5,no
colectividad,7,12,no
colocadas,7,9,no
colorante,7,9,no
comandancia,7,11,no
comandantes,7,11,no
combatientes,7,12,no
combinar,7,8,no
combinó,7,7,no
combustibles,7,12,no
comendador,7,10,no
comenta,7,7,no
comentado,7,9,no
comenzaban,7,10,no
comenzaría,7,10,no
comerse,7,7,no
comes,7,5,no
cometer,7,7,no
commons,7,7,no
compactos,7,9,no
compadecido,7,11,no
compagina,7,9,no
competitivo,7,11,no
completaron,7,11,no
complot,7,7,no
comportamientos,7,15,no
compre,7,6,no
comprenden,7,10,no
comprendido,7,11,no
compres,7,7,no
compresión,7,10,no
comprobar,7,9,no
compromisos,7,11,no
comunitario,7,11,no
concebida,7,9,no
concedida,7,9,no
concedido,7,9,no
concesiones,7,11,no
concretó,7,8,no
condal,7,6,no
conectar,7,8,no
conectividad,7,12,no
confiable,7,9,no
configuraciones,7,15,no
confirmación,7,12,no
confirmados,7,11,no
confluencia,7,11,no
confunde,7,8,no
confundido,7,10,no
congelado,7,9,no
congelados,7,10,no
conglomerado,7,12,no
congresista,7,11,no
conjunción,7,10,no
consecuentemente,7,16,no
consentimiento,7,14,no
conservadores,7,13,no
conservaron,7,11,no
constan,7,7,no
constanza,7,9,no
consultar,7,9,no
consumida,7,9,no
contaban,7,8,no
contadas,7,8,no
contagio,7,8,no
contenían,7,9,no
contesté,7,8,no
continuará,7,10,no
continuos,7,9,no
contramaestre,7,13,no
contrata,7,8,no
contratada,7,10,no
contratar,7,9,no
contrataron,7,11,no
contribuido,7,11,no
convencer,7,9,no
conventos,7,9,no
convertidos,7,11,no
convertirlo,7,11,no
convivencia,7,11,no
convulsiones,7,12,no
cooperativo,7,11,no
cordón,7,6,no
coreana,7,7,no
coreanos,7,8,no
cornelio,7,8,no
correas,7,7,no
correlación,7,11,no
correspondió,7,12,no
cortinas,7,8,no
cosacos,7,7,no
costeros,7,8,no
costumbrista,7,12,no
council,7,7,no
cox,7,3,no
cracovia,7,8,no
creadas,7,7,no
creativas,7,9,no
creative,7,8,no
creatividad,7,11,no
crecía,7,6,no
cricket,7,7,no
criollas,7,8,no
croquetas,7,9,no
crucificado,7,11,no
crujiente,7,9,no
cruzando,7,8,no
cruzó,7,5,no
cuadernos,7,9,no
cualidad,7,8,no
cuarteles,7,9,no
cubriendo,7,9,no
cuestionada,7,11,no
cuide,7,5,no
cuitado,7,7,no
culminó,7,7,no
culpables,7,9,no
cum,7,3,no
cumaná,7,6,no
cupo,7,4,no
curas,7,5,no
cursa,7,5,no
curtis,7,6,no
curvo,7,5,no
cálida,7,6,no
cárceles,7,8,no
césar,7,5,no
cítricos,7,8,no
cóndor,7,6,no
cúspide,7,7,no
daddy,7,5,no
daily,7,5,no
dalí,7,4,no
damián,7,6,no
daneses,7,7,no
dará,7,4,no
darío,7,5,no
davidson,7,8,no
deba,7,4,no
debida,7,6,no
decapitado,7,10,no
deceso,7,6,no
decirme,7,7,no
declararse,7,10,no
decorar,7,7,no
dedicar,7,7,no
defensivas,7,10,no
deficiente,7,10,no
deformación,7,11,no
dejaban,7,7,no
dejad,7,5,no
dejarse,7,7,no
delanteros,7,10,no
delimitada,7,10,no
delimitado,7,10,no
demolición,7,10,no
demonios,7,8,no
demos,7,5,no
demostraciones,7,14,no
demostrando,7,11,no
denominarse,7,11,no
dentado,7,7,no
denunciar,7,9,no
dependientes,7,12,no
depositados,7,11,no
depuesto,7,8,no
derivó,7,6,no
derrotaron,7,10,no
desacuerdos,7,11,no
desagradable,7,12,no
desapareciendo,7,14,no
desata,7,6,no
desató,7,6,no
descalzos,7,9,no
descendía,7,9,no
describieron,7,12,no
desdeñosa,7,9,no
desdén,7,6,no
deseada,7,7,no
desesperación,7,13,no
desesperada,7,11,no
desgaste,7,8,no
desgraciados,7,12,no
desigualdad,7,11,no
desnudas,7,8,no
despecho,7,8,no
despensa,7,8,no
despertador,7,11,no
despertando,7,11,no
desplazarse,7,11,no
despliegue,7,10,no
desprecio,7,9,no
destacaba,7,9,no
destacables,7,11,no
destierro,7,9,no
destruyen,7,9,no
detallada,7,9,no
detección,7,9,no
deteriorada,7,11,no
deterioro,7,9,no
determinan,7,10,no
diamond,7,7,no
diarias,7,7,no
dickens,7,7,no
dictador,7,8,no
dictar,7,6,no
dictó,7,5,no
diferenciación,7,14,no
digimon,7,7,no
digna,7,5,no
dilema,7,6,no
dinamo,7,6,no
dioica,7,6,no
discotecas,7,10,no
discretos,7,9,no
disculpas,7,9,no
discute,7,7,no
diseña,7,6,no
disfrazado,7,10,no
disfrutaba,7,10,no
disimular,7,9,no
disminuyó,7,9,no
dispersaron,7,11,no
disquera,7,8,no
dista,7,5,no
distinguidos,7,12,no
distorsión,7,10,no
distribuir,7,10,no
distribuyó,7,10,no
disuelto,7,8,no
diurna,7,6,no
divertida,7,9,no
division,7,8,no
dióxido,7,7,no
doctorales,7,10,no
doctores,7,8,no
dodge,7,5,no
dog,7,3,no
dolorosa,7,8,no
dominada,7,8,no
dominantes,7,10,no
dominar,7,7,no
dominicos,7,9,no
donación,7,8,no
donante,7,7,no
doncella,7,8,no
dormitorios,7,11,no
dormía,7,6,no
dorothy,7,7,no
down,7,4,no
drake,7,5,no
dramas,7,6,no
dramáticas,7,10,no
drew,7,4,no
duelen,7,6,no
duraría,7,7,no
dureza,7,6,no
durmió,7,6,no
durán,7,5,no
dígitos,7,7,no
earth,7,5,no
echaba,7,6,no
echándose,7,9,no
edades,7,6,no
edema,7,5,no
edge,7,4,no
editados,7,8,no
edmund,7,6,no
edo,7,3,no
efebos,7,6,no
efectuó,7,7,no
eficiencia,7,10,no
eficientes,7,10,no
egresada,7,8,no
ejecutada,7,9,no
ejecutan,7,8,no
ejecutó,7,7,no
elda,7,4,no
elegidas,7,8,no
elevados,7,8,no
elevar,7,6,no
eliminaron,7,10,no
elisabet,7,8,no
elisabeth,7,9,no
elle,7,4,no
ellen,7,5,no
elliot,7,6,no
elogió,7,6,no
embajadora,7,10,no
embalses,7,8,no
embarcado,7,9,no
emblemático,7,11,no
emergencias,7,11,no
emergente,7,9,no
emigrantes,7,10,no
emiliano,7,8,no
emitidos,7,8,no
emitieron,7,9,no
emitía,7,6,no
emocionales,7,11,no
emperadores,7,11,no
empezando,7,9,no
empiezas,7,8,no
empleadas,7,9,no
empleos,7,7,no
encantan,7,8,no
encargos,7,8,no
encendida,7,9,no
encendiendo,7,11,no
enciende,7,8,no
encontradas,7,11,no
encontraremos,7,13,no
encontrará,7,10,no
encontrarás,7,11,no
encontremos,7,11,no
encuestas,7,9,no
ende,7,4,no
enfriamiento,7,12,no
enfriar,7,7,no
enganchado,7,10,no
enigma,7,6,no
enoja,7,5,no
enrico,7,6,no
enríquez,7,8,no
ente,7,4,no
entendimiento,7,13,no
enterramiento,7,13,no
entierran,7,9,no
entornados,7,10,no
entrado,7,7,no
entregan,7,8,no
entregaron,7,10,no
entrenando,7,10,no
entretanto,7,10,no
envolver,7,8,no
enzimas,7,7,no
episcopado,7,10,no
epífitas,7,8,no
epónimo,7,7,no
equipación,7,10,no
equivale,7,8,no
erecta,7,6,no
errázuriz,7,9,no
erótico,7,7,no
esbelto,7,7,no
escapan,7,7,no
escapando,7,9,no
escarpadas,7,10,no
esconden,7,8,no
escondida,7,9,no
escondió,7,8,no
escribano,7,9,no
esmalte,7,7,no
espanta,7,7,no
esparcidas,7,10,no
especializadas,7,14,no
especificar,7,11,no
especulaciones,7,14,no
esperaban,7,9,no
esperanzas,7,10,no
espere,7,6,no
espigas,7,7,no
espinosas,7,9,no
espiritualidad,7,14,no
esplendor,7,9,no
espontánea,7,10,no
esposos,7,7,no
espía,7,5,no
espías,7,6,no
esqueletos,7,10,no
estacionales,7,12,no
estafa,7,6,no
estante,7,7,no
estarían,7,8,no
estate,7,6,no
estatuto,7,8,no
estelares,7,9,no
estepas,7,7,no
estimar,7,7,no
estrellada,7,10,no
estremecimiento,7,15,no
estrenada,7,9,no
estrofa,7,7,no
estudiados,7,10,no
estudiantiles,7,13,no
estudioso,7,9,no
estudiosos,7,10,no
estuvieran,7,10,no
estuviese,7,9,no
estábamos,7,9,no
estática,7,8,no
eterna,7,6,no
eucaliptos,7,10,no
eucaristía,7,10,no
everton,7,7,no
evidentemente,7,13,no
evolucionado,7,12,no
evolutiva,7,9,no
excesos,7,7,no
excita,7,6,no
excusas,7,7,no
exento,7,6,no
exhibiciones,7,12,no
exhibió,7,7,no
exigencias,7,10,no
exigir,7,6,no
exitosamente,7,12,no
exitosas,7,8,no
experimentado,7,13,no
explicó,7,7,no
exponen,7,7,no
expulsada,7,9,no
expulsados,7,10,no
expulsar,7,8,no
extraída,7,8,no
exótica,7,7,no
exóticas,7,8,no
faca,7,4,no
facción,7,7,no
facial,7,6,no
factoría,7,8,no
factura,7,7,no
facundo,7,7,no
fallece,7,7,no
fallecer,7,8,no
fallecidos,7,10,no
fallido,7,7,no
falsas,7,6,no
family,7,6,no
fanes,7,5,no
fanta,7,5,no
fantasy,7,7,no
fanático,7,8,no
farándula,7,9,no
fascista,7,8,no
fausto,7,6,no
favorecen,7,9,no
favoritas,7,9,no
fax,7,3,no
felizmente,7,10,no
fender,7,6,no
ferguson,7,8,no
fernanda,7,8,no
ferrol,7,6,no
ferroviarios,7,12,no
ferviente,7,9,no
festivos,7,8,no
fiable,7,6,no
fiat,7,4,no
ficticia,7,8,no
ficticio,7,8,no
field,7,5,no
figuró,7,6,no
fijada,7,6,no
fijado,7,6,no
fijos,7,5,no
filmadas,7,8,no
filmar,7,6,no
finos,7,5,no
firmas,7,6,no
fisiología,7,10,no
fitzgerald,7,10,no
five,7,4,no
flaco,7,5,no
flanqueada,7,10,no
floral,7,6,no
florencio,7,9,no
flote,7,5,no
flotilla,7,8,no
fluidez,7,7,no
fomentar,7,8,no
fonseca,7,7,no
formarse,7,8,no
formulación,7,11,no
four,7,4,no
fractura,7,8,no
fragantes,7,9,no
fragatas,7,8,no
francesc,7,8,no
franciscano,7,11,no
francófona,7,10,no
franquismo,7,10,no
fraser,7,6,no
freddie,7,7,no
free,7,4,no
freeman,7,7,no
fresas,7,6,no
friedman,7,8,no
funda,7,5,no
fundacional,7,11,no
fundamenta,7,10,no
funerario,7,9,no
fungió,7,6,no
funk,7,4,no
futbol,7,6,no
fármacos,7,8,no
fúnebre,7,7,no
galia,7,5,no
gallagher,7,9,no
galleta,7,7,no
gallinas,7,8,no
galápagos,7,9,no
gamarra,7,7,no
ganaderos,7,9,no
ganadoras,7,9,no
gandhi,7,6,no
garra,7,5,no
garrido,7,7,no
garros,7,6,no
gasto,7,5,no
gate,7,4,no
generoso,7,8,no
genocidio,7,9,no
geológica,7,9,no
geológico,7,9,no
georgetown,7,10,no
gerencia,7,8,no
germano,7,7,no
gestación,7,9,no
get,7,3,no
geólogo,7,7,no
gigantescas,7,11,no
gilberto,7,8,no
gimió,7,5,no
glabra,7,6,no
glabros,7,7,no
glen,7,4,no
glucosa,7,7,no
goethe,7,6,no
golpeada,7,8,no
gonzaga,7,7,no
gospel,7,6,no
gozar,7,5,no
grabador,7,8,no
graciosa,7,8,no
gradas,7,6,no
graduada,7,8,no
graduados,7,9,no
grafo,7,5,no
grasos,7,6,no
gratuitamente,7,13,no
grau,7,4,no
greg,7,4,no
gruta,7,5,no
guanajuato,7,10,no
guardó,7,6,no
gubernamentales,7,15,no
guerrillas,7,10,no
guipúzcoa,7,9,no
gustav,7,6,no
güemes,7,6,no
haberla,7,7,no
habilitado,7,10,no
habitaban,7,9,no
habitante,7,9,no
hablaban,7,8,no
hablamos,7,8,no
hablo,7,5,no
hacerla,7,7,no
hacha,7,5,no
hallar,7,6,no
hallaron,7,8,no
halloween,7,9,no
halló,7,5,no
hamlet,7,6,no
hank,7,4,no
hannah,7,6,no
hardcore,7,8,no
harlem,7,6,no
haro,7,4,no
harper,7,6,no
harta,7,5,no
hawks,7,5,no
helsinki,7,8,no
hematoma,7,8,no
hembrillas,7,10,no
heme,7,4,no
henderson,7,9,no
hepática,7,8,no
herald,7,6,no
herbívoro,7,9,no
hereda,7,6,no
hermafroditas,7,13,no
hermosas,7,8,no
heroica,7,7,no
heroicos,7,8,no
herzegovina,7,11,no
hiciera,7,7,no
hiciste,7,7,no
hidráulica,7,10,no
hiel,7,4,no
hielos,7,6,no
hipil,7,5,no
hispanos,7,8,no
holocausto,7,10,no
holstein,7,8,no
homenajes,7,9,no
honolulu,7,8,no
honrado,7,7,no
hopkins,7,7,no
hornea,7,6,no
horrible,7,8,no
hoyo,7,4,no
hube,7,4,no
hubiérale,7,9,no
huida,7,5,no
humorístico,7,11,no
hundidos,7,8,no
hundía,7,6,no
hunt,7,4,no
hunter,7,6,no
huntington,7,10,no
hussein,7,7,no
hyun,7,4,no
héroe,7,5,no
identificados,7,13,no
identifican,7,11,no
ignora,7,6,no
ilimitado,7,9,no
imaginas,7,8,no
impact,7,6,no
implantación,7,12,no
implicados,7,10,no
imponer,7,7,no
impresos,7,8,no
imprime,7,7,no
imprimir,7,8,no
inaugural,7,9,no
incansable,7,10,no
incapaces,7,9,no
incendiado,7,10,no
inclina,7,7,no
inclinado,7,9,no
inconveniente,7,13,no
inconvenientes,7,14,no
incorporan,7,10,no
incorporar,7,10,no
incursionó,7,10,no
indicada,7,8,no
indicadores,7,11,no
indirecta,7,9,no
indo,7,4,no
inestabilidad,7,13,no
inevitable,7,10,no
infinita,7,8,no
inflación,7,9,no
inflamable,7,10,no
influenciada,7,12,no
informado,7,9,no
informal,7,8,no
informativos,7,12,no
infraestructuras,7,16,no
inframundo,7,10,no
inmortal,7,8,no
inmunidad,7,9,no
innovaciones,7,12,no
inscrita,7,8,no
inscrito,7,8,no
insoportable,7,12,no
inspiradas,7,10,no
instalada,7,9,no
instancias,7,10,no
insultarte,7,10,no
insurgentes,7,11,no
intacta,7,7,no
inteligentes,7,12,no
intensiva,7,9,no
inter,7,5,no
interino,7,8,no
intermedios,7,11,no
interpretaba,7,12,no
interpretadas,7,13,no
intrusos,7,8,no
invasiones,7,10,no
invasora,7,8,no
inverso,7,7,no
investigado,7,11,no
involucrados,7,12,no
ira,7,3,no
irrelevante,7,11,no
irritación,7,10,no
islote,7,6,no
ismael,7,6,no
istmo,7,5,no
italianas,7,9,no
jabalí,7,6,no
jaca,7,4,no
jade,7,4,no
jaleo,7,5,no
janet,7,5,no
jara,7,4,no
jedi,7,4,no
jenkins,7,7,no
jeopardy,7,8,no
jeremy,7,6,no
jesuita,7,7,no
jill,7,4,no
joey,7,4,no
jonas,7,5,no
jordán,7,6,no
joy,7,3,no
joya,7,4,no
joyce,7,5,no
joão,7,4,no
juegue,7,6,no
jugaban,7,7,no
jugable,7,7,no
jugará,7,6,no
julian,7,6,no
julie,7,5,no
julius,7,6,no
jura,7,4,no
jurisprudencia,7,14,no
justa,7,5,no
justas,7,6,no
justifica,7,9,no
justos,7,6,no
juventus,7,8,no
juzgar,7,6,no
júnior,7,6,no
kai,7,3,no
karting,7,7,no
kay,7,3,no
kid,7,3,no
kilos,7,5,no
koch,7,4,no
kosovo,7,6,no
kylie,7,5,no
labrado,7,7,no
labrador,7,8,no
ladrador,7,8,no
lakers,7,6,no
lamentos,7,8,no
lanar,7,5,no
lanceoladas,7,11,no
lanzaban,7,8,no
larraín,7,7,no
latas,7,5,no
latido,7,6,no
latinoamericanos,7,16,no
lavalle,7,7,no
lawn,7,4,no
lechoso,7,7,no
legumbre,7,8,no
legumbres,7,9,no
leningrado,7,10,no
lentes,7,6,no
lesbianismo,7,11,no
levadura,7,8,no
levantaba,7,9,no
levantada,7,9,no
levantando,7,10,no
levantaron,7,10,no
levy,7,4,no
leñosa,7,6,no
liberada,7,8,no
libertador,7,10,no
liberó,7,6,no
libramos,7,8,no
library,7,7,no
licencias,7,9,no
limbo,7,5,no
limitación,7,10,no
lingüísticos,7,12,no
liso,7,4,no
lisos,7,5,no
listan,7,6,no
litio,7,5,no
llamé,7,5,no
llana,7,5,no
llegará,7,7,no
llenó,7,5,no
lleven,7,6,no
lloraba,7,7,no
lluviosa,7,8,no
lluviosos,7,9,no
locaciones,7,10,no
localizados,7,11,no
lola,7,4,no
lona,7,4,no
look,7,4,no
lopez,7,5,no
lorca,7,5,no
lozano,7,6,no
luc,7,3,no
luca,7,4,no
lugareños,7,9,no
luján,7,5,no
lápidas,7,7,no
lázaro,7,6,no
lógicos,7,7,no
macdonald,7,9,no
macedonio,7,9,no
machado,7,7,no
macizos,7,7,no
maderas,7,7,no
madrastra,7,9,no
madrileños,7,10,no
madurar,7,7,no
magallanes,7,10,no
mai,7,3,no
manantial,7,9,no
mandar,7,6,no
maneja,7,6,no
manifestaron,7,12,no
manso,7,5,no
mantenían,7,9,no
manualmente,7,11,no
mapuche,7,7,no
maradona,7,8,no
marcadas,7,8,no
marcando,7,8,no
marcus,7,6,no
marín,7,5,no
marítimos,7,9,no
master,7,6,no
matamoros,7,9,no
matanzas,7,8,no
matarla,7,7,no
matarme,7,7,no
mataron,7,7,no
maten,7,5,no
matices,7,7,no
matilda,7,7,no
matrices,7,8,no
maxwell,7,7,no
mayorazgo,7,9,no
mazo,7,4,no
mccartney,7,9,no
mediación,7,9,no
medicinal,7,9,no
mediciones,7,10,no
mejorada,7,8,no
melancolía,7,10,no
melancólica,7,11,no
melanie,7,7,no
melón,7,5,no
membranas,7,9,no
membresía,7,9,no
mencionó,7,8,no
menester,7,8,no
meno,7,4,no
menorca,7,7,no
mercantes,7,9,no
mercosur,7,8,no
merlín,7,6,no
mero,7,4,no
mesías,7,6,no
metabolismo,7,11,no
metafísica,7,10,no
metallica,7,9,no
mete,7,4,no
metálica,7,8,no
mezclados,7,9,no
mia,7,3,no
microscopio,7,11,no
migratoria,7,10,no
milímetros,7,10,no
ministerios,7,11,no
minorías,7,8,no
miradas,7,7,no
miramar,7,7,no
miraron,7,7,no
miro,7,4,no
misericordia,7,12,no
misionera,7,9,no
mitológicos,7,11,no
mitre,7,5,no
mobile,7,6,no
modelado,7,8,no
modelaje,7,8,no
moderadas,7,9,no
modificadas,7,11,no
molde,7,5,no
moldes,7,6,no
monetario,7,9,no
monta,7,5,no
montajes,7,8,no
montañosos,7,10,no
montgomery,7,10,no
monzón,7,6,no
monólogos,7,9,no
monótono,7,8,no
mordía,7,6,no
more,7,4,no
morelia,7,7,no
moriremos,7,9,no
morirá,7,6,no
morrison,7,8,no
mortero,7,7,no
morón,7,5,no
mosquera,7,8,no
mota,7,4,no
moviendo,7,8,no
movía,7,5,no
mozilla,7,7,no
muera,7,5,no
mula,7,4,no
mulato,7,6,no
mulder,7,6,no
multa,7,5,no
multi,7,5,no
municiones,7,10,no
musgos,7,6,no
mutuo,7,5,no
máscaras,7,8,no
mástil,7,6,no
máximas,7,7,no
mística,7,7,no
músculos,7,8,no
músicas,7,7,no
nacionalidades,7,14,no
narrado,7,7,no
nasales,7,7,no
natalia,7,7,no
naturalista,7,11,no
nava,7,4,no
navidades,7,9,no
necesitar,7,9,no
negaban,7,7,no
neo,7,3,no
neoclásica,7,10,no
neptuno,7,7,no
nervio,7,6,no
nerviosos,7,9,no
netamente,7,9,no
neuronas,7,8,no
newport,7,7,no
nichos,7,6,no
nicole,7,6,no
nieblas,7,7,no
nietzsche,7,9,no
nike,7,4,no
ninfa,7,5,no
nirvana,7,7,no
nivelado,7,8,no
nixon,7,5,no
nocaut,7,6,no
nombrar,7,7,no
nomenclatura,7,12,no
normalidad,7,10,no
nororiental,7,11,no
not,7,3,no
noticiero,7,9,no
novo,7,4,no
now,7,3,no
nueces,7,6,no
nuez,7,4,no
nulo,7,4,no
nórdico,7,7,no
nóvgorod,7,8,no
oblongas,7,8,no
oboe,7,4,no
obreras,7,7,no
observadores,7,12,no
observarse,7,10,no
observó,7,7,no
ocean,7,5,no
octogonal,7,9,no
ocupadas,7,8,no
ocupados,7,8,no
ocupo,7,5,no
ojeda,7,5,no
olimpo,7,6,no
omnívoro,7,8,no
ondulante,7,9,no
opaco,7,5,no
operaba,7,7,no
operada,7,7,no
operados,7,8,no
operativos,7,10,no
oprimiéndome,7,12,no
opuesta,7,7,no
opus,7,4,no
orbital,7,7,no
ordenas,7,7,no
ordinaria,7,9,no
oregon,7,6,no
organizaron,7,11,no
orgánico,7,8,no
orientó,7,7,no
originalidad,7,12,no
originarias,7,11,no
orozco,7,6,no
orquestal,7,9,no
orugas,7,6,no
oruro,7,5,no
osos,7,4,no
ostentaba,7,9,no
otorgaron,7,9,no
oval,7,4,no
ovario,7,6,no
oveja,7,5,no
over,7,4,no
owens,7,5,no
oyentes,7,7,no
oyeron,7,6,no
pachuca,7,7,no
padeció,7,7,no
padecía,7,7,no
padilla,7,7,no
padrinos,7,8,no
padua,7,5,no
palau,7,5,no
palestino,7,9,no
palestinos,7,10,no
palmera,7,7,no
palmira,7,7,no
pantera,7,7,no
panícula,7,8,no
paola,7,5,no
papal,7,5,no
parador,7,7,no
pareces,7,7,no
partisanos,7,10,no
paró,7,4,no
pasados,7,7,no
pasajero,7,8,no
pasas,7,5,no
pasatiempos,7,11,no
pastilla,7,8,no
pastoreo,7,8,no
pata,7,4,no
patrocinadores,7,14,no
patrocinio,7,10,no
paulino,7,7,no
paulista,7,8,no
pavón,7,5,no
payaso,7,6,no
pearl,7,5,no
pecar,7,5,no
pecioladas,7,10,no
pedagogo,7,8,no
pedagogía,7,9,no
pedestal,7,8,no
pegado,7,6,no
pelean,7,6,no
pelear,7,6,no
penosa,7,6,no
pensadores,7,10,no
peralta,7,7,no
percy,7,5,no
perdedor,7,8,no
perdonan,7,8,no
perdura,7,7,no
perezoso,7,8,no
perfume,7,7,no
periferia,7,9,no
periodístico,7,12,no
perjuros,7,8,no
permisos,7,8,no
permitiendo,7,11,no
permitían,7,9,no
persiguió,7,9,no
perth,7,5,no
pesaba,7,6,no
pescados,7,8,no
pete,7,4,no
petit,7,5,no
peñas,7,5,no
philippe,7,8,no
pican,7,5,no
pierce,7,6,no
pinar,7,5,no
pinares,7,7,no
pink,7,4,no
pintora,7,7,no
pintoresco,7,10,no
pipa,7,4,no
piramidal,7,9,no
piratería,7,9,no
pirámides,7,9,no
pistones,7,8,no
piña,7,4,no
plagas,7,6,no
planeado,7,8,no
plasencia,7,9,no
plateado,7,8,no
playoffs,7,8,no
playstation,7,11,no
plenos,7,6,no
poderosas,7,9,no
podios,7,6,no
poe,7,3,no
pol,7,3,no
polacas,7,7,no
polarización,7,12,no
policiales,7,10,no
polideportivo,7,13,no
polinias,7,8,no
pollos,7,6,no
polígonos,7,9,no
polímero,7,8,no
ponerle,7,7,no
ponernos,7,8,no
pones,7,5,no
ponía,7,5,no
pornografía,7,11,no
portadores,7,10,no
porto,7,5,no
poseyó,7,6,no
poseían,7,7,no
precaución,7,10,no
preciosas,7,9,no
precioso,7,8,no
precoz,7,6,no
precursores,7,11,no
preguntó,7,8,no
prehispánico,7,12,no
prehistóricos,7,13,no
prematura,7,9,no
preocupó,7,8,no
prepararse,7,10,no
preparativos,7,12,no
presley,7,7,no
prestaciones,7,12,no
pretty,7,6,no
prevenido,7,9,no
previsión,7,9,no
prime,7,5,no
prince,7,6,no
princess,7,8,no
prior,7,5,no
prisioneras,7,11,no
privacidad,7,10,no
problemática,7,12,no
procedencia,7,11,no
procesados,7,10,no
procesar,7,8,no
productiva,7,10,no
productividad,7,13,no
productoras,7,11,no
profecía,7,8,no
profesorado,7,11,no
programado,7,10,no
progresión,7,10,no
progresos,7,9,no
prolífica,7,9,no
prometedor,7,10,no
prometido,7,9,no
promocionales,7,13,no
proposición,7,11,no
proseguía,7,9,no
prosigue,7,8,no
protectorado,7,12,no
proteína,7,8,no
prototipos,7,10,no
proveedor,7,9,no
proveen,7,7,no
provenían,7,9,no
proyecciones,7,12,no
proyectada,7,10,no
proyectiles,7,11,no
proyectó,7,8,no
prudencia,7,9,no
prusiana,7,8,no
prócer,7,6,no
próspero,7,8,no
pseudónimo,7,10,no
psicológico,7,11,no
psiquiatra,7,10,no
publicarse,7,10,no
publicitaria,7,12,no
pudiese,7,7,no
puestas,7,7,no
pulgas,7,6,no
pupilas,7,7,no
puras,7,5,no
purificación,7,12,no
puros,7,5,no
puño,7,4,no
quemaduras,7,10,no
quesos,7,6,no
quilmes,7,7,no
quino,7,5,no
quisieron,7,9,no
quitar,7,6,no
race,7,4,no
racismo,7,7,no
radiante,7,8,no
radicalmente,7,12,no
raimundo,7,8,no
ramificada,7,10,no
ramillas,7,8,no
raso,7,4,no
rastreo,7,7,no
rastros,7,7,no
ratificó,7,8,no
realizaban,7,10,no
rebaño,7,6,no
rebeldía,7,8,no
recae,7,5,no
recayó,7,6,no
receptores,7,10,no
rechazaba,7,9,no
rechazar,7,8,no
recipientes,7,11,no
reclamado,7,9,no
reclamo,7,7,no
recogieron,7,10,no
recomendación,7,13,no
recomendado,7,11,no
reconocible,7,11,no
reconstruida,7,12,no
recopilatorio,7,13,no
recorrimos,7,10,no
recreativa,7,10,no
recreativo,7,10,no
recreo,7,6,no
rectangulares,7,13,no
rectos,7,6,no
recubierta,7,10,no
recuperada,7,10,no
recuperados,7,11,no
recurrentes,7,11,no
recurrió,7,8,no
redondeados,7,11,no
reducen,7,7,no
reed,7,4,no
reelegido,7,9,no
referida,7,8,no
reflejaba,7,9,no
reflejo,7,7,no
reformado,7,9,no
reformista,7,10,no
reforzada,7,9,no
reforzar,7,8,no
refugia,7,7,no
regadío,7,7,no
regencia,7,8,no
regimientos,7,11,no
registraron,7,11,no
regresando,7,10,no
regula,7,6,no
regulaciones,7,12,no
regulado,7,8,no
rehenes,7,7,no
reinante,7,8,no
relacionarse,7,12,no
relaja,7,6,no
relativo,7,8,no
rematado,7,8,no
remedios,7,8,no
remixes,7,7,no
remolacha,7,9,no
remotos,7,7,no
removido,7,8,no
rendaje,7,7,no
rendición,7,9,no
renombrada,7,10,no
renovar,7,7,no
repartidas,7,10,no
repitiendo,7,10,no
representativos,7,15,no
reproductivo,7,12,no
reproductor,7,11,no
republicanos,7,12,no
res,7,3,no
resaltar,7,8,no
rescatado,7,9,no
resguardo,7,9,no
residen,7,7,no
residenciales,7,13,no
residuales,7,10,no
resiste,7,7,no
respaldo,7,8,no
respirable,7,10,no
responden,7,9,no
resumir,7,7,no
resurgimiento,7,13,no
resurrección,7,12,no
retiran,7,7,no
retirar,7,7,no
retomar,7,7,no
retrasa,7,7,no
retrasado,7,9,no
retrata,7,7,no
retrocedió,7,10,no
revelan,7,7,no
revisa,7,6,no
revoloteo,7,9,no
revés,7,5,no
reza,7,4,no
rezo,7,4,no
ricamente,7,9,no
rice,7,4,no
ricky,7,5,no
ridícula,7,8,no
rieles,7,6,no
riendo,7,6,no
rifles,7,6,no
rige,7,4,no
rindieron,7,9,no
risas,7,5,no
rizos,7,5,no
rob,7,3,no
roba,7,4,no
roble,7,5,no
robos,7,5,no
robusta,7,7,no
rocoso,7,6,no
rodas,7,5,no
rodilla,7,7,no
rojizas,7,7,no
romería,7,7,no
rompen,7,6,no
románicos,7,9,no
románticos,7,10,no
ronald,7,6,no
rotas,7,5,no
rotativo,7,8,no
rotonda,7,7,no
rotos,7,5,no
rovira,7,6,no
rubens,7,6,no
ruby,7,4,no
rufo,7,4,no
rugosa,7,6,no
ruth,7,4,no
ríase,7,5,no
rígido,7,6,no
rómulo,7,6,no
sabadell,7,8,no
sabido,7,6,no
sabinas,7,7,no
sabios,7,6,no
sacarte,7,7,no
sacudían,7,8,no
sagas,7,5,no
sagrario,7,8,no
sajones,7,7,no
salem,7,5,no
salesiano,7,9,no
salle,7,5,no
sally,7,5,no
salt,7,4,no
salvadoreña,7,11,no
salvarse,7,8,no
salí,7,4,no
sandalias,7,9,no
sanders,7,7,no
sanitarias,7,10,no
sanitarios,7,10,no
sarna,7,5,no
sasha,7,5,no
satisface,7,9,no
satisfacer,7,10,no
scout,7,5,no
secado,7,6,no
secesión,7,8,no
second,7,6,no
seguidas,7,8,no
seguiría,7,8,no
seguí,7,5,no
selectiva,7,9,no
selena,7,6,no
semanalmente,7,12,no
semejanza,7,9,no
sensibles,7,9,no
sepultada,7,9,no
sequías,7,7,no
seremos,7,7,no
serias,7,6,no
servida,7,7,no
sesgo,7,5,no
sets,7,4,no
severas,7,7,no
severidad,7,9,no
sevillano,7,9,no
seychelles,7,10,no
señalado,7,8,no
seúl,7,4,no
shadow,7,6,no
shah,7,4,no
shane,7,5,no
shell,7,5,no
shock,7,5,no
siervo,7,6,no
significativamente,7,18,no
significativas,7,14,no
sigo,7,4,no
sigüenza,7,8,no
silesia,7,7,no
silueta,7,7,no
simbólico,7,9,no
simmons,7,7,no
simone,7,6,no
simplicidad,7,11,no
sinclair,7,8,no
sindicales,7,10,no
siracusa,7,8,no
sirena,7,6,no
sirva,7,5,no
six,7,3,no
ska,7,3,no
sketch,7,6,no
sobrio,7,6,no
sociable,7,8,no
socialmente,7,11,no
soda,7,4,no
sofá,7,4,no
solucionar,7,10,no
sombrío,7,7,no
sombríos,7,8,no
somerset,7,8,no
sonaban,7,7,no
sonatas,7,7,no
sonó,7,4,no
sorber,7,6,no
sordo,7,5,no
sorprendente,7,12,no
sosa,7,4,no
sospechosos,7,11,no
space,7,5,no
sportivo,7,8,no
springs,7,7,no
stadium,7,7,no
stand,7,5,no
stars,7,5,no
subhúmedo,7,9,no
subiendo,7,8,no
subsecretario,7,13,no
subsistencia,7,12,no
suburbio,7,8,no
sucesivamente,7,13,no
suculenta,7,9,no
sudan,7,5,no
sue,7,3,no
suecos,7,6,no
sueña,7,5,no
sufrimiento,7,11,no
sujetas,7,7,no
sul,7,3,no
sullivan,7,8,no
superación,7,10,no
suponen,7,7,no
supuestos,7,9,no
surgir,7,6,no
suspender,7,9,no
suspendidas,7,11,no
suspiraba,7,9,no
sustancial,7,10,no
sustantivos,7,11,no
sustituye,7,9,no
sylvia,7,6,no
sátira,7,6,no
tabú,7,4,no
tajo,7,4,no
tala,7,4,no
talante,7,7,no
tallado,7,7,no
tallados,7,8,no
tallas,7,6,no
tamaulipas,7,10,no
tapar,7,5,no
tapas,7,5,no
tapia,7,5,no
tara,7,4,no
tardaron,7,8,no
taxonomía,7,9,no
tayikistán,7,10,no
teca,7,4,no
tech,7,4,no
tecnológicos,7,12,no
teherán,7,7,no
tejer,7,5,no
telefónicas,7,11,no
telmo,7,5,no
telón,7,5,no
templada,7,8,no
temía,7,5,no
tendido,7,7,no
tendí,7,5,no
tenerlo,7,7,no
tenéis,7,6,no
ternera,7,7,no
ternura,7,7,no
terratenientes,7,14,no
texturas,7,8,no
teólogo,7,7,no
that,7,4,no
thor,7,4,no
tibetano,7,8,no
tibia,7,5,no
tibias,7,6,no
tiburón,7,7,no
tijuana,7,7,no
tina,7,4,no
tipografía,7,10,no
toby,7,4,no
tocada,7,6,no
tokyo,7,5,no
tome,7,4,no
tomos,7,5,no
tonalidades,7,11,no
torero,7,6,no
toreros,7,7,no
torpedos,7,8,no
torreón,7,7,no
torso,7,5,no
tortas,7,6,no
tortuga,7,7,no
toscana,7,7,no
tower,7,5,no
track,7,5,no
tracto,7,6,no
tracy,7,5,no
traducir,7,8,no
tranquilamente,7,14,no
transformada,7,12,no
transformar,7,11,no
transparentes,7,13,no
transportados,7,13,no
trascendencia,7,13,no
traseros,7,8,no
trasfondo,7,9,no
trataban,7,8,no
traía,7,5,no
traído,7,6,no
trepadora,7,9,no
trescientos,7,11,no
trevor,7,6,no
triangulares,7,12,no
triatlón,7,8,no
tristemente,7,11,no
trofeos,7,7,no
trompa,7,6,no
trompetista,7,11,no
troya,7,5,no
trípoli,7,7,no
tte,7,3,no
tubos,7,5,no
tubérculo,7,9,no
tudela,7,6,no
tula,7,4,no
turbo,7,5,no
tuxtlan,7,7,no
táchira,7,7,no
tíos,7,4,no
ultra,7,5,no
urbanística,7,11,no
urgencia,7,8,no
utensilios,7,10,no
uñas,7,4,no
vacante,7,7,no
vago,7,4,no
vainilla,7,8,no
valencianos,7,11,no
valer,7,5,no
valieron,7,8,no
vallecano,7,9,no
vallejo,7,7,no
valorada,7,8,no
valverde,7,8,no
vampiro,7,7,no
vasta,7,5,no
vasto,7,5,no
veamos,7,6,no
vector,7,6,no
vectores,7,8,no
veintinueve,7,11,no
veintiún,7,8,no
vena,7,4,no
venado,7,6,no
venados,7,7,no
vencedores,7,10,no
vendiendo,7,9,no
vendía,7,6,no
venecianos,7,10,no
venenosa,7,8,no
venenosas,7,9,no
venevisión,7,10,no
vengadores,7,10,no
vengarse,7,8,no
verbenas,7,8,no
verbos,7,6,no
veremos,7,7,no
verlas,7,6,no
verne,7,5,no
vernos,7,6,no
verona,7,6,no
vertebral,7,9,no
vestía,7,6,no
veterano,7,8,no
veterinario,7,11,no
vibraciones,7,11,no
vicepresidenta,7,14,no
vicky,7,5,no
victoriana,7,10,no
vietnamita,7,10,no
view,7,4,no
vikingos,7,8,no
villano,7,7,no
vinci,7,5,no
violines,7,8,no
virar,7,5,no
virgilio,7,8,no
virtuales,7,9,no
visibilidad,7,11,no
visigodos,7,9,no
visitaba,7,8,no
visitadas,7,9,no
vitaminas,7,9,no
vitrina,7,7,no
vividos,7,7,no
volado,7,6,no
voladores,7,9,no
volcánicas,7,10,no
volcó,7,5,no
vos,7,3,no
votaciones,7,10,no
vámonos,7,7,no
vínculos,7,8,no
walsh,7,5,no
wan,7,3,no
wave,7,4,no
webb,7,4,no
weiss,7,5,no
wilhelm,7,7,no
willis,7,6,no
willow,7,6,no
wimbledon,7,9,no
wittenberg,7,10,no
woman,7,5,no
worth,7,5,no
wyatt,7,5,no
yace,7,4,no
yang,7,4,no
yema,7,4,no
yodo,7,4,no
zapatillas,7,10,no
zeta,7,4,no
zulia,7,5,no
zumo,7,4,no
zumos,7,5,no
zócalo,7,6,no
águilas,7,7,no
álava,7,5,no
ánforas,7,7,no
árido,7,5,no
índices,7,7,no
ópticos,7,7,no
óxido,7,5,no
abanderado,6,10,no
abandonen,6,9,no
abbey,6,5,no
abertura,6,8,no
abolición,6,9,no
abrasador,6,9,no
abrevadero,6,10,no
abrupta,6,7,no
absolutamente,6,13,no
absorben,6,8,no
abunda,6,6,no
aburridos,6,9,no
abusos,6,6,no
acabas,6,6,no
acariciadoras,6,13,no
aceitunas,6,9,no
acelerar,6,8,no
aceleró,6,7,no
acercó,6,6,no
acidez,6,6,no
acogedor,6,8,no
acompañante,6,11,no
acordado,6,8,no
acordar,6,7,no
acudir,6,6,no
acueducto,6,9,no
acumula,6,7,no
adagio,6,6,no
adicción,6,8,no
administró,6,10,no
admirado,6,8,no
adolf,6,5,no
adoptados,6,9,no
adoptiva,6,8,no
adornada,6,8,no
adorno,6,6,no
adosada,6,7,no
adrian,6,6,no
adversarios,6,11,no
adversos,6,8,no
afectaron,6,9,no
afinidad,6,8,no
afluencia,6,9,no
afortunadamente,6,15,no
africanas,6,9,no
agar,6,4,no
agitando,6,8,no
agotamiento,6,11,no
agotaron,6,8,no
agrada,6,6,no
agradecimiento,6,14,no
agropecuario,6,12,no
agrónomo,6,8,no
aguada,6,6,no
aguante,6,7,no
aguardiente,6,11,no
agüero,6,6,no
ahogan,6,6,no
ahorra,6,6,no
airways,6,7,no
ajena,6,5,no
akira,6,5,no
alabó,6,5,no
alarcón,6,7,no
alargó,6,6,no
alarico,6,7,no
alberti,6,7,no
albo,6,4,no
alcanzados,6,10,no
alcanzando,6,10,no
alcanzaría,6,10,no
alcaraz,6,7,no
alcohólico,6,10,no
aledañas,6,8,no
alegorías,6,9,no
alejandra,6,9,no
alejarse,6,8,no
alexandra,6,9,no
algarrobos,6,10,no
alive,6,5,no
aliviar,6,7,no
alivio,6,6,no
allmusic,6,8,no
almacenados,6,11,no
almendro,6,8,no
almudena,6,8,no
alzheimer,6,9,no
amaba,6,5,no
amador,6,6,no
amazonia,6,8,no
amazónica,6,9,no
ambición,6,8,no
ambientación,6,12,no
ambiguo,6,7,no
amenazados,6,10,no
amerindios,6,10,no
amplía,6,6,no
analizan,6,8,no
analítica,6,9,no
analógica,6,9,no
andan,6,5,no
anfiteatro,6,10,no
anginas,6,7,no
anglicana,6,9,no
animadores,6,10,no
animation,6,9,no
aniones,6,7,no
anota,6,5,no
anotaciones,6,11,no
anselmo,6,7,no
antioquía,6,9,no
antoine,6,7,no
antoni,6,6,no
antonieta,6,9,no
antorcha,6,8,no
antártico,6,9,no
anunciada,6,9,no
anís,6,4,no
anónima,6,7,no
apareamiento,6,12,no
aparenta,6,8,no
aplanadas,6,9,no
aportó,6,6,no
apoyaron,6,8,no
aprobadas,6,9,no
apuro,6,5,no
aquiles,6,7,no
aragua,6,6,no
arbustiva,6,9,no
arcadia,6,7,no
archidiócesis,6,13,no
arden,6,5,no
ardiente,6,8,no
arduo,6,5,no
area,6,4,no
argos,6,5,no
arica,6,5,no
armónica,6,8,no
arq,6,3,no
arqueólogo,6,10,no
arquitectónica,6,14,no
arrastrando,6,11,no
arreglada,6,9,no
arreglarlo,6,10,no
arriesgado,6,10,no
arrojando,6,9,no
artesano,6,8,no
articula,6,8,no
articulación,6,12,no
ascienden,6,9,no
asegurarse,6,10,no
asemejan,6,8,no
asentó,6,6,no
asexual,6,7,no
asignada,6,8,no
astringente,6,11,no
asturiano,6,9,no
asustado,6,8,no
atahualpa,6,9,no
atolón,6,6,no
atraco,6,6,no
atrevida,6,8,no
atributo,6,8,no
aturdir,6,7,no
atómicos,6,8,no
auburn,6,6,no
auschwitz,6,9,no
austera,6,7,no
automotriz,6,10,no
autorizadas,6,11,no
avanzadas,6,9,no
avanzando,6,9,no
aventurero,6,10,no
avisa,6,5,no
avispa,6,6,no
ayudarme,6,8,no
ayúdame,6,7,no
aztecas,6,7,no
azucarera,6,9,no
bagdad,6,6,no
bajando,6,7,no
ball,6,4,no
bancaria,6,8,no
bangor,6,6,no
barcas,6,6,no
barreras,6,8,no
barriada,6,8,no
baseball,6,8,no
batida,6,6,no
bayern,6,6,no
baúl,6,4,no
beatrice,6,8,no
beberse,6,7,no
bebido,6,6,no
beer,6,4,no
beige,6,5,no
benigno,6,7,no
benny,6,5,no
bermudas,6,8,no
bin,6,3,no
binaria,6,7,no
biodiversidad,6,13,no
bioma,6,5,no
bizancio,6,8,no
bocetos,6,7,no
boeing,6,6,no
bol,6,3,no
boletos,6,7,no
bolos,6,5,no
bombarderos,6,11,no
bonanza,6,7,no
bonnie,6,6,no
bordura,6,7,no
borrado,6,7,no
bowie,6,5,no
boyacá,6,6,no
boyeros,6,7,no
brecha,6,6,no
bruto,6,5,no
buck,6,4,no
bulevar,6,7,no
burkina,6,7,no
burns,6,5,no
buscamos,6,8,no
básquetbol,6,10,no
cachorro,6,8,no
cachorros,6,9,no
cafés,6,5,no
calabria,6,8,no
calella,6,7,no
calentamiento,6,13,no
calizas,6,7,no
calizos,6,7,no
camarero,6,8,no
camarones,6,9,no
camello,6,7,no
camila,6,6,no
canceló,6,7,no
cancionero,6,10,no
cantaban,6,8,no
caprichosa,6,10,no
carcajadas,6,10,no
cargados,6,8,no
cargan,6,6,no
caricaturas,6,11,no
carnosa,6,7,no
caros,6,5,no
carranza,6,8,no
carrasco,6,8,no
carrie,6,6,no
carrozas,6,8,no
cartelera,6,9,no
cartoon,6,7,no
casita,6,6,no
casta,6,5,no
castellar,6,9,no
catania,6,7,no
causados,6,8,no
causan,6,6,no
cavar,6,5,no
cayetano,6,8,no
cazando,6,7,no
cela,6,4,no
celebradas,6,10,no
celia,6,5,no
celtic,6,6,no
ceniza,6,6,no
centre,6,6,no
century,6,7,no
cerco,6,5,no
cesaron,6,7,no
cesta,6,5,no
chadwick,6,8,no
championship,6,12,no
chapelle,6,8,no
charco,6,6,no
charly,6,6,no
charros,6,7,no
chef,6,4,no
chilenas,6,8,no
chimenea,6,8,no
christi,6,7,no
christie,6,8,no
christina,6,9,no
cicerón,6,7,no
cierran,6,7,no
cipriano,6,8,no
circunvala,6,10,no
citó,6,4,no
clandestina,6,11,no
climático,6,9,no
cobain,6,6,no
cobalto,6,7,no
coexisten,6,9,no
coincidiendo,6,12,no
coincidir,6,9,no
cojas,6,5,no
coleman,6,7,no
colinda,6,7,no
colocaron,6,9,no
coloreó,6,7,no
comarcal,6,8,no
combinados,6,10,no
combustión,6,10,no
comenzará,6,9,no
comparar,6,8,no
compitieron,6,11,no
completado,6,10,no
componían,6,9,no
comprador,6,9,no
comprometió,6,11,no
comunicó,6,8,no
concebido,6,9,no
concejales,6,10,no
concluido,6,9,no
concurrida,6,10,no
condenas,6,8,no
condensador,6,11,no
conducen,6,8,no
conducía,6,8,no
confieso,6,8,no
confluyen,6,9,no
conformó,6,8,no
confundida,6,10,no
confusas,6,8,no
conmemorar,6,10,no
conmutada,6,9,no
conociendo,6,10,no
conquistada,6,11,no
conquistado,6,11,no
consecutivas,6,12,no
consideraciones,6,15,no
considerando,6,12,no
consolidado,6,11,no
consolidar,6,10,no
consonante,6,10,no
constantinopla,6,14,no
constar,6,7,no
constituían,6,11,no
consuela,6,8,no
consultas,6,9,no
consumidas,6,10,no
contaminado,6,11,no
contaminantes,6,13,no
contemplarse,6,12,no
contendientes,6,13,no
contraataque,6,12,no
contratados,6,11,no
controlador,6,11,no
controversias,6,13,no
convenio,6,8,no
convertirían,6,12,no
convexo,6,7,no
convicciones,6,12,no
convirtiendo,6,12,no
copiapó,6,7,no
corazonada,6,10,no
cordel,6,6,no
cordilleras,6,11,no
corp,6,4,no
corporativa,6,11,no
corresponder,6,12,no
corrían,6,7,no
cortadas,6,8,no
cortesanía,6,10,no
cortés,6,6,no
cortó,6,5,no
costes,6,6,no
cotidianos,6,10,no
countdown,6,9,no
crack,6,5,no
crecidas,6,8,no
credibilidad,6,12,no
creí,6,4,no
cristalinas,6,11,no
cristalino,6,10,no
cromatismo,6,10,no
crucifijo,6,9,no
crudas,6,6,no
cuadrillas,6,10,no
cubrió,6,6,no
cuchilla,6,8,no
cuente,6,6,no
culebra,6,7,no
cultivados,6,10,no
cultos,6,6,no
cumbia,6,6,no
cumpla,6,6,no
curación,6,8,no
curado,6,6,no
curador,6,7,no
cursar,6,6,no
curvado,6,7,no
custodiada,6,10,no
cuánticos,6,9,no
cállate,6,7,no
cáscara,6,7,no
cómputo,6,7,no
cónico,6,6,no
dakar,6,5,no
damas,6,5,no
darles,6,6,no
dawn,6,4,no
decena,6,6,no
decirte,6,7,no
declarados,6,10,no
declararon,6,10,no
decora,6,6,no
decorativas,6,11,no
deducir,6,7,no
deep,6,4,no
defendiendo,6,11,no
defienden,6,9,no
dei,6,3,no
delantal,6,8,no
delfina,6,7,no
delfos,6,6,no
deliciosos,6,10,no
demetrio,6,8,no
democráticas,6,12,no
demográfico,6,11,no
demolido,6,8,no
denominadas,6,11,no
denominar,6,9,no
denunció,6,8,no
depilatoria,6,11,no
depresiones,6,11,no
derby,6,5,no
descendido,6,10,no
desconectar,6,11,no
descriptivo,6,11,no
descubiertas,6,12,no
descubiertos,6,12,no
deseando,6,8,no
desear,6,6,no
desee,6,5,no
desempeñando,6,12,no
desesperado,6,11,no
desolada,6,8,no
despachos,6,9,no
despido,6,7,no
desplegar,6,9,no
destilación,6,11,no
destruyendo,6,11,no
detenerse,6,9,no
devil,6,5,no
devolver,6,8,no
diamantes,6,9,no
dibujado,6,8,no
diccionarios,6,12,no
dickinson,6,9,no
dificulta,6,9,no
difundido,6,9,no
digestivo,6,9,no
dignatarios,6,11,no
diligencia,6,10,no
dimitir,6,7,no
dinamismo,6,9,no
dineros,6,7,no
diplomacia,6,10,no
diplomada,6,9,no
dirigiendo,6,10,no
discográficos,6,13,no
discreto,6,8,no
discutido,6,9,no
disminución,6,11,no
disminuyen,6,10,no
disolver,6,8,no
disolverse,6,10,no
dispersas,6,9,no
dispersión,6,10,no
dispersó,6,8,no
disputados,6,10,no
distribuidor,6,12,no
dixon,6,5,no
domenico,6,8,no
domo,6,4,no
donovan,6,7,no
doo,6,3,no
doom,6,4,no
doug,6,4,no
drive,6,5,no
dudley,6,6,no
dudosas,6,7,no
duendes,6,7,no
duke,6,4,no
duques,6,6,no
durabilidad,6,11,no
duradera,6,8,no
durará,6,6,no
dólar,6,5,no
eclesiásticos,6,13,no
eclipse,6,7,no
eclosionan,6,10,no
edificada,6,9,no
edmonton,6,8,no
educados,6,8,no
educar,6,6,no
efímera,6,7,no
egresó,6,6,no
ejercía,6,7,no
ejido,6,5,no
ejército,6,8,no
electa,6,6,no
elegancia,6,9,no
eli,6,3,no
eliminatorias,6,13,no
eliza,6,5,no
elocuente,6,9,no
embudo,6,6,no
emelec,6,6,no
emerson,6,7,no
emiratos,6,8,no
emitidas,6,8,no
emocionado,6,10,no
emparejado,6,10,no
empezaste,6,9,no
emplazado,6,9,no
emplearse,6,9,no
empuje,6,6,no
encabezada,6,10,no
encantado,6,9,no
encantadora,6,11,no
encerrados,6,10,no
encinas,6,7,no
encontrando,6,11,no
encontraste,6,11,no
encontrándose,6,13,no
encorvados,6,10,no
encuentre,6,9,no
end,6,3,no
engorda,6,7,no
enjugó,6,6,no
enlaza,6,6,no
enmiendas,6,9,no
ensaladas,6,9,no
ensamblado,6,10,no
ensayar,6,7,no
enseñando,6,9,no
entenderlo,6,10,no
enterramientos,6,14,no
enterró,6,7,no
entornó,6,7,no
epístola,6,8,no
equidad,6,7,no
equilibrado,6,11,no
erige,6,5,no
esbeltos,6,8,no
escarabajos,6,11,no
escipión,6,8,no
escoge,6,6,no
escopeta,6,8,no
escudería,6,9,no
escupe,6,6,no
espaciosa,6,9,no
espanto,6,7,no
espanyol,6,8,no
especifica,6,10,no
esperamos,6,9,no
espesor,6,7,no
espiga,6,6,no
espina,6,6,no
esporádica,6,10,no
espuma,6,6,no
espumas,6,7,no
essex,6,5,no
establecía,6,10,no
estampa,6,7,no
estancado,6,9,no
estepa,6,6,no
esteroides,6,10,no
estimaciones,6,12,no
estimación,6,10,no
estolones,6,9,no
estrelló,6,8,no
estrenado,6,9,no
estribaciones,6,13,no
estropeado,6,10,no
estructurado,6,12,no
estudiadas,6,10,no
estímulos,6,9,no
eternamente,6,11,no
etiología,6,9,no
etiquetas,6,9,no
eulalia,6,7,no
evaluar,6,7,no
evangelistas,6,12,no
evitan,6,6,no
excesivo,6,8,no
excluidos,6,9,no
exiliados,6,9,no
exiliarse,6,9,no
exista,6,6,no
expandido,6,9,no
expendedoras,6,12,no
experimenta,6,11,no
exploraciones,6,13,no
explosiones,6,11,no
expresamente,6,12,no
expresionismo,6,13,no
extraordinarias,6,15,no
extremeño,6,9,no
fabricada,6,9,no
fabricó,6,7,no
fallas,6,6,no
fallecida,6,9,no
fame,6,4,no
faso,6,4,no
faustino,6,8,no
favorecer,6,9,no
favorecido,6,10,no
fecunda,6,7,no
feministas,6,10,no
fiabilidad,6,10,no
ficheros,6,8,no
fields,6,6,no
fieros,6,6,no
fierro,6,6,no
figurado,6,8,no
filipinos,6,9,no
filipo,6,6,no
filmografía,6,11,no
filtros,6,7,no
finlandesa,6,10,no
fiordo,6,6,no
fiscalía,6,8,no
fletcher,6,8,no
flexibles,6,9,no
florecimiento,6,13,no
florentino,6,10,no
flujos,6,6,no
focos,6,5,no
foliolos,6,8,no
foral,6,5,no
force,6,5,no
forraje,6,7,no
fortalecer,6,10,no
forzó,6,5,no
fosas,6,5,no
fotográfica,6,11,no
fracasa,6,7,no
fragmentación,6,13,no
frecuentó,6,9,no
frei,6,4,no
frenar,6,6,no
fricción,6,8,no
friends,6,7,no
frijoles,6,8,no
friso,6,5,no
frost,6,5,no
frustrado,6,9,no
fry,6,3,no
funcionales,6,11,no
funcione,6,8,no
fundadoras,6,10,no
funerarios,6,10,no
furioso,6,7,no
fusilado,6,8,no
fusiles,6,7,no
gaceta,6,6,no
galardonados,6,12,no
galera,6,6,no
gallardo,6,8,no
gallina,6,7,no
gante,6,5,no
garantía,6,8,no
garantías,6,9,no
garibaldi,6,9,no
garriga,6,7,no
gaulle,6,6,no
gemelas,6,7,no
gemidos,6,7,no
gemma,6,5,no
genaro,6,6,no
generaron,6,9,no
generation,6,10,no
geoff,6,5,no
geográficamente,6,15,no
germain,6,7,no
germen,6,6,no
gestionar,6,9,no
getafe,6,6,no
giacomo,6,7,no
giorgio,6,7,no
girona,6,6,no
giró,6,4,no
gitana,6,6,no
glam,6,4,no
gloriosa,6,8,no
golpeado,6,8,no
golpeó,6,6,no
gorrión,6,7,no
got,6,3,no
gozaba,6,6,no
gozan,6,5,no
grafos,6,6,no
granero,6,7,no
great,6,5,no
greene,6,6,no
ground,6,6,no
guerrera,6,8,no
gueto,6,5,no
gustas,6,6,no
góticos,6,7,no
habas,6,5,no
habitó,6,6,no
hacéis,6,6,no
ham,6,3,no
hannover,6,8,no
hanson,6,6,no
harald,6,6,no
harrow,6,6,no
harás,6,5,no
hayes,6,5,no
hectáreas,6,9,no
heights,6,7,no
hempstead,6,9,no
hereditaria,6,11,no
hermes,6,6,no
hermosea,6,8,no
hermosillo,6,10,no
hilera,6,6,no
hileras,6,7,no
hincha,6,6,no
hinduismo,6,9,no
hinojo,6,6,no
hipersueño,6,10,no
hipertensión,6,12,no
history,6,7,no
hnos,6,4,no
hoffman,6,7,no
hojarasca,6,9,no
homosexuales,6,12,no
hood,6,4,no
hortensia,6,9,no
hostilidad,6,10,no
hoz,6,3,no
huertos,6,7,no
humanitaria,6,11,no
huyen,6,5,no
ibrahim,6,7,no
idol,6,4,no
iluminan,6,8,no
imitaron,6,8,no
imparcial,6,9,no
impedido,6,8,no
implicada,6,9,no
implicó,6,7,no
imposta,6,7,no
impresor,6,8,no
inaccesible,6,11,no
incas,6,5,no
incendió,6,8,no
incipiente,6,10,no
incorporados,6,12,no
incorporando,6,12,no
incorporaron,6,12,no
increíblemente,6,14,no
incubación,6,10,no
indefinible,6,11,no
independientemente,6,18,no
indicación,6,10,no
indicadas,6,9,no
indiscutible,6,12,no
indumentaria,6,12,no
inexistente,6,11,no
infinidad,6,9,no
informales,6,10,no
ingestión,6,9,no
iniciaba,6,8,no
inmobiliario,6,12,no
insensato,6,9,no
insistió,6,8,no
inspirados,6,10,no
instalan,6,8,no
instrumentales,6,14,no
insurrección,6,12,no
integrales,6,10,no
integraron,6,10,no
intensivo,6,9,no
interesados,6,11,no
intermediario,6,13,no
intervenido,6,11,no
inusualmente,6,12,no
invento,6,7,no
invernaderos,6,12,no
invernales,6,10,no
invierte,6,8,no
invisible,6,9,no
inútil,6,6,no
iphone,6,6,no
iraq,6,4,no
iraquí,6,6,no
ironía,6,6,no
irún,6,4,no
isabella,6,8,no
islámicos,6,9,no
israelíes,6,9,no
izquierdista,6,12,no
jefferson,6,9,no
jenna,6,5,no
jockey,6,6,no
jose,6,4,no
josef,6,5,no
joyería,6,7,no
jubilación,6,10,no
judith,6,6,no
judy,6,4,no
jun,6,3,no
juno,6,4,no
jurando,6,7,no
kan,6,3,no
karma,6,5,no
kerrang,6,7,no
kirguistán,6,10,no
kitty,6,5,no
labrada,6,7,no
lamas,6,5,no
lambert,6,7,no
lanzador,6,8,no
lanzando,6,8,no
lastimera,6,9,no
lateralmente,6,12,no
laureado,6,8,no
lausana,6,7,no
leales,6,6,no
leandro,6,7,no
led,6,3,no
leguas,6,6,no
lena,6,4,no
lesionado,6,9,no
leucemia,6,8,no
leyó,6,4,no
libertades,6,10,no
libró,6,5,no
lidia,6,5,no
light,6,5,no
limitados,6,9,no
limpiarlo,6,9,no
limítrofes,6,10,no
link,6,4,no
liu,6,3,no
llamativo,6,9,no
llegara,6,7,no
lleguen,6,7,no
llenando,6,8,no
llora,6,5,no
llover,6,6,no
locke,6,5,no
locutores,6,9,no
logramos,6,8,no
lograría,6,8,no
logística,6,9,no
lombardos,6,9,no
losa,6,4,no
lost,6,4,no
lou,6,3,no
lucia,6,5,no
lucky,6,5,no
lunas,6,5,no
machine,6,7,no
maduros,6,7,no
maggie,6,6,no
magic,6,5,no
magnate,6,7,no
magno,6,5,no
magreb,6,6,no
maillot,6,7,no
makoto,6,6,no
malayo,6,6,no
maleta,6,6,no
malla,6,5,no
mallorquín,6,10,no
manadas,6,7,no
manchado,6,8,no
manco,6,5,no
mandatario,6,10,no
mandé,6,5,no
mansa,6,5,no
mare,6,4,no
marin,6,5,no
maristas,6,8,no
martel,6,6,no
martirio,6,8,no
masterizado,6,11,no
masía,6,5,no
maxilar,6,7,no
maxim,6,5,no
mclaren,6,7,no
mediapunta,6,10,no
medicinas,6,9,no
mejoraron,6,9,no
mel,6,3,no
melo,6,4,no
mentes,6,6,no
mentira,6,7,no
mentón,6,6,no
mercury,6,7,no
merecida,6,8,no
merecía,6,7,no
merito,6,6,no
merlo,6,5,no
metálicas,6,9,no
mexicali,6,8,no
mexicanas,6,9,no
mezcladas,6,9,no
mezclando,6,9,no
micronesia,6,10,no
milagrosamente,6,14,no
milan,6,5,no
militarmente,6,12,no
mill,6,4,no
milwaukee,6,9,no
mind,6,4,no
minor,6,5,no
miradores,6,9,no
misionero,6,9,no
mississippi,6,11,no
mitológico,6,10,no
model,6,5,no
models,6,6,no
moderación,6,10,no
modernidad,6,10,no
modernistas,6,11,no
mojado,6,6,no
moldavia,6,8,no
moleculares,6,11,no
monetaria,6,9,no
montaba,6,7,no
montañismo,6,10,no
monza,6,5,no
moribundo,6,9,no
moriscos,6,8,no
moros,6,5,no
mortalidad,6,10,no
mosaicos,6,8,no
motocicleta,6,11,no
mouse,6,5,no
moveos,6,6,no
movilización,6,12,no
movían,6,6,no
mozos,6,5,no
muhammad,6,8,no
multiplica,6,10,no
mussolini,6,9,no
mustang,6,7,no
médica,6,6,no
mías,6,4,no
míos,6,4,no
müller,6,6,no
nadador,6,7,no
nana,6,4,no
narraciones,6,11,no
narrativo,6,9,no
nata,6,4,no
nature,6,6,no
navegador,6,9,no
navegamos,6,9,no
negado,6,6,no
neurona,6,7,no
nicanor,6,7,no
nico,6,4,no
nieva,6,5,no
noah,6,4,no
noel,6,4,no
norfolk,6,7,no
norteamericana,6,14,no
nutritivo,6,9,no
náuseas,6,7,no
náutica,6,7,no
obama,6,5,no
obligatorios,6,12,no
oblongo,6,7,no
observados,6,10,no
obvio,6,5,no
ocampo,6,6,no
ocular,6,6,no
ofensivas,6,9,no
ofrecerme,6,9,no
ofrenda,6,7,no
okinawa,6,7,no
olivar,6,6,no
olsen,6,5,no
omnívoros,6,9,no
operando,6,8,no
opuestos,6,8,no
orales,6,6,no
ordenados,6,9,no
ordenanzas,6,10,no
oriunda,6,7,no
ornamentos,6,10,no
ortografía,6,10,no
oruga,6,5,no
orán,6,4,no
osa,6,3,no
osasuna,6,7,no
otorgada,6,8,no
otorgados,6,9,no
ovales,6,6,no
pabellones,6,10,no
pacers,6,6,no
pacíficas,6,9,no
padecer,6,7,no
paganos,6,7,no
pagaré,6,6,no
palidecer,6,9,no
palitos,6,7,no
palm,6,4,no
panadería,6,9,no
pantanosas,6,10,no
parcela,6,7,no
parcelas,6,8,no
parduzco,6,8,no
parkinson,6,9,no
parlamentarias,6,14,no
participe,6,9,no
partía,6,6,no
pasadas,6,7,no
pasamos,6,7,no
pasiva,6,6,no
pasivo,6,6,no
pastrana,6,8,no
pat,6,3,no
patagónica,6,10,no
paternal,6,8,no
paternos,6,8,no
patricios,6,9,no
pausanias,6,9,no
payne,6,5,no
peaje,6,5,no
pectoral,6,8,no
pedí,6,4,no
pegajoso,6,8,no
peloponeso,6,10,no
pelotón,6,7,no
penacho,6,7,no
pensador,6,8,no
pensiones,6,9,no
penúltima,6,9,no
penúltimo,6,9,no
percibir,6,8,no
perdía,6,6,no
periodísticas,6,13,no
periódica,6,9,no
perkins,6,7,no
persiguen,6,9,no
persiste,6,8,no
persistentes,6,12,no
pesas,6,5,no
pesqueros,6,9,no
petroleros,6,10,no
phantom,6,7,no
pictórico,6,9,no
pidieron,6,8,no
piensas,6,7,no
pimienta,6,8,no
pisar,6,5,no
piñón,6,5,no
planeada,6,8,no
planteamiento,6,13,no
podrías,6,7,no
polen,6,5,no
polinización,6,12,no
polluelos,6,9,no
poniéndose,6,10,no
popularizó,6,10,no
porcina,6,7,no
pornográfica,6,12,no
porsche,6,7,no
portaaviones,6,12,no
portan,6,6,no
portsmouth,6,10,no
portátil,6,8,no
porvenir,6,8,no
posadas,6,7,no
posicionó,6,9,no
postes,6,6,no
practicada,6,10,no
practicante,6,11,no
predicación,6,11,no
predicciones,6,12,no
preguntado,6,10,no
premiados,6,9,no
prestaba,6,8,no
preston,6,7,no
pretenden,6,9,no
pretendiente,6,12,no
pretendientes,6,13,no
prisiones,6,9,no
probada,6,7,no
procesiona,6,10,no
productivas,6,11,no
profesionalismo,6,15,no
profesiones,6,11,no
profesó,6,7,no
programador,6,11,no
prohibidos,6,10,no
prole,6,5,no
prolonga,6,8,no
promociones,6,11,no
proporcionados,6,14,no
protagónico,6,11,no
protegen,6,8,no
provinciano,6,11,no
provisiones,6,11,no
provocan,6,8,no
proyectar,6,9,no
prácticos,6,9,no
psicólogo,6,9,no
psicópata,6,9,no
psiquiátrico,6,12,no
ptolomeo,6,8,no
puertorriqueña,6,14,no
pulsos,6,6,no
puntuaciones,6,12,no
puntuales,6,9,no
pío,6,3,no
póstuma,6,7,no
púrpuras,6,8,no
quedas,6,6,no
queja,6,5,no
quejarse,6,8,no
querella,6,8,no
queriendo,6,9,no
quintero,6,8,no
quitas,6,6,no
racional,6,8,no
radicado,6,8,no
rafaela,6,7,no
ramificaciones,6,14,no
rangos,6,6,no
raperos,6,7,no
ratos,6,5,no
razonable,6,9,no
reactivo,6,8,no
realizarán,6,10,no
rebaños,6,7,no
recaló,6,6,no
recarga,6,7,no
recibimiento,6,12,no
recipiente,6,10,no
recital,6,7,no
reclamaron,6,10,no
reclamó,6,7,no
recluido,6,8,no
reclusión,6,9,no
recogió,6,7,no
recomendaciones,6,15,no
recordada,6,9,no
recortes,6,8,no
rectángulo,6,10,no
redentor,6,8,no
reducidos,6,9,no
referéndum,6,10,no
refrigeración,6,13,no
regaló,6,6,no
regresión,6,9,no
regulador,6,9,no
reich,6,5,no
reinó,6,5,no
relacionan,6,10,no
relámpago,6,9,no
remeros,6,7,no
rendido,6,7,no
repoblación,6,11,no
reportes,6,8,no
reptil,6,6,no
rescatar,6,8,no
residir,6,7,no
resistió,6,8,no
restauró,6,8,no
resume,6,6,no
retardo,6,7,no
retiene,6,7,no
retiraba,6,8,no
retomaron,6,9,no
retornar,6,8,no
retrasos,6,8,no
retratista,6,10,no
retro,6,5,no
retículo,6,8,no
reunidos,6,8,no
reus,6,4,no
revelaron,6,9,no
revestido,6,9,no
revisar,6,7,no
rich,6,4,no
riega,6,5,no
rigidez,6,7,no
riley,6,5,no
riñón,6,5,no
robocop,6,7,no
roces,6,5,no
rodajas,6,7,no
rodaron,6,7,no
rodriguez,6,9,no
romances,6,8,no
ronnie,6,6,no
rosados,6,7,no
rotor,6,5,no
rotterdam,6,9,no
rousseau,6,8,no
rumano,6,6,no
run,6,3,no
ryu,6,3,no
rústico,6,7,no
sacra,6,5,no
sacramental,6,11,no
sacudido,6,8,no
sainz,6,5,no
sajona,6,6,no
saladas,6,7,no
saldrán,6,7,no
saldría,6,7,no
salitre,6,7,no
saludable,6,9,no
salvaron,6,8,no
samantha,6,8,no
samoa,6,5,no
samurái,6,7,no
sanitario,6,9,no
sanz,6,4,no
saqueo,6,6,no
sargent,6,7,no
saturno,6,7,no
sauces,6,6,no
savia,6,5,no
schneider,6,9,no
secar,6,5,no
secta,6,5,no
semiárido,6,9,no
sensaciones,6,11,no
setecientos,6,11,no
sexualmente,6,11,no
seymour,6,7,no
señalizada,6,10,no
shanghái,6,8,no
shelby,6,6,no
sheridan,6,8,no
shore,6,5,no
siena,6,5,no
significan,6,10,no
sila,6,4,no
silenciosos,6,11,no
sillar,6,6,no
silos,6,5,no
simbólica,6,9,no
simpatía,6,8,no
simulación,6,10,no
simular,6,7,no
singer,6,6,no
singulares,6,10,no
singularidad,6,12,no
sintetizadores,6,14,no
sintáctico,6,10,no
sistemático,6,11,no
sito,6,4,no
situaba,6,7,no
smackdown,6,9,no
smash,6,5,no
soberbio,6,8,no
sobredosis,6,10,no
sobrehumana,6,11,no
sobria,6,6,no
solemne,6,7,no
sombreros,6,9,no
sometida,6,8,no
sondas,6,6,no
sonetos,6,7,no
songs,6,5,no
soplo,6,5,no
soportan,6,8,no
sota,6,4,no
soñado,6,6,no
starr,6,5,no
steel,6,5,no
stern,6,5,no
stirling,6,8,no
storm,6,5,no
story,6,5,no
strauss,6,7,no
subamos,6,7,no
subdivisión,6,11,no
subordinado,6,11,no
subsiguiente,6,12,no
subsiguientes,6,13,no
sudafricano,6,11,no
sufridos,6,8,no
sufriendo,6,9,no
superficiales,6,13,no
supervisado,6,11,no
supuesta,6,8,no
surgimiento,6,11,no
surrealista,6,11,no
suspendida,6,10,no
suspirando,6,10,no
sustento,6,8,no
susurros,6,8,no
syracuse,6,8,no
sánscrito,6,9,no
talón,6,5,no
tardan,6,6,no
tasas,6,5,no
tatuaje,6,7,no
tatuajes,6,8,no
taxonómica,6,10,no
taxón,6,5,no
tehuacán,6,8,no
telefonía,6,9,no
teme,6,4,no
tempranamente,6,13,no
tempranas,6,9,no
tempranos,6,9,no
tendida,6,7,no
tendióse,6,8,no
teológico,6,9,no
terminaciones,6,13,no
terminología,6,12,no
terra,6,5,no
testa,6,5,no
theater,6,7,no
tipología,6,9,no
tirada,6,6,no
tire,6,4,no
tlaxcala,6,8,no
tolosa,6,6,no
toluca,6,6,no
topología,6,9,no
toponimia,6,9,no
torpeza,6,7,no
tortosa,6,7,no
tovar,6,5,no
traicionada,6,11,no
trampas,6,7,no
transitorio,6,11,no
transmisiones,6,13,no
transportado,6,12,no
transportar,6,11,no
transversales,6,13,no
tratada,6,7,no
tratará,6,7,no
travesía,6,8,no
travis,6,6,no
trek,6,4,no
triana,6,6,no
tribal,6,6,no
tributaria,6,10,no
tributos,6,8,no
tristán,6,7,no
trompas,6,7,no
troy,6,4,no
tráiler,6,7,no
tuerto,6,6,no
tumbes,6,6,no
turismos,6,8,no
uffizi,6,6,no
ulua,6,4,no
umbelas,6,7,no
umbría,6,6,no
unanimidad,6,10,no
unesco,6,6,no
unificación,6,11,no
uniría,6,6,no
universales,6,11,no
universalmente,6,14,no
uribe,6,5,no
urna,6,4,no
urrutia,6,7,no
usanza,6,6,no
utrecht,6,7,no
valiosos,6,8,no
vasculares,6,10,no
veas,6,4,no
vecindad,6,8,no
vectorial,6,9,no
vegana,6,6,no
vegetariana,6,11,no
vegetariano,6,11,no
veintiuno,6,9,no
velar,6,5,no
venda,6,5,no
venezolanos,6,11,no
venida,6,6,no
ventolina,6,9,no
veraneo,6,7,no
verdugos,6,8,no
verticalmente,6,13,no
vestida,6,7,no
vestirse,6,8,no
vesículas,6,9,no
vetas,6,5,no
viable,6,6,no
viajaba,6,7,no
viajaron,6,8,no
vicuña,6,6,no
vigila,6,6,no
vigorosa,6,8,no
vigoroso,6,8,no
vila,6,4,no
vince,6,5,no
virreinato,6,10,no
virtualmente,6,12,no
visconti,6,8,no
visigodo,6,8,no
visitados,6,9,no
vivero,6,6,no
vladimir,6,8,no
volcánicos,6,10,no
volviera,6,8,no
vueltos,6,7,no
válido,6,6,no
wall,6,4,no
waterloo,6,8,no
watts,6,5,no
way,6,3,no
willie,6,6,no
wurtemberg,6,10,no
yacen,6,5,no
yates,6,5,no
yeah,6,4,no
yibuti,6,6,no
zone,6,4,no
zoo,6,3,no
zurdos,6,6,no
zúñiga,6,6,no
ácidas,6,6,no
álgebra,6,7,no
école,6,5,no
éxtasis,6,7,no
óxidos,6,6,no
útero,6,5,no
aang,5,4,no
abandonaría,5,11,no
abbott,5,6,no
abd,5,3,no
abetos,5,6,no
abigail,5,7,no
abona,5,5,no
abovedado,5,9,no
abrumadora,5,10,no
abstracciones,5,13,no
abultada,5,8,no
acampar,5,7,no
acarició,5,8,no
accesibilidad,5,13,no
accionistas,5,11,no
acechaban,5,9,no
acequias,5,8,no
acerque,5,7,no
acompañaban,5,11,no
acompañantes,5,12,no
acorazados,5,10,no
acrónimo,5,8,no
acrópolis,5,9,no
actualiza,5,9,no
acuden,5,6,no
acuña,5,5,no
acústico,5,8,no
ada,5,3,no
adalberto,5,9,no
adelaida,5,8,no
adelantaba,5,10,no
ademán,5,6,no
adhesión,5,8,no
admirada,5,8,no
admiten,5,7,no
adonis,5,6,no
adornan,5,7,no
adquisiciones,5,13,no
afiliadas,5,9,no
afroamericana,5,13,no
agitación,5,9,no
agonía,5,6,no
agregadas,5,9,no
agronomía,5,9,no
aguarda,5,7,no
agustinos,5,9,no
ahoga,5,5,no
ahorrar,5,7,no
ahumado,5,7,no
ajax,5,4,no
ajustar,5,7,no
albahacas,5,9,no
albany,5,6,no
albañil,5,7,no
albergaba,5,9,no
alberta,5,7,no
aldeanos,5,8,no
alejan,5,6,no
aleros,5,6,no
alessandro,5,10,no
alexandre,5,9,no
alga,5,4,no
algarabía,5,9,no
algarrobo,5,9,no
alineados,5,9,no
almendros,5,9,no
almohada,5,8,no
alpinas,5,7,no
alpujarra,5,9,no
alquilado,5,9,no
alsacia,5,7,no
alterada,5,8,no
alterar,5,7,no
alzada,5,6,no
alzaron,5,7,no
amadeo,5,6,no
amalgama,5,8,no
ambientado,5,10,no
ambigua,5,7,no
amenazan,5,8,no
amentos,5,7,no
aminoácidos,5,11,no
amistosas,5,9,no
amorosamente,5,12,no
amorosas,5,8,no
amplificadores,5,14,no
analogía,5,8,no
andas,5,5,no
andrómeda,5,9,no
anemia,5,6,no
anexión,5,7,no
angelitos,5,9,no
angelo,5,6,no
angosto,5,7,no
anhidro,5,7,no
ano,5,3,no
anticuerpos,5,11,no
anton,5,5,no
antropólogo,5,11,no
análogas,5,8,no
análogo,5,7,no
apache,5,6,no
aparecían,5,9,no
apartadas,5,9,no
apelativo,5,9,no
apeló,5,5,no
apicultura,5,10,no
aplicando,5,9,no
aplicaron,5,9,no
apostar,5,7,no
apostolado,5,10,no
apostólica,5,10,no
apreciable,5,10,no
apreciadas,5,10,no
apreciarse,5,10,no
aprenda,5,7,no
aquino,5,6,no
arana,5,5,no
arboleda,5,8,no
arbórea,5,7,no
archiduque,5,10,no
arcón,5,5,no
arder,5,5,no
arellano,5,8,no
aretino,5,7,no
argumental,5,10,no
aristas,5,7,no
aromática,5,9,no
arquetipo,5,9,no
arrabal,5,7,no
arrasados,5,9,no
arrestó,5,7,no
arriesgó,5,8,no
arrogante,5,9,no
arrojan,5,7,no
arrojó,5,6,no
arrow,5,5,no
arábiga,5,7,no
asaltar,5,7,no
asentado,5,8,no
aseos,5,5,no
asesoría,5,8,no
asfaltada,5,9,no
asgard,5,6,no
asiduo,5,6,no
asignadas,5,9,no
asignan,5,7,no
asistencias,5,11,no
asma,5,4,no
aspirante,5,9,no
asta,5,4,no
astronómica,5,11,no
astuto,5,6,no
atenderemos,5,11,no
atendido,5,8,no
atendió,5,7,no
atendía,5,7,no
aterrador,5,9,no
atienda,5,7,no
atlántida,5,9,no
atrapada,5,8,no
atropellado,5,11,no
auckland,5,8,no
audrey,5,6,no
aula,5,4,no
automotores,5,11,no
autopistas,5,10,no
autorizado,5,10,no
autosómico,5,10,no
aventando,5,9,no
avenue,5,6,no
averiguado,5,10,no
ayudas,5,6,no
azahar,5,6,no
azulada,5,7,no
azur,5,4,no
añadida,5,7,no
bachelet,5,8,no
baena,5,5,no
bailarinas,5,10,no
banquetes,5,9,no
baratos,5,7,no
barbosa,5,7,no
barniz,5,6,no
barones,5,7,no
barquisimeto,5,12,no
barrancas,5,9,no
barrocas,5,8,no
bastaba,5,7,no
bastión,5,7,no
bastones,5,8,no
bate,5,4,no
batir,5,5,no
batista,5,7,no
batió,5,5,no
bayona,5,6,no
becado,5,6,no
becario,5,7,no
beck,5,4,no
bejucos,5,7,no
belgas,5,6,no
benedict,5,8,no
berg,5,4,no
betancourt,5,10,no
beto,5,4,no
bey,5,3,no
bicameral,5,9,no
bigote,5,6,no
bioko,5,5,no
blasco,5,6,no
blasón,5,6,no
blaze,5,5,no
blusa,5,5,no
bocas,5,5,no
bolo,5,4,no
bolso,5,5,no
bolton,5,6,no
bon,5,3,no
bono,5,4,no
book,5,4,no
boomerang,5,9,no
boop,5,4,no
borrar,5,6,no
bote,5,4,no
botellas,5,8,no
braganza,5,8,no
branquias,5,9,no
brea,5,4,no
brendan,5,7,no
bridge,5,6,no
brighton,5,8,no
brock,5,5,no
brujas,5,6,no
buchanan,5,8,no
buffalo,5,7,no
bulnes,5,6,no
burgalesa,5,9,no
burgo,5,5,no
burgueses,5,9,no
burlones,5,8,no
buscador,5,8,no
buscarlas,5,9,no
busch,5,5,no
bustamante,5,10,no
buzón,5,5,no
buñuel,5,6,no
bávaro,5,6,no
búfalo,5,6,no
cabeceras,5,9,no
cabimas,5,7,no
caes,5,4,no
cagliari,5,8,no
cajamarca,5,9,no
cala,5,4,no
calais,5,6,no
calamardo,5,9,no
calcinados,5,10,no
califato,5,8,no
calificaciones,5,14,no
camada,5,6,no
camarera,5,8,no
cambiaba,5,8,no
cambiarlo,5,9,no
camille,5,7,no
camuflaje,5,9,no
candy,5,5,no
canica,5,6,no
cansada,5,7,no
cantado,5,7,no
cantábrico,5,10,no
cao,5,3,no
capturan,5,8,no
capturas,5,8,no
capturó,5,7,no
caquetá,5,7,no
carabineros,5,11,no
caracterizaba,5,13,no
carbonato,5,9,no
carbonífero,5,11,no
careces,5,7,no
carecían,5,8,no
cargada,5,7,no
cargadores,5,10,no
carles,5,6,no
carmelitas,5,10,no
carmesí,5,7,no
carné,5,5,no
carnívoro,5,9,no
carpa,5,5,no
carpeta,5,7,no
carpetas,5,8,no
cartera,5,7,no
cartuchos,5,9,no
cartógrafo,5,10,no
casares,5,7,no
castas,5,6,no
castelar,5,8,no
castigaba,5,9,no
catalogada,5,10,no
catarina,5,8,no
catedrales,5,10,no
cathy,5,5,no
caudaloso,5,9,no
cautela,5,7,no
cazan,5,5,no
caía,5,4,no
cañar,5,5,no
ceilán,5,6,no
celebrados,5,10,no
celestes,5,8,no
celestial,5,9,no
celo,5,4,no
celíacos,5,8,no
centrarse,5,9,no
centroafricana,5,14,no
cepas,5,5,no
cepeda,5,6,no
cerillas,5,8,no
cervical,5,8,no
cesado,5,6,no
cestería,5,8,no
chacabuco,5,9,no
champán,5,7,no
chapitel,5,8,no
chart,5,5,no
checoslovaca,5,12,no
chen,5,4,no
chester,5,7,no
chiba,5,5,no
child,5,5,no
chispas,5,7,no
chiste,5,6,no
chivas,5,6,no
chivo,5,5,no
chopin,5,6,no
chorrada,5,8,no
chozas,5,6,no
christ,5,6,no
christmas,5,9,no
chung,5,5,no
churchill,5,9,no
château,5,7,no
cianuro,5,7,no
ciervo,5,6,no
cilíndricos,5,11,no
cinc,5,4,no
cinematográficas,5,16,no
cines,5,5,no
cinturones,5,10,no
circle,5,6,no
circunscripción,5,15,no
cisma,5,5,no
citadas,5,7,no
citan,5,5,no
citrus,5,6,no
clare,5,5,no
claus,5,5,no
clon,5,4,no
cloud,5,5,no
cláusula,5,8,no
coautora,5,8,no
cocción,5,7,no
cociente,5,8,no
coda,5,4,no
codo,5,4,no
cognitiva,5,9,no
colgante,5,8,no
colibríes,5,9,no
colindantes,5,11,no
colista,5,7,no
colmenares,5,10,no
colmillos,5,9,no
colombo,5,7,no
coloquialmente,5,14,no
coloreadas,5,10,no
coloridos,5,9,no
comarcas,5,8,no
combinando,5,10,no
comencé,5,7,no
comendadoras,5,12,no
comentar,5,8,no
comercialización,5,16,no
cometa,5,6,no
common,5,6,no
compara,5,7,no
comparaciones,5,13,no
comparó,5,7,no
compases,5,8,no
compasión,5,9,no
compatibles,5,11,no
compensar,5,9,no
competitiva,5,11,no
compilación,5,11,no
completaría,5,11,no
componiendo,5,11,no
comporta,5,8,no
compradores,5,11,no
compramos,5,9,no
comprobó,5,8,no
compuerta,5,9,no
comunales,5,9,no
comunicar,5,9,no
concentraciones,5,15,no
conciliar,5,9,no
concurridas,5,11,no
condiciona,5,10,no
conducidos,5,10,no
conducían,5,9,no
conectaba,5,9,no
conferenciante,5,14,no
conferencista,5,13,no
confesiones,5,11,no
confinado,5,9,no
conformar,5,9,no
confundirte,5,11,no
congela,5,7,no
conmoción,5,9,no
connotación,5,11,no
consagra,5,8,no
conseguirá,5,10,no
conseguiste,5,11,no
consejería,5,10,no
consisten,5,9,no
consolación,5,11,no
consolarla,5,10,no
consolas,5,8,no
consolidación,5,13,no
constituía,5,10,no
constructivo,5,12,no
construían,5,10,no
consultarse,5,11,no
consultorio,5,11,no
consumido,5,9,no
consumidos,5,10,no
consumirse,5,10,no
contactar,5,9,no
contarás,5,8,no
contempla,5,9,no
contemplado,5,11,no
contemporáneas,5,14,no
contenida,5,9,no
contingente,5,11,no
continuaban,5,11,no
contradictorias,5,15,no
contribuir,5,10,no
controlaba,5,10,no
convergencia,5,12,no
cora,5,4,no
corinto,5,7,no
cornelia,5,8,no
coronados,5,9,no
corporaciones,5,13,no
correctos,5,9,no
corregirlo,5,10,no
cortan,5,6,no
cortesana,5,9,no
costura,5,7,no
cota,5,4,no
coyote,5,6,no
creerse,5,7,no
creyendo,5,8,no
creyentes,5,9,no
criar,5,5,no
criticadas,5,10,no
cromwell,5,8,no
cronológico,5,11,no
crucé,5,5,no
cruje,5,5,no
crush,5,5,no
cruzan,5,6,no
críos,5,5,no
cubanas,5,7,no
cubismo,5,7,no
cubrirlo,5,8,no
cubrían,5,7,no
cuidador,5,8,no
culmina,5,7,no
cultivares,5,10,no
cumplida,5,8,no
cumplirse,5,9,no
cunningham,5,10,no
curicó,5,6,no
curvadas,5,8,no
cusco,5,5,no
cyrus,5,5,no
cátedras,5,8,no
cáñamo,5,6,no
cómicas,5,7,no
cómplices,5,9,no
cónicos,5,7,no
cúcuta,5,6,no
daisy,5,5,no
dakota,5,6,no
dalton,5,6,no
dañados,5,7,no
decapitada,5,10,no
decidiste,5,9,no
decorativos,5,11,no
dedicará,5,8,no
def,5,3,no
defendido,5,9,no
deficiencia,5,11,no
definieron,5,10,no
deforestación,5,13,no
delhi,5,5,no
delincuentes,5,12,no
demográfica,5,11,no
demuestran,5,10,no
denise,5,6,no
derrotadas,5,10,no
desactivar,5,10,no
desaparecen,5,11,no
desarrollador,5,13,no
desarrolladores,5,15,no
desarrollaría,5,13,no
desayunar,5,9,no
descargarse,5,11,no
descomposición,5,14,no
describía,5,9,no
desempeñan,5,10,no
desfavorable,5,12,no
desfiles,5,8,no
deshabitado,5,11,no
deshojaba,5,9,no
desierta,5,8,no
desintegración,5,14,no
desnivel,5,8,no
despegar,5,8,no
despide,5,7,no
despierto,5,9,no
desplazado,5,10,no
desplazados,5,11,no
desplazan,5,9,no
destacarse,5,10,no
destacándose,5,12,no
destina,5,7,no
destituido,5,10,no
destrozado,5,10,no
desvío,5,6,no
detalla,5,7,no
detecta,5,7,no
devenir,5,7,no
devotamente,5,11,no
devónico,5,8,no
dexter,5,6,no
diagnosticado,5,13,no
diagonales,5,10,no
diferenciar,5,11,no
difundir,5,8,no
digamos,5,7,no
diminutivo,5,10,no
diosas,5,6,no
dique,5,5,no
dirigían,5,8,no
discurren,5,9,no
discutir,5,8,no
disfrutó,5,8,no
disidentes,5,10,no
disponga,5,8,no
disputará,5,9,no
distintivas,5,11,no
distracción,5,11,no
distribuciones,5,14,no
divinas,5,7,no
divisas,5,7,no
divorciarse,5,11,no
doctrinas,5,9,no
documentadas,5,12,no
documentado,5,11,no
domiciliario,5,12,no
dominico,5,8,no
doris,5,5,no
dormidos,5,8,no
dorsales,5,8,no
doscientas,5,10,no
drenado,5,7,no
dto,5,3,no
dubái,5,5,no
dupla,5,5,no
duradero,5,8,no
durmiendo,5,9,no
dándose,5,7,no
dávila,5,6,no
déjate,5,6,no
díez,5,4,no
echo,5,4,no
eclesiástico,5,12,no
ecologistas,5,11,no
ecozona,5,7,no
edison,5,6,no
edith,5,5,no
eduard,5,6,no
educacional,5,11,no
educador,5,8,no
egeo,5,4,no
egipcias,5,8,no
elaboradas,5,10,no
eleanor,5,7,no
electores,5,9,no
electrodos,5,10,no
elegantes,5,9,no
elektra,5,7,no
elementales,5,11,no
eligiendo,5,9,no
eliot,5,5,no
elogiada,5,8,no
elogiaron,5,9,no
eloísa,5,6,no
emanuel,5,7,no
embajadas,5,9,no
embarazadas,5,11,no
emerge,5,6,no
emir,5,4,no
emisario,5,8,no
empedrado,5,9,no
empeora,5,7,no
empeoró,5,7,no
empeño,5,6,no
empiece,5,7,no
empinadas,5,9,no
enamorar,5,8,no
enamorarse,5,10,no
enanas,5,6,no
encajado,5,8,no
encajes,5,7,no
encantados,5,10,no
encarcelada,5,11,no
encendido,5,9,no
encierra,5,8,no
encomendada,5,11,no
encomendó,5,9,no
enemigas,5,8,no
enfoca,5,6,no
enfocada,5,8,no
enredaderas,5,11,no
ensueño,5,7,no
entenderse,5,10,no
entraban,5,8,no
entrando,5,8,no
entrañable,5,10,no
entregadas,5,10,no
entusiasma,5,10,no
envejece,5,8,no
envenenamiento,5,14,no
envolvente,5,10,no
envuelve,5,8,no
equivocado,5,10,no
erectas,5,7,no
ericsson,5,8,no
erigido,5,7,no
errónea,5,7,no
erudito,5,7,no
escalante,5,9,no
escaramuzas,5,11,no
escepticismo,5,12,no
escogidos,5,9,no
escombros,5,9,no
esconderse,5,10,no
escondites,5,10,no
escopetas,5,9,no
escorzo,5,7,no
escribo,5,7,no
escrúpulos,5,10,no
escuchad,5,8,no
escuchan,5,8,no
esmeraldas,5,10,no
esparcidos,5,10,no
espinoza,5,8,no
esponja,5,7,no
esporádicas,5,11,no
estabas,5,7,no
establecidos,5,12,no
estadista,5,9,no
estadísticos,5,12,no
estalla,5,7,no
estandarte,5,10,no
estella,5,7,no
estimado,5,8,no
estriado,5,8,no
estribo,5,7,no
estricto,5,8,no
estructurales,5,13,no
estuarios,5,9,no
estuco,5,6,no
estáticos,5,9,no
etnias,5,6,no
eton,5,4,no
eugen,5,5,no
evangelista,5,11,no
evelyn,5,6,no
everett,5,7,no
evil,5,4,no
evolucionar,5,11,no
exactos,5,7,no
excepcionales,5,13,no
exigente,5,8,no
exigían,5,7,no
experimentaron,5,14,no
experta,5,7,no
expiación,5,9,no
explicarlo,5,10,no
explorando,5,10,no
explotamos,5,10,no
explotando,5,10,no
exponente,5,9,no
exporta,5,7,no
exportaciones,5,13,no
expulsó,5,7,no
extenderse,5,10,no
extensiones,5,11,no
extenuados,5,10,no
extinguió,5,9,no
extramuros,5,10,no
extravagante,5,12,no
fabricadas,5,10,no
faldas,5,6,no
fall,5,4,no
fallen,5,6,no
fallos,5,6,no
fanny,5,5,no
fantas,5,6,no
faraón,5,6,no
fascinados,5,10,no
fascismo,5,8,no
federalista,5,11,no
felix,5,5,no
fibrosas,5,8,no
fichar,5,6,no
fichero,5,7,no
fiction,5,7,no
figurativo,5,10,no
fijación,5,8,no
fijar,5,5,no
filiales,5,8,no
filiformes,5,10,no
filmaron,5,8,no
finalizando,5,11,no
finn,5,4,no
firmaba,5,7,no
firmeza,5,7,no
fiscales,5,8,no
fito,5,4,no
fogatas,5,7,no
folletos,5,8,no
fontaine,5,8,no
fortificada,5,11,no
forzados,5,8,no
fracasado,5,9,no
fracasar,5,8,no
fracciones,5,10,no
franciscana,5,11,no
franciscanos,5,12,no
frasco,5,6,no
frecuentada,5,11,no
fráncfort,5,9,no
fueras,5,6,no
fuero,5,5,no
fugarse,5,7,no
fuller,5,6,no
fuma,5,4,no
fun,5,3,no
futsal,5,6,no
gabe,5,4,no
galaxias,5,8,no
galindo,5,7,no
gallen,5,6,no
galáctico,5,9,no
ganaderas,5,9,no
garabatos,5,9,no
garcilaso,5,9,no
gardner,5,7,no
garfield,5,8,no
gemas,5,5,no
genealogía,5,10,no
generada,5,8,no
generalizada,5,12,no
generosa,5,8,no
generosidad,5,11,no
genitales,5,9,no
gesta,5,5,no
gestora,5,7,no
gestos,5,6,no
giros,5,5,no
gitanos,5,7,no
give,5,4,no
glandulares,5,11,no
glory,5,5,no
glóbulos,5,8,no
goddard,5,7,no
golders,5,7,no
golfos,5,6,no
golpear,5,7,no
gordos,5,6,no
gota,5,4,no
graciosos,5,9,no
graduándose,5,11,no
gramos,5,6,no
gramíneas,5,9,no
gremio,5,6,no
grumete,5,7,no
grupal,5,6,no
guadalquivir,5,12,no
guam,5,4,no
guano,5,5,no
guaraníes,5,9,no
guardo,5,6,no
guerreras,5,9,no
guia,5,4,no
guille,5,6,no
guionistas,5,10,no
guisa,5,5,no
guitarristas,5,12,no
gustaron,5,8,no
gárgolas,5,8,no
haberlos,5,8,no
hablada,5,7,no
habladas,5,8,no
hacerme,5,7,no
hada,5,4,no
happy,5,5,no
harley,5,6,no
hash,5,4,no
hayas,5,5,no
hearts,5,6,no
hebrea,5,6,no
hebreos,5,7,no
hector,5,6,no
hee,5,3,no
heraldo,5,7,no
herman,5,6,no
heráldicos,5,10,no
hicieran,5,8,no
hilario,5,7,no
hinojosa,5,8,no
hitchcock,5,9,no
hobby,5,5,no
holden,5,6,no
hole,5,4,no
homenajea,5,9,no
hondureño,5,9,no
honrar,5,6,no
hormiguitas,5,11,no
hormonas,5,8,no
horus,5,5,no
hospitalaria,5,12,no
hospitalario,5,12,no
hospitalidad,5,12,no
hotels,5,6,no
howe,5,4,no
howell,5,6,no
hoyos,5,5,no
hubiésemos,5,10,no
huelgas,5,7,no
hugh,5,4,no
humboldt,5,8,no
humedal,5,7,no
huracanes,5,9,no
huroneando,5,10,no
huso,5,4,no
iconos,5,6,no
identidades,5,11,no
identificó,5,10,no
ilustrados,5,10,no
imitación,5,9,no
imitar,5,6,no
importe,5,7,no
impresionados,5,13,no
impresionó,5,10,no
improvisado,5,11,no
improviso,5,9,no
impulsado,5,9,no
impulsor,5,8,no
imán,5,4,no
inacabado,5,9,no
inaugura,5,8,no
incaico,5,7,no
incisivos,5,9,no
inclinada,5,9,no
inclinarse,5,10,no
incluiría,5,9,no
incompatibles,5,13,no
incompleta,5,10,no
inconfundible,5,13,no
incontables,5,11,no
incorporarse,5,12,no
indignación,5,11,no
inducción,5,9,no
infernal,5,8,no
inflexión,5,9,no
influida,5,8,no
influjo,5,7,no
informático,5,11,no
iniciación,5,10,no
iniciador,5,9,no
iniciarse,5,9,no
inmaduros,5,9,no
inmigrante,5,10,no
inmune,5,6,no
inmóviles,5,9,no
innovadores,5,11,no
innsbruck,5,9,no
inodoro,5,7,no
inquieto,5,8,no
inquietud,5,9,no
inquilino,5,9,no
inquisidor,5,10,no
insalubre,5,9,no
inscribe,5,8,no
insectívoro,5,11,no
insignias,5,9,no
inspección,5,10,no
inspiradora,5,11,no
inspiran,5,8,no
institucionales,5,15,no
insulta,5,7,no
integrados,5,10,no
intel,5,5,no
interesar,5,9,no
intermedias,5,11,no
intermitentes,5,13,no
interrogué,5,10,no
interrumpido,5,12,no
intriga,5,7,no
intrigas,5,8,no
inversor,5,8,no
invoca,5,6,no
isabelino,5,9,no
isis,5,4,no
isleños,5,7,no
ivy,5,3,no
iónicos,5,7,no
jacinto,5,7,no
jackie,5,6,no
jacksonville,5,12,no
jacobs,5,6,no
jae,5,3,no
jaramillo,5,9,no
javiera,5,7,no
jeanne,5,6,no
jena,5,4,no
jennings,5,8,no
joaquim,5,7,no
jodas,5,5,no
johannesburgo,5,13,no
johansson,5,9,no
joyero,5,6,no
juanes,5,6,no
judd,5,4,no
jugados,5,7,no
jurásico,5,8,no
jónico,5,6,no
júbilo,5,6,no
kagoshima,5,9,no
kanji,5,5,no
kassel,5,6,no
kazán,5,5,no
kepler,5,6,no
kew,5,3,no
keynes,5,6,no
krai,5,4,no
kremlin,5,7,no
kubrick,5,7,no
königsberg,5,10,no
laberinto,5,9,no
laborista,5,9,no
ladrar,5,6,no
lagartijas,5,10,no
laicos,5,6,no
lance,5,5,no
lanchas,5,7,no
langosta,5,8,no
lanzadas,5,8,no
largamente,5,10,no
latinas,5,7,no
latinoamericano,5,15,no
laude,5,5,no
lazio,5,5,no
legalidad,5,9,no
legionarios,5,11,no
lego,5,4,no
legó,5,4,no
lente,5,5,no
lepe,5,4,no
leticia,5,7,no
levanto,5,7,no
leñosas,5,7,no
leñoso,5,6,no
libertario,5,10,no
librerías,5,9,no
liderato,5,8,no
lily,5,4,no
limpiado,5,8,no
limpiando,5,9,no
lin,5,3,no
lingüístico,5,11,no
linneo,5,6,no
lionel,5,6,no
liturgia,5,8,no
litúrgico,5,9,no
liza,5,4,no
llame,5,5,no
llamándola,5,10,no
llaneza,5,7,no
lliga,5,5,no
locas,5,5,no
loki,5,4,no
longitudes,5,10,no
lote,5,4,no
louisa,5,6,no
ltda,5,4,no
luchado,5,7,no
luciano,5,7,no
lunares,5,7,no
luque,5,5,no
lágrima,5,7,no
lámparas,5,8,no
líricas,5,7,no
lúgubre,5,7,no
mafia,5,5,no
magistrales,5,11,no
magma,5,5,no
magna,5,5,no
main,5,4,no
maipú,5,5,no
majestad,5,8,no
malaria,5,7,no
malawi,5,6,no
maldiciones,5,11,no
management,5,10,no
mandaba,5,7,no
mandos,5,6,no
mangas,5,6,no
mango,5,5,no
manresa,5,7,no
mans,5,4,no
manteca,5,7,no
mantua,5,6,no
manufactura,5,11,no
maquetas,5,8,no
march,5,5,no
marchan,5,7,no
marchando,5,9,no
marcharon,5,9,no
marianas,5,8,no
marianne,5,8,no
marine,5,6,no
marisol,5,7,no
marley,5,6,no
marroquí,5,8,no
marty,5,5,no
marxista,5,8,no
marítimas,5,9,no
massa,5,5,no
masónica,5,8,no
mataría,5,7,no
maternidad,5,10,no
mato,5,4,no
matthew,5,7,no
maule,5,5,no
maura,5,5,no
mauro,5,5,no
maza,5,4,no
medallista,5,10,no
mediador,5,8,no
medianos,5,8,no
mejoramiento,5,12,no
melissa,5,7,no
mella,5,5,no
membranosa,5,10,no
menús,5,5,no
mercancía,5,9,no
mercer,5,6,no
mereció,5,7,no
mesetas,5,7,no
metodista,5,9,no
metáfora,5,8,no
metían,5,6,no
meza,5,4,no
mezclarse,5,9,no
migra,5,5,no
mikel,5,5,no
milenario,5,9,no
millonarios,5,11,no
mindanao,5,8,no
mineras,5,7,no
minerva,5,7,no
minogue,5,7,no
mirarles,5,8,no
mirarte,5,7,no
mirra,5,5,no
mission,5,7,no
misteriosos,5,11,no
misticismo,5,10,no
mitch,5,5,no
miño,5,4,no
moderador,5,9,no
modern,5,6,no
modestas,5,8,no
modifican,5,9,no
modular,5,7,no
molesta,5,7,no
monografías,5,11,no
monográficos,5,12,no
monopolio,5,9,no
montejo,5,7,no
montoya,5,7,no
montículos,5,10,no
montó,5,5,no
monólogo,5,8,no
moribunda,5,9,no
morirnos,5,8,no
mortalmente,5,11,no
mostrarse,5,9,no
motagua,5,7,no
motas,5,5,no
motocicletas,5,12,no
muchachas,5,9,no
multiplicación,5,14,no
muriel,5,6,no
mutación,5,8,no
muñeca,5,6,no
muñeco,5,6,no
myers,5,5,no
mágicas,5,7,no
máter,5,5,no
mírenlo,5,7,no
nadaba,5,6,no
nadal,5,5,no
nagoya,5,6,no
nash,5,4,no
nation,5,6,no
naturalezas,5,11,no
naturalidad,5,11,no
naturalismo,5,11,no
naturalizado,5,12,no
navegó,5,6,no
navíos,5,6,no
neal,5,4,no
nebulosa,5,8,no
necias,5,6,no
nena,5,4,no
neruda,5,6,no
neto,5,4,no
newark,5,6,no
nidifica,5,8,no
niegan,5,6,no
niemeyer,5,8,no
ninfea,5,6,no
nochebuena,5,10,no
nombraron,5,9,no
normandos,5,9,no
norwich,5,7,no
notario,5,7,no
note,5,4,no
nro,5,3,no
nublado,5,7,no
nórdica,5,7,no
oblonga,5,7,no
obscuro,5,7,no
observe,5,7,no
obsesión,5,8,no
obtenida,5,8,no
obtenía,5,7,no
ocasiona,5,8,no
ocasionar,5,9,no
octavas,5,7,no
ocultaba,5,8,no
ocupaciones,5,11,no
ocupantes,5,9,no
ocurría,5,7,no
odia,5,4,no
oliváceo,5,8,no
olorosos,5,8,no
olympique,5,9,no
olímpicas,5,9,no
omnívora,5,8,no
ondulado,5,8,no
orense,5,6,no
organizadores,5,13,no
orgánicas,5,9,no
orienta,5,7,no
orientaciones,5,13,no
originan,5,8,no
ornitólogo,5,10,no
orografía,5,9,no
osma,5,4,no
osorno,5,6,no
osuna,5,5,no
oswald,5,6,no
otero,5,5,no
ovalado,5,7,no
overo,5,5,no
oís,5,3,no
pacifista,5,9,no
padrastro,5,9,no
pagana,5,6,no
palas,5,5,no
paraliza,5,8,no
pararon,5,7,no
parecemos,5,9,no
paria,5,5,no
parisino,5,8,no
parlamentarios,5,14,no
participaban,5,12,no
partiendo,5,9,no
partituras,5,10,no
pasará,5,6,no
pasen,5,5,no
pastizal,5,8,no
patada,5,6,no
patines,5,7,no
patológica,5,10,no
patronos,5,8,no
patíbulo,5,8,no
pavoroso,5,8,no
pavos,5,5,no
pañuelo,5,7,no
pbro,5,4,no
peculiares,5,10,no
pedagógico,5,10,no
pedregosos,5,10,no
pedía,5,5,no
pelado,5,6,no
peluda,5,6,no
penetración,5,11,no
penetró,5,7,no
penny,5,5,no
pensaban,5,8,no
perchas,5,7,no
perchero,5,8,no
percibíase,5,10,no
perdería,5,8,no
peregrinaje,5,11,no
perfeccionó,5,11,no
periodicidad,5,12,no
permitiría,5,10,no
perseguían,5,10,no
perseverancia,5,13,no
persiguiendo,5,12,no
persisten,5,9,no
perugia,5,7,no
phillip,5,7,no
picada,5,6,no
pictórica,5,9,no
piensen,5,7,no
pijama,5,6,no
pillar,5,6,no
pilotado,5,8,no
pinzas,5,6,no
pisó,5,4,no
plagio,5,6,no
plancton,5,8,no
planetario,5,10,no
plantación,5,10,no
planteaba,5,9,no
plateada,5,8,no
pleistoceno,5,11,no
pleitos,5,7,no
pobladas,5,8,no
poblamiento,5,11,no
podes,5,5,no
poetisa,5,7,no
polares,5,7,no
pole,5,4,no
poligamia,5,9,no
polímeros,5,9,no
ponente,5,7,no
poneos,5,6,no
ponga,5,5,no
pons,5,4,no
pontífice,5,9,no
porqué,5,6,no
porteña,5,7,no
portuguesas,5,11,no
posada,5,6,no
posarse,5,7,no
positivamente,5,13,no
posó,5,4,no
potencialmente,5,14,no
potestades,5,10,no
potter,5,6,no
practicado,5,10,no
practicantes,5,12,no
pradesh,5,7,no
pratt,5,5,no
preceptos,5,9,no
predicado,5,9,no
predominio,5,10,no
preferencias,5,12,no
preferir,5,8,no
prefería,5,8,no
prejuicios,5,10,no
premia,5,6,no
prender,5,7,no
prerromana,5,10,no
presenciales,5,12,no
presentaban,5,11,no
presidir,5,8,no
presionando,5,11,no
presumes,5,8,no
presuntamente,5,13,no
pretemporada,5,12,no
pretendió,5,9,no
pretendían,5,10,no
pretensiones,5,12,no
prevalece,5,9,no
prevista,5,8,no
prim,5,4,no
primordialmente,5,15,no
principito,5,10,no
procesal,5,8,no
producirá,5,9,no
programada,5,10,no
prohibidas,5,10,no
prolongación,5,12,no
prometida,5,9,no
promocionó,5,10,no
promueven,5,9,no
pronuncia,5,9,no
propague,5,8,no
propenso,5,8,no
propició,5,8,no
proponen,5,8,no
propusieron,5,11,no
prostitución,5,12,no
protectores,5,11,no
protegerse,5,10,no
proveedores,5,11,no
provocará,5,9,no
psicoanálisis,5,13,no
psicosis,5,8,no
pub,5,3,no
pubescente,5,10,no
publicitarias,5,13,no
puck,5,4,no
pulitzer,5,8,no
puma,5,4,no
puntero,5,7,no
puntiagudas,5,11,no
putnam,5,6,no
puñado,5,6,no
puñetazo,5,8,no
python,5,6,no
páramo,5,6,no
páramos,5,7,no
póstumamente,5,12,no
púas,5,4,no
qin,5,3,no
quedóse,5,7,no
quemada,5,7,no
quemaron,5,8,no
quevedo,5,7,no
quillota,5,8,no
quimérico,5,9,no
quinientos,5,10,no
quintanilla,5,11,no
rabat,5,5,no
racer,5,5,no
racionalista,5,12,no
radiactivo,5,10,no
radicada,5,8,no
raión,5,5,no
ramificadas,5,11,no
ranchito,5,8,no
randall,5,7,no
rastrera,5,8,no
raw,5,3,no
rayada,5,6,no
ready,5,5,no
rebeca,5,6,no
rebeló,5,6,no
recesivo,5,8,no
rechazadas,5,10,no
recibirá,5,8,no
recibían,5,8,no
reciclaje,5,9,no
reclama,5,7,no
reclutado,5,9,no
reclutamiento,5,13,no
recomendó,5,9,no
recompensas,5,11,no
reconciliación,5,14,no
recordando,5,10,no
recorriendo,5,11,no
recreativas,5,11,no
recubiertos,5,11,no
recuperaron,5,11,no
redactora,5,9,no
redondos,5,8,no
reemplazando,5,12,no
reeves,5,6,no
refería,5,7,no
refinamiento,5,12,no
reforzó,5,7,no
refugiarse,5,10,no
regata,5,6,no
reggaeton,5,9,no
regina,5,6,no
reglamentos,5,11,no
regrese,5,7,no
rehabilitado,5,12,no
reims,5,5,no
reiteradas,5,10,no
relevo,5,6,no
reliquia,5,8,no
rellena,5,7,no
remanentes,5,10,no
remover,5,7,no
removidos,5,9,no
removiendo,5,10,no
rendimientos,5,12,no
rendir,5,6,no
renovado,5,8,no
rentabilidad,5,12,no
rentable,5,8,no
reparado,5,8,no
repartida,5,9,no
repartió,5,8,no
reparó,5,6,no
repetirse,5,9,no
repetía,5,7,no
reporteros,5,10,no
reposa,5,6,no
representaban,5,13,no
representativas,5,15,no
reproducciones,5,14,no
reproductores,5,13,no
republicanas,5,12,no
rescatados,5,10,no
research,5,8,no
resoluciones,5,12,no
respiratoria,5,12,no
resplandor,5,10,no
resquicios,5,10,no
restablecer,5,11,no
resucitar,5,9,no
resuelve,5,8,no
reunía,5,6,no
revelando,5,9,no
revestida,5,9,no
review,5,6,no
revolution,5,10,no
rezando,5,7,no
riegos,5,6,no
riff,5,4,no
rincones,5,8,no
rivalidades,5,11,no
rocky,5,5,no
rodante,5,7,no
rodar,5,5,no
rodeando,5,8,no
rodeó,5,5,no
romina,5,6,no
rompa,5,5,no
rosada,5,6,no
rosarino,5,8,no
rowan,5,5,no
royce,5,5,no
ruano,5,5,no
rubro,5,5,no
ruda,5,4,no
ruego,5,5,no
ruleta,5,6,no
rumba,5,5,no
rupestre,5,8,no
rupestres,5,9,no
rías,5,4,no
sabatini,5,8,no
sabbath,5,7,no
sabina,5,6,no
saboreaba,5,9,no
sabían,5,6,no
sacerdocio,5,10,no
sacos,5,5,no
sacro,5,5,no
sahagún,5,7,no
sahel,5,5,no
salcedo,5,7,no
saldaña,5,7,no
saldrá,5,6,no
salientes,5,9,no
salmón,5,6,no
saltillo,5,8,no
salvarle,5,8,no
salvarlo,5,8,no
salzburgo,5,9,no
sana,5,4,no
sanatorio,5,9,no
sang,5,4,no
sangriento,5,10,no
sanlúcar,5,8,no
santidad,5,8,no
sapporo,5,7,no
saprissa,5,8,no
saqueadas,5,9,no
saqueado,5,8,no
sarcófagos,5,10,no
sarre,5,5,no
saturados,5,9,no
savage,5,6,no
schulz,5,6,no
scotty,5,6,no
secretamente,5,12,no
secretarios,5,11,no
secuestra,5,9,no
secuestran,5,10,no
sedas,5,5,no
see,5,3,no
seguirán,5,8,no
seguirían,5,9,no
semejaba,5,8,no
sensor,5,6,no
sentenció,5,9,no
sentirse,5,8,no
serle,5,5,no
serrallo,5,8,no
serranía,5,8,no
servirá,5,7,no
servirán,5,8,no
sexy,5,4,no
shannon,5,7,no
sherlock,5,8,no
sichuan,5,7,no
sidney,5,6,no
sientan,5,7,no
significar,5,10,no
silbidos,5,8,no
silicio,5,7,no
simplificar,5,11,no
simpática,5,9,no
sincera,5,7,no
sincero,5,7,no
sincronización,5,14,no
sioux,5,5,no
siéntate,5,8,no
sketches,5,8,no
sociólogo,5,9,no
sofia,5,5,no
solicitudes,5,11,no
soltar,5,6,no
solubles,5,8,no
sombreado,5,9,no
someterse,5,9,no
sometió,5,7,no
sonado,5,6,no
sonic,5,5,no
sophie,5,6,no
sopla,5,5,no
soplaba,5,7,no
sor,5,3,no
sotelo,5,6,no
sotomayor,5,9,no
spike,5,5,no
split,5,5,no
spock,5,5,no
spp,5,3,no
spurs,5,5,no
sta,5,3,no
status,5,6,no
stefano,5,7,no
step,5,4,no
stereo,5,6,no
stevenson,5,9,no
sting,5,5,no
suabia,5,6,no
suazilandia,5,11,no
subcontinente,5,13,no
subfamilia,5,10,no
subidos,5,7,no
subteniente,5,11,no
suceda,5,6,no
sucedía,5,7,no
suecas,5,6,no
suegro,5,6,no
suero,5,5,no
sufra,5,5,no
sugerencias,5,11,no
suizos,5,6,no
sultana,5,7,no
supe,5,4,no
supercopa,5,9,no
supermercados,5,13,no
supervisar,5,10,no
suponía,5,7,no
suspirar,5,8,no
sussex,5,6,no
sustituidas,5,11,no
sábana,5,6,no
sílabas,5,7,no
sínodo,5,6,no
sócrates,5,8,no
súbitamente,5,11,no
taberna,5,7,no
tacto,5,5,no
tahití,5,6,no
taifa,5,5,no
talavera,5,8,no
talentoso,5,9,no
talibanes,5,9,no
tamil,5,5,no
tampico,5,7,no
tapones,5,7,no
tarija,5,6,no
tarima,5,6,no
tatuados,5,8,no
taurinos,5,8,no
tebas,5,5,no
teclas,5,6,no
tecnológica,5,11,no
television,5,10,no
temerosa,5,8,no
temes,5,5,no
tempo,5,5,no
tena,5,4,no
tenacidad,5,9,no
tenerlos,5,8,no
tenso,5,5,no
tentadora,5,9,no
tentar,5,6,no
tenías,5,6,no
teológica,5,9,no
terapias,5,8,no
termas,5,6,no
terminará,5,9,no
terral,5,6,no
terre,5,5,no
testeros,5,8,no
tetuán,5,6,no
thai,5,4,no
theodore,5,8,no
tianjin,5,7,no
timbrado,5,8,no
tirado,5,6,no
tirador,5,7,no
tirarme,5,7,no
titanio,5,7,no
tiziano,5,7,no
tiznados,5,8,no
tocarse,5,7,no
toco,5,4,no
tolima,5,6,no
tolkien,5,7,no
tomadas,5,7,no
tomará,5,6,no
tomaría,5,7,no
tomes,5,5,no
tonal,5,5,no
tonight,5,7,no
tontas,5,6,no
tori,5,4,no
torreta,5,7,no
torretas,5,8,no
touch,5,5,no
toyota,5,6,no
trabajada,5,9,no
trabó,5,5,no
traducirse,5,10,no
traga,5,5,no
traicionado,5,11,no
tranquilos,5,10,no
trans,5,5,no
transcurrir,5,11,no
transformaron,5,13,no
transmiten,5,10,no
trasladar,5,9,no
tratos,5,6,no
trauma,5,6,no
trazando,5,8,no
treintena,5,9,no
trent,5,5,no
trento,5,6,no
trineo,5,6,no
tritón,5,6,no
triásico,5,8,no
trombosis,5,9,no
troncal,5,7,no
tuberías,5,8,no
tucker,5,6,no
tundra,5,6,no
tunja,5,5,no
turberas,5,8,no
turbulenta,5,10,no
turkmenistán,5,12,no
turquestán,5,10,no
tácito,5,6,no
tórax,5,5,no
tóxica,5,6,no
ubicarse,5,8,no
ugarte,5,6,no
underground,5,11,no
upper,5,5,no
upsala,5,6,no
urbe,5,4,no
uruguayos,5,9,no
usarlo,5,6,no
utilidades,5,10,no
utilizará,5,9,no
uzbekistán,5,10,no
vacuna,5,6,no
vagar,5,5,no
vaginal,5,7,no
vagones,5,7,no
vales,5,5,no
vanuatu,5,7,no
vaticana,5,8,no
vayáis,5,6,no
vean,5,4,no
vecinales,5,9,no
vegano,5,6,no
vehicular,5,9,no
veintena,5,8,no
vencidos,5,8,no
vencieron,5,9,no
vendedores,5,10,no
veneciana,5,9,no
veneración,5,10,no
ventralmente,5,12,no
venustiano,5,10,no
venían,5,6,no
verbales,5,8,no
verdades,5,8,no
verdosa,5,7,no
verificación,5,12,no
verificar,5,9,no
versó,5,5,no
vestuarios,5,10,no
veteado,5,7,no
veterinaria,5,11,no
via,5,3,no
viajando,5,8,no
viana,5,5,no
vicerrector,5,11,no
victorioso,5,10,no
vidriera,5,8,no
vierten,5,7,no
vigilante,5,9,no
villafranca,5,11,no
villalba,5,8,no
vinagre,5,7,no
vinculó,5,7,no
virgin,5,6,no
viruela,5,7,no
virutas,5,7,no
visitable,5,9,no
visten,5,6,no
vistosas,5,8,no
vitro,5,5,no
viviría,5,7,no
vizconde,5,8,no
viñas,5,5,no
vocablo,5,7,no
volaba,5,6,no
vota,5,4,no
votado,5,6,no
válvula,5,7,no
víveres,5,7,no
wade,5,4,no
warnes,5,6,no
warwick,5,7,no
waters,5,6,no
weaver,5,6,no
weber,5,5,no
westbrook,5,9,no
westfalia,5,9,no
wii,5,3,no
wikimedia,5,9,no
williamson,5,10,no
willy,5,5,no
windsor,5,7,no
woo,5,3,no
woods,5,5,no
woody,5,5,no
yemas,5,5,no
yerno,5,5,no
youtubers,5,9,no
yuan,5,4,no
zabala,5,6,no
zarzuela,5,8,no
zhou,5,4,no
zorrilla,5,8,no
álex,5,4,no
árbitros,5,8,no
átomo,5,5,no
íbamos,5,6,no
ícono,5,5,no
ígneas,5,6,no
índico,5,6,no
ómnibus,5,7,no
ópticas,5,7,no
abandonan,4,9,no
abandonando,4,11,no
abandone,4,8,no
abanicos,4,8,no
abe,4,3,no
abjasia,4,7,no
abolió,4,6,no
abominable,4,10,no
abordaje,4,8,no
about,4,5,no
abrams,4,6,no
abrirse,4,7,no
abría,4,5,no
absolver,4,8,no
absorbida,4,9,no
abuelas,4,7,no
aburrido,4,8,no
acabes,4,6,no
accidentada,4,11,no
accidentado,4,11,no
ace,4,3,no
acelera,4,7,no
aceleración,4,11,no
aceptadas,4,9,no
acercaba,4,8,no
acercan,4,7,no
acertaba,4,8,no
acetato,4,7,no
aclara,4,6,no
acometió,4,8,no
acompañadas,4,11,no
acompañando,4,11,no
acompañarlo,4,11,no
aconcagua,4,9,no
aconseja,4,8,no
acorralado,4,10,no
acosté,4,6,no
actoral,4,7,no
actualizado,4,11,no
acusaron,4,8,no
acólito,4,7,no
adelaide,4,8,no
adentrarse,4,10,no
adeptos,4,7,no
adivinar,4,8,no
administradas,4,13,no
administrarle,4,13,no
adoptaba,4,8,no
adornadas,4,9,no
adquirida,4,9,no
adquirieron,4,11,no
adscribe,4,8,no
adscrita,4,8,no
adulterio,4,9,no
afamado,4,7,no
afilado,4,7,no
afilados,4,8,no
afinación,4,9,no
afinidades,4,10,no
afloramientos,4,13,no
africa,4,6,no
afrontar,4,8,no
after,4,5,no
agave,4,5,no
agita,4,5,no
agregada,4,8,no
agregando,4,9,no
agresivas,4,9,no
agrimensor,4,10,no
aguacero,4,8,no
aguascalientes,4,14,no
agudos,4,6,no
aguijón,4,7,no
aguilera,4,8,no
agustina,4,8,no
ahogada,4,7,no
ahorren,4,7,no
aimara,4,6,no
airado,4,6,no
aix,4,3,no
ajustaron,4,9,no
alabastro,4,9,no
alabes,4,6,no
aladas,4,6,no
alados,4,6,no
alagón,4,6,no
albano,4,6,no
albarracín,4,10,no
albergado,4,9,no
albura,4,6,no
alcaldes,4,8,no
alce,4,4,no
alcoba,4,6,no
alcohólicas,4,11,no
alcorcón,4,8,no
alegó,4,5,no
alegóricos,4,10,no
alejaron,4,8,no
alentejo,4,8,no
alexa,4,5,no
alfoz,4,5,no
alhambra,4,8,no
alicates,4,8,no
alimenticios,4,12,no
alineó,4,6,no
alistó,4,6,no
aljibe,4,6,no
almacenado,4,10,no
almendra,4,8,no
almidón,4,7,no
almohadilla,4,11,no
alojar,4,6,no
alphonse,4,8,no
alquimia,4,8,no
alright,4,7,no
altavoces,4,9,no
alternando,4,10,no
alumbrad,4,8,no
alzado,4,6,no
amarga,4,6,no
amat,4,4,no
amateurs,4,8,no
amaya,4,5,no
amazon,4,6,no
ambiciosa,4,9,no
ambulancia,4,10,no
amenazaba,4,9,no
amenazadas,4,10,no
amherst,4,7,no
amina,4,5,no
ampliada,4,8,no
amsterdam,4,9,no
anaranjadas,4,11,no
anastasia,4,9,no
ancestral,4,9,no
anchos,4,6,no
anclaje,4,7,no
andalusí,4,8,no
andinos,4,7,no
anexa,4,5,no
anexos,4,6,no
anfitriona,4,10,no
anfitriones,4,11,no
anguila,4,7,no
angular,4,7,no
anillamos,4,9,no
antecesora,4,10,no
antifascista,4,12,no
anular,4,6,no
anunciar,4,8,no
anverso,4,7,no
anya,4,4,no
anónimos,4,8,no
aparecerá,4,9,no
aparecieran,4,11,no
aplanado,4,8,no
aplauso,4,7,no
aplicarse,4,9,no
aplique,4,7,no
aportar,4,7,no
apostado,4,8,no
apoyados,4,8,no
app,4,3,no
apreciados,4,10,no
apretando,4,9,no
apropiadas,4,10,no
aprovechada,4,11,no
aprovechado,4,11,no
aprovechamos,4,12,no
aprovechan,4,10,no
aprovechen,4,10,no
aproxima,4,8,no
aproximen,4,9,no
aptitud,4,7,no
aragonesa,4,9,no
aragoneses,4,10,no
araya,4,5,no
arbolado,4,8,no
arbóreo,4,7,no
arcaico,4,7,no
arcilloso,4,9,no
ardenas,4,7,no
areniscas,4,9,no
argel,4,5,no
argenta,4,7,no
arneses,4,7,no
aromático,4,9,no
aromáticos,4,10,no
arrancó,4,7,no
arrastre,4,8,no
arrebujada,4,10,no
arreglaron,4,10,no
arrepentido,4,11,no
arriando,4,8,no
arriano,4,7,no
arrieros,4,8,no
arriesgo,4,8,no
arrojados,4,9,no
arrojaron,4,9,no
arruinar,4,8,no
arseniato,4,9,no
artemisa,4,8,no
articulados,4,11,no
arácnidos,4,9,no
asa,4,3,no
aseguran,4,8,no
asemejaba,4,9,no
asentada,4,8,no
asesores,4,8,no
asesoró,4,7,no
asfalto,4,7,no
asfixia,4,7,no
ash,4,3,no
asiduidad,4,9,no
asignaron,4,9,no
asignó,4,6,no
asocian,4,7,no
aspiraciones,4,12,no
astilleros,4,10,no
astrofísico,4,11,no
asumen,4,6,no
asumido,4,7,no
asumieron,4,9,no
asumo,4,5,no
ateniense,4,9,no
ateos,4,5,no
atrapar,4,7,no
atrevido,4,8,no
atribuidas,4,10,no
atuendo,4,7,no
audiciones,4,10,no
august,4,6,no
aura,4,4,no
aureliano,4,9,no
austeridad,4,10,no
austriacos,4,10,no
austríaca,4,9,no
autobiográfico,4,14,no
automatizado,4,12,no
automáticas,4,11,no
autonómica,4,10,no
autorizan,4,9,no
autódromo,4,9,no
avalanchas,4,10,no
avecina,4,7,no
avena,4,5,no
averiado,4,8,no
aviador,4,7,no
avisas,4,6,no
avispas,4,7,no
avistamientos,4,13,no
avistamos,4,9,no
away,4,4,no
ayrshire,4,8,no
ayudantes,4,9,no
ayudara,4,7,no
ayudarlo,4,8,no
ayudarlos,4,9,no
ayudará,4,7,no
ayudarán,4,8,no
ayudes,4,6,no
ayudo,4,5,no
azaña,4,5,no
aznar,4,5,no
aída,4,4,no
añadidas,4,8,no
añadirse,4,8,no
babilonios,4,10,no
baca,4,4,no
badalona,4,8,no
bailan,4,6,no
balaustrada,4,11,no
balazos,4,7,no
balboa,4,6,no
ballena,4,7,no
balsas,4,6,no
bancroft,4,8,no
bandido,4,7,no
bang,4,4,no
banquero,4,8,no
barandilla,4,10,no
barcaza,4,7,no
bari,4,4,no
barinas,4,7,no
barr,4,4,no
barça,4,5,no
barítono,4,8,no
bath,4,4,no
battista,4,8,no
baxter,4,6,no
bayer,4,5,no
bañado,4,6,no
beacon,4,6,no
beata,4,5,no
beatificación,4,13,no
becaria,4,7,no
becky,4,5,no
believe,4,7,no
belisario,4,9,no
belmont,4,7,no
bender,4,6,no
benedictina,4,11,no
benefactor,4,10,no
benson,4,6,no
benz,4,4,no
benévola,4,8,no
bereberes,4,9,no
bernd,4,5,no
billar,4,6,no
biobío,4,6,no
biográfico,4,10,no
biográficos,4,11,no
biomasa,4,7,no
bisabuelo,4,9,no
bisnieta,4,8,no
bissau,4,6,no
bizarre,4,7,no
björk,4,5,no
blackburn,4,9,no
bland,4,5,no
bobo,4,4,no
boicot,4,6,no
bois,4,4,no
bolivariana,4,11,no
bollo,4,5,no
bologna,4,7,no
bonitas,4,7,no
bordadas,4,8,no
borrarse,4,8,no
bosch,4,5,no
botticelli,4,10,no
box,4,3,no
brain,4,5,no
brandon,4,7,no
brazalete,4,9,no
brevedad,4,8,no
breviario,4,9,no
briceño,4,7,no
bridget,4,7,no
briggs,4,6,no
brillaron,4,9,no
brindan,4,7,no
brindar,4,7,no
brisbane,4,8,no
britania,4,8,no
brno,4,4,no
broadcasting,4,12,no
bromelias,4,9,no
bronceada,4,9,no
bronces,4,7,no
brujería,4,8,no
brujo,4,5,no
brutalidad,4,10,no
brújula,4,7,no
bucal,4,5,no
bucaramanga,4,11,no
bufete,4,6,no
building,4,8,no
buitres,4,7,no
burbank,4,7,no
burlona,4,7,no
buscarme,4,8,no
business,4,8,no
byron,4,5,no
búhos,4,5,no
cabalgata,4,9,no
cabral,4,6,no
caduca,4,6,no
caiga,4,5,no
cajeros,4,7,no
calabazas,4,9,no
calafell,4,8,no
calamar,4,7,no
calatrava,4,9,no
calavera,4,8,no
calcetín,4,8,no
calculado,4,9,no
calderas,4,8,no
calentar,4,8,no
caleta,4,6,no
calibre,4,7,no
callando,4,8,no
calvary,4,7,no
calvin,4,6,no
camellos,4,8,no
cameo,4,5,no
cameos,4,6,no
camus,4,5,no
canada,4,6,no
canadian,4,8,no
canceladas,4,10,no
candela,4,7,no
candil,4,6,no
canecillos,4,10,no
cansa,4,5,no
cansarlos,4,9,no
cantadas,4,8,no
cantero,4,7,no
capadocia,4,9,no
capitanía,4,9,no
capitular,4,9,no
capta,4,5,no
caravaggio,4,10,no
carcasa,4,7,no
cardiff,4,7,no
cardinales,4,10,no
cargador,4,8,no
caribes,4,7,no
caribeña,4,8,no
cariñosamente,4,13,no
carlisle,4,8,no
carlismo,4,8,no
carmelo,4,7,no
carrara,4,7,no
carrizo,4,7,no
carátula,4,8,no
casando,4,7,no
caseras,4,7,no
cash,4,4,no
casilla,4,7,no
casio,4,5,no
casona,4,6,no
caspio,4,6,no
castellanos,4,11,no
castiga,4,7,no
castigarle,4,10,no
castigarlo,4,10,no
catarro,4,7,no
catedrática,4,11,no
cauces,4,6,no
causadas,4,8,no
cautivos,4,8,no
cavaliers,4,9,no
caviloso,4,8,no
cañas,4,5,no
cañete,4,6,no
cecil,4,5,no
cedar,4,5,no
cedió,4,5,no
cefalópodos,4,11,no
celebrarse,4,10,no
celebridad,4,10,no
celebrity,4,9,no
celestino,4,9,no
cementerios,4,11,no
cenobio,4,7,no
censos,4,6,no
centauro,4,8,no
cercado,4,7,no
cerraron,4,8,no
cesto,4,5,no
chandler,4,8,no
chanel,4,6,no
chang,4,5,no
chapucero,4,9,no
charlando,4,9,no
chiflados,4,9,no
children,4,8,no
chimbote,4,8,no
chips,4,5,no
chita,4,5,no
chiva,4,5,no
chocan,4,6,no
choques,4,7,no
chorros,4,7,no
choza,4,5,no
christoph,4,9,no
cigüeña,4,7,no
cincha,4,6,no
clamorante,4,10,no
clarisas,4,8,no
clasificaba,4,11,no
clasificadas,4,12,no
clausurada,4,10,no
clavos,4,6,no
clay,4,4,no
cleopatra,4,9,no
cliff,4,5,no
clint,4,5,no
coach,4,5,no
coautor,4,7,no
cobija,4,6,no
cobran,4,6,no
cobreloa,4,8,no
cocidos,4,7,no
cocodrilo,4,9,no
coeficiente,4,11,no
cofre,4,5,no
coges,4,5,no
cojín,4,5,no
colaborando,4,11,no
coldplay,4,8,no
coleccionar,4,11,no
colectivamente,4,14,no
colegiales,4,10,no
colgada,4,7,no
collares,4,8,no
colmenas,4,8,no
colosal,4,7,no
comandó,4,7,no
combinaba,4,9,no
comedy,4,6,no
comentaristas,4,13,no
comercializan,4,13,no
comieron,4,8,no
commander,4,9,no
community,4,9,no
comodoro,4,8,no
compadezco,4,10,no
compartimentos,4,14,no
competente,4,10,no
competido,4,9,no
complementar,4,12,no
completarse,4,11,no
comprados,4,9,no
comprendida,4,11,no
comprobación,4,12,no
compromete,4,10,no
comunicador,4,11,no
comunitarios,4,12,no
comían,4,6,no
conan,4,5,no
concebir,4,8,no
concibió,4,8,no
concierne,4,9,no
concluyente,4,11,no
concordancia,4,12,no
concursante,4,11,no
condecoración,4,13,no
conecte,4,7,no
confección,4,10,no
confiables,4,10,no
confiado,4,8,no
confirman,4,9,no
conformidad,4,11,no
confía,4,6,no
conjetura,4,9,no
conmebol,4,8,no
conmovía,4,8,no
connotaciones,4,13,no
conocimos,4,9,no
conquistas,4,10,no
considerarlo,4,12,no
consigna,4,8,no
consistorial,4,12,no
consistorio,4,11,no
consonantes,4,11,no
consulados,4,10,no
consultora,4,10,no
consumado,4,9,no
contactó,4,8,no
contada,4,7,no
contaduría,4,10,no
contaminante,4,12,no
conteniendo,4,11,no
contesta,4,8,no
conti,4,5,no
contrae,4,7,no
contraparte,4,11,no
contrincante,4,12,no
contrita,4,8,no
controlan,4,9,no
controversial,4,13,no
contundente,4,11,no
contusiones,4,11,no
convección,4,10,no
convencida,4,10,no
conveniencia,4,12,no
convertidas,4,11,no
conviven,4,8,no
convocadas,4,10,no
convocar,4,8,no
conway,4,6,no
cooke,4,5,no
copyright,4,9,no
corps,4,5,no
correremos,4,10,no
corrida,4,7,no
corridos,4,8,no
corrosivo,4,9,no
corrosión,4,9,no
cortando,4,8,no
cortesías,4,9,no
cortijo,4,7,no
cortázar,4,8,no
corán,4,5,no
cosechó,4,7,no
costosa,4,7,no
costra,4,6,no
cotidianas,4,10,no
coto,4,4,no
court,4,5,no
coventry,4,8,no
coímbra,4,7,no
creaba,4,6,no
cremado,4,7,no
cremallera,4,10,no
cremosa,4,7,no
creyente,4,8,no
creído,4,6,no
criaban,4,7,no
cristaleras,4,11,no
cristiandad,4,11,no
criticar,4,8,no
cronistas,4,9,no
cry,4,3,no
crystal,4,7,no
crónico,4,7,no
cuaternario,4,11,no
cuatros,4,7,no
cuervo,4,6,no
cuidadosa,4,9,no
cuidadoso,4,9,no
cuidan,4,6,no
culata,4,6,no
culinaria,4,9,no
culminante,4,10,no
culta,4,5,no
culver,4,6,no
cumplido,4,8,no
cumplía,4,7,no
curiosos,4,8,no
curitiba,4,8,no
curvados,4,8,no
curvos,4,6,no
custodio,4,8,no
cut,4,3,no
cuzco,4,5,no
cuántos,4,7,no
cuña,4,4,no
cándido,4,7,no
cápita,4,6,no
cónsules,4,8,no
dade,4,4,no
daisuke,4,7,no
daniela,4,7,no
daos,4,4,no
darmstadt,4,9,no
darren,4,6,no
dañadas,4,7,no
dañar,4,5,no
debbie,4,6,no
debidamente,4,11,no
deborah,4,7,no
debutantes,4,10,no
declaraba,4,9,no
declaradas,4,10,no
decretó,4,7,no
dedicaban,4,9,no
defendieron,4,11,no
defendía,4,8,no
definirse,4,9,no
deidades,4,8,no
dejada,4,6,no
dejadme,4,7,no
dejaría,4,7,no
deleitante,4,10,no
delicias,4,8,no
deluxe,4,6,no
demencia,4,8,no
demi,4,4,no
democráticos,4,12,no
demostrarlo,4,11,no
denota,4,6,no
denotan,4,7,no
deportación,4,11,no
deportados,4,10,no
deposita,4,8,no
derrame,4,7,no
derribar,4,8,no
desarmados,4,10,no
desastres,4,9,no
desayunos,4,9,no
desbordados,4,11,no
descartar,4,9,no
descentrada,4,11,no
descubriendo,4,12,no
desean,4,6,no
desembocar,4,10,no
desencadenó,4,11,no
desenlace,4,9,no
desenvuelve,4,11,no
desespera,4,9,no
desfilar,4,8,no
desgracias,4,10,no
deshechos,4,9,no
deshonra,4,8,no
designar,4,8,no
desigualdades,4,13,no
desintegró,4,10,no
deslumbrado,4,11,no
desmayado,4,9,no
desmayo,4,7,no
desnutridos,4,11,no
despechados,4,11,no
despedidos,4,10,no
despedirse,4,10,no
despejada,4,9,no
despiadado,4,10,no
despidió,4,8,no
desplazada,4,10,no
desplazando,4,11,no
despreciar,4,10,no
desprecias,4,10,no
destinó,4,7,no
destitución,4,11,no
destrenzase,4,11,no
desusada,4,8,no
desvanece,4,9,no
desventaja,4,10,no
desviación,4,10,no
desórdenes,4,10,no
detienen,4,8,no
deténgase,4,9,no
devastada,4,9,no
devolvió,4,8,no
devotos,4,7,no
devuelta,4,8,no
diagramas,4,9,no
dibuja,4,6,no
dibujó,4,6,no
didáctica,4,9,no
diferenciarse,4,13,no
difunde,4,7,no
difunta,4,7,no
difuntos,4,8,no
difícilmente,4,12,no
digestión,4,9,no
digitalmente,4,12,no
digno,4,5,no
dijimos,4,7,no
dile,4,4,no
diminuta,4,8,no
dintel,4,6,no
dinámicos,4,9,no
dion,4,4,no
discovery,4,9,no
disculpó,4,8,no
discutida,4,9,no
discutió,4,8,no
disfrutan,4,9,no
disolvente,4,10,no
disparadas,4,10,no
distantes,4,9,no
distinguía,4,10,no
distraídos,4,10,no
distribuidora,4,13,no
diurnas,4,7,no
divagante,4,9,no
divertirse,4,10,no
dividiendo,4,10,no
doblete,4,7,no
doblones,4,8,no
documentar,4,10,no
doliente,4,8,no
dolly,4,5,no
dominica,4,8,no
donantes,4,8,no
dormidas,4,8,no
dormimos,4,8,no
dormían,4,7,no
dosel,4,5,no
dow,4,3,no
doyle,4,5,no
draft,4,5,no
dramáticos,4,10,no
drop,4,4,no
ducal,4,5,no
ducharme,4,8,no
dudaba,4,6,no
dueto,4,5,no
duff,4,4,no
dumas,4,5,no
dumont,4,6,no
durham,4,6,no
echarme,4,7,no
ecológicas,4,10,no
ecuestre,4,8,no
eddy,4,4,no
edificaba,4,9,no
edificado,4,9,no
edificó,4,7,no
edmundo,4,7,no
edna,4,4,no
efigie,4,6,no
efraín,4,6,no
egoísta,4,7,no
elaine,4,6,no
elevan,4,6,no
elfos,4,5,no
elias,4,5,no
eliminan,4,8,no
eliminando,4,10,no
elmer,4,5,no
emana,4,5,no
embarcar,4,8,no
embarcaremos,4,12,no
embarqué,4,8,no
emblemáticos,4,12,no
emergen,4,7,no
emisor,4,6,no
emitiera,4,8,no
empapados,4,9,no
emparentada,4,11,no
emparentado,4,11,no
empatía,4,7,no
empeorando,4,10,no
empero,4,6,no
emplearon,4,9,no
emprendedores,4,13,no
empresaria,4,10,no
emuladores,4,10,no
enamores,4,8,no
encantó,4,7,no
encargadas,4,10,no
enciclopedias,4,13,no
encontraría,4,11,no
encontré,4,8,no
encuesta,4,8,no
endesa,4,6,no
enfatiza,4,8,no
enfermado,4,9,no
enfoscadas,4,10,no
enfrentarán,4,11,no
enfriando,4,9,no
engañados,4,9,no
engañar,4,7,no
engloba,4,7,no
enlazó,4,6,no
enlutada,4,8,no
enmarcada,4,9,no
enmarcado,4,9,no
enredar,4,7,no
ensanche,4,8,no
enseñaba,4,8,no
ensillado,4,9,no
entablamento,4,12,no
enterarse,4,9,no
enterraron,4,10,no
enteró,4,6,no
entierros,4,9,no
entramos,4,8,no
entrañas,4,8,no
entreguerras,4,12,no
entrenada,4,9,no
entrenudos,4,10,no
entretenida,4,11,no
entrevistado,4,12,no
entrevistan,4,11,no
entro,4,5,no
entropía,4,8,no
envenenada,4,10,no
envueltas,4,9,no
envían,4,6,no
epiro,4,5,no
epitafios,4,9,no
equilibrada,4,11,no
equivocar,4,9,no
erigida,4,7,no
erin,4,4,no
ermitaño,4,8,no
erotismo,4,8,no
erradicar,4,9,no
erróneos,4,8,no
escafandra,4,10,no
escalando,4,9,no
escalonados,4,11,no
escarpado,4,9,no
escenógrafo,4,11,no
escondiendo,4,11,no
escorial,4,8,no
escorpiones,4,11,no
escotillas,4,10,no
escribí,4,7,no
escuchó,4,7,no
esculpido,4,9,no
escultórico,4,11,no
escándalos,4,10,no
esferas,4,7,no
eslava,4,6,no
eslavo,4,6,no
espaciadas,4,10,no
espartero,4,9,no
especia,4,7,no
especificado,4,12,no
espectaculares,4,14,no
espectral,4,9,no
especula,4,8,no
esperas,4,7,no
esperé,4,6,no
espesas,4,7,no
espiguillas,4,11,no
esponjas,4,8,no
espontáneo,4,10,no
esporádicamente,4,15,no
esquivel,4,8,no
est,4,3,no
estabilización,4,14,no
establo,4,7,no
estallaron,4,10,no
estampado,4,9,no
estampas,4,8,no
estanislao,4,10,no
estefanía,4,9,no
estelas,4,7,no
estereotipos,4,12,no
estimaba,4,8,no
estimada,4,8,no
estrato,4,7,no
estrictas,4,9,no
estuvimos,4,9,no
estáis,4,6,no
estático,4,8,no
estés,4,5,no
etc,4,3,no
etnográfico,4,11,no
euler,4,5,no
eurocopa,4,8,no
european,4,8,no
evacuación,4,10,no
evacuado,4,8,no
evacuar,4,7,no
evalúa,4,6,no
evan,4,4,no
evaristo,4,8,no
evocación,4,9,no
evolucionaron,4,13,no
evolutivo,4,9,no
exagerada,4,9,no
examina,4,7,no
excavadas,4,9,no
excelsior,4,9,no
excesiva,4,8,no
exclamando,4,10,no
exclusividad,4,12,no
excmo,4,5,no
excursiones,4,11,no
exhaustiva,4,10,no
expandiendo,4,11,no
expansiones,4,11,no
expectación,4,11,no
experimentales,4,14,no
experimentando,4,14,no
explican,4,8,no
explotadas,4,10,no
explotó,4,7,no
explícitamente,4,14,no
exponer,4,7,no
exportado,4,9,no
expresada,4,9,no
exquisita,4,9,no
extendidos,4,10,no
extraídos,4,9,no
exuberante,4,10,no
ezequiel,4,8,no
fabra,4,5,no
fabricaba,4,9,no
face,4,4,no
faciales,4,8,no
facilidades,4,11,no
faena,4,5,no
faith,4,5,no
fajardo,4,7,no
falangista,4,10,no
fallado,4,7,no
fantasías,4,9,no
farias,4,6,no
fascinantes,4,11,no
fatales,4,7,no
fatigado,4,8,no
fatigados,4,9,no
febril,4,6,no
fecundación,4,11,no
federaciones,4,12,no
federalismo,4,11,no
fenomenal,4,9,no
ferreira,4,8,no
ferrero,4,7,no
fervor,4,6,no
fetal,4,5,no
fibroso,4,7,no
fibrosos,4,8,no
ficticios,4,9,no
fight,4,5,no
figuraba,4,8,no
filosófica,4,10,no
filtración,4,10,no
fincas,4,6,no
fingiéndome,4,11,no
firmadas,4,8,no
firmantes,4,9,no
fisonomía,4,9,no
flagelos,4,8,no
flamencos,4,9,no
flanco,4,6,no
flavio,4,6,no
flete,4,5,no
flotas,4,6,no
flow,4,4,no
floyd,4,5,no
fluida,4,6,no
fly,4,3,no
flácidos,4,8,no
focal,4,5,no
folclórica,4,10,no
folklore,4,8,no
fontana,4,7,no
forja,4,5,no
formándose,4,10,no
fortalece,4,9,no
fotografió,4,10,no
fotógrafos,4,10,no
fracción,4,8,no
fraga,4,5,no
fragilidad,4,10,no
fraguas,4,7,no
frederic,4,8,no
frenado,4,7,no
frondizi,4,8,no
front,4,5,no
frontones,4,9,no
fructífera,4,10,no
frustrada,4,9,no
frustró,4,7,no
fuengirola,4,10,no
fuesen,4,6,no
fujimori,4,8,no
full,4,4,no
funcionalidades,4,15,no
funcionaria,4,11,no
fundaciones,4,11,no
fundamentos,4,11,no
funge,4,5,no
fusilados,4,9,no
futbolístico,4,12,no
future,4,6,no
futurista,4,9,no
fúnebres,4,8,no
galantería,4,10,no
galgo,4,5,no
galileo,4,7,no
gambia,4,6,no
gap,4,3,no
garay,4,5,no
garcia,4,6,no
gardel,4,6,no
garzas,4,6,no
gasta,4,5,no
gastronómica,4,12,no
gaudí,4,5,no
gaviota,4,7,no
genoma,4,6,no
genovés,4,7,no
georgina,4,8,no
gerais,4,6,no
gerard,4,6,no
geógrafo,4,8,no
gilmour,4,7,no
girasol,4,7,no
glee,4,4,no
glendale,4,8,no
gloriosas,4,9,no
gobernados,4,10,no
gobierna,4,8,no
god,4,3,no
godofredo,4,9,no
goodman,4,7,no
gore,4,4,no
gormaz,4,6,no
gotemburgo,4,10,no
gotha,4,5,no
goyeneche,4,9,no
gozos,4,5,no
graciela,4,8,no
grafito,4,7,no
granadas,4,8,no
granadina,4,9,no
granollers,4,10,no
graphics,4,8,no
gratitud,4,8,no
gratuitas,4,9,no
greatest,4,8,no
gregoriana,4,10,no
grifos,4,6,no
grisáceas,4,9,no
gritara,4,7,no
gritarle,4,8,no
grotescos,4,9,no
guadiana,4,8,no
guante,4,6,no
guapa,4,5,no
guardaespaldas,4,14,no
guardería,4,9,no
guarniciones,4,12,no
guerrilla,4,9,no
guerrillero,4,11,no
guggenheim,4,10,no
guiar,4,5,no
gun,4,3,no
gustaban,4,8,no
guy,4,3,no
habitar,4,7,no
hable,4,5,no
habrán,4,6,no
haciendas,4,9,no
hacíamos,4,8,no
hallarme,4,8,no
hallarse,4,8,no
halo,4,4,no
hanna,4,5,no
harding,4,7,no
hardy,4,5,no
harto,4,5,no
hayley,4,6,no
head,4,4,no
hechizos,4,8,no
hegemonía,4,9,no
helene,4,6,no
helio,4,5,no
henrik,4,6,no
hera,4,4,no
heredado,4,8,no
heredar,4,7,no
heritage,4,8,no
hermafrodita,4,12,no
hermosura,4,9,no
hernando,4,8,no
heroes,4,6,no
herreros,4,8,no
heráldico,4,9,no
hewitt,4,6,no
hexagonal,4,9,no
hidróxido,4,9,no
hilton,4,6,no
hinchas,4,7,no
hiroki,4,6,no
historial,4,9,no
historiografía,4,14,no
hitos,4,5,no
hobbies,4,7,no
hokkaido,4,8,no
holy,4,4,no
hombrecito,4,10,no
honestidad,4,10,no
honorífica,4,10,no
horaria,4,7,no
hortelano,4,9,no
hospedaje,4,9,no
hostias,4,7,no
huaral,4,6,no
huaxila,4,7,no
huestes,4,7,no
humus,4,5,no
hundido,4,7,no
hundieron,4,9,no
hurón,4,5,no
huían,4,5,no
hízola,4,6,no
húngaros,4,8,no
ibiza,4,5,no
iconografía,4,11,no
iconográfico,4,12,no
identificada,4,12,no
ideológica,4,10,no
ideológicamente,4,15,no
ideológicas,4,11,no
ideológico,4,10,no
iggy,4,4,no
ignacia,4,7,no
ignorar,4,7,no
ignoró,4,6,no
igor,4,4,no
ijares,4,6,no
ildefonso,4,9,no
ilusionado,4,10,no
ilustradas,4,10,no
ilustró,4,7,no
imaginería,4,10,no
imanes,4,6,no
impar,4,5,no
impares,4,7,no
impedimento,4,11,no
impedimentos,4,12,no
impiden,4,7,no
implicaba,4,9,no
implicadas,4,10,no
imponiendo,4,10,no
impostor,4,8,no
impotente,4,9,no
impresionismo,4,13,no
imprimió,4,8,no
improbable,4,10,no
improvisación,4,13,no
impuesta,4,8,no
impulse,4,7,no
inaugurada,4,10,no
incendiaron,4,11,no
inciertos,4,9,no
inclinóse,4,9,no
incompleto,4,10,no
inconcluso,4,10,no
incorporaban,4,12,no
incrementar,4,11,no
indemnización,4,13,no
indicativo,4,10,no
indirecto,4,9,no
indudable,4,9,no
indudablemente,4,14,no
inermes,4,7,no
inesperados,4,11,no
inestables,4,10,no
infanzona,4,9,no
influenció,4,10,no
influir,4,7,no
infrarroja,4,10,no
infrecuente,4,11,no
infusión,4,8,no
ingresando,4,10,no
inhibe,4,6,no
iniciando,4,9,no
inmediatos,4,10,no
inmerso,4,7,no
inmobiliaria,4,12,no
inmortalidad,4,12,no
inmuebles,4,9,no
inmunitario,4,11,no
innata,4,6,no
inseguro,4,8,no
instalados,4,10,no
instalar,4,8,no
instalarse,4,10,no
institut,4,8,no
instruido,4,9,no
instrumentación,4,15,no
insultar,4,8,no
insulte,4,7,no
integradas,4,10,no
interactivos,4,12,no
interfiriendo,4,13,no
interiormente,4,13,no
interpretados,4,13,no
interpuso,4,9,no
interrumpida,4,12,no
intersecciones,4,14,no
intravenosa,4,11,no
introducen,4,10,no
intuitivo,4,9,no
inundados,4,9,no
invenciones,4,11,no
inventar,4,8,no
invernadero,4,11,no
inverosímil,4,11,no
inversores,4,10,no
invertido,4,9,no
invitaría,4,9,no
involucrar,4,10,no
iraquíes,4,8,no
irina,4,5,no
irma,4,4,no
irving,4,6,no
irónico,4,7,no
isabelle,4,8,no
isótopos,4,8,no
itinerante,4,10,no
itinerario,4,10,no
izamos,4,6,no
jacqueline,4,10,no
jaffa,4,5,no
jakob,4,5,no
jana,4,4,no
jarl,4,4,no
jeanette,4,8,no
jefa,4,4,no
jeffrey,4,7,no
jing,4,4,no
johns,4,5,no
jong,4,4,no
joo,4,3,no
judeo,4,5,no
juliette,4,8,no
junction,4,8,no
jungla,4,6,no
jurados,4,7,no
juristas,4,8,no
juró,4,4,no
justificar,4,10,no
kama,4,4,no
karina,4,6,no
kathryn,4,7,no
katy,4,4,no
keisuke,4,7,no
keller,4,6,no
kelvin,4,6,no
kerry,4,5,no
kick,4,4,no
kioto,4,5,no
kirby,4,5,no
klaus,4,5,no
kobayashi,4,9,no
krasnodar,4,9,no
kris,4,4,no
kristen,4,7,no
krupp,4,5,no
kubán,4,5,no
kyushu,4,6,no
labradores,4,10,no
ladies,4,6,no
lamento,4,7,no
lancaster,4,9,no
lao,4,3,no
lastre,4,6,no
lata,4,4,no
laureada,4,8,no
laurence,4,8,no
lautaro,4,7,no
lavadoras,4,9,no
lavalleja,4,9,no
lavo,4,4,no
lawson,4,6,no
laúd,4,4,no
lechera,4,7,no
lechuga,4,7,no
ledesma,4,7,no
legendarios,4,11,no
legiones,4,8,no
legislativas,4,12,no
legislativos,4,12,no
leguía,4,6,no
leiden,4,6,no
lentos,4,6,no
letona,4,6,no
letrinas,4,8,no
levantamientos,4,14,no
levantan,4,8,no
lex,4,3,no
leyeron,4,7,no
leópolis,4,8,no
libertarios,4,11,no
liberty,4,7,no
libras,4,6,no
licenciarse,4,11,no
lidiar,4,6,no
lie,4,3,no
liebres,4,7,no
ligadas,4,7,no
lightning,4,9,no
lil,4,3,no
liliana,4,7,no
limitar,4,7,no
linajuda,4,8,no
lindar,4,6,no
lindo,4,5,no
lingüísticas,4,12,no
lisiados,4,8,no
literaturas,4,11,no
litúrgicos,4,10,no
liubliana,4,9,no
living,4,6,no
livio,4,5,no
llamativas,4,10,no
llames,4,6,no
llevara,4,7,no
llevarme,4,8,no
llorosa,4,7,no
llovido,4,7,no
lluís,4,5,no
locomotora,4,10,no
logotipos,4,9,no
lograda,4,7,no
lombardo,4,8,no
lombardía,4,9,no
longitudinal,4,12,no
lora,4,4,no
loto,4,4,no
lotus,4,5,no
louisiana,4,9,no
luceros,4,7,no
lugano,4,6,no
lujosos,4,7,no
lumbreras,4,9,no
luminoso,4,8,no
luminosos,4,9,no
lund,4,4,no
luterano,4,8,no
luto,4,4,no
láctea,4,6,no
lánguidos,4,9,no
lápida,4,6,no
látigo,4,6,no
líricos,4,7,no
lívidos,4,7,no
lübeck,4,6,no
macarena,4,8,no
machismo,4,8,no
madariaga,4,9,no
maderos,4,7,no
madrigal,4,8,no
madrigueras,4,11,no
maestrías,4,9,no
mafioso,4,7,no
magenta,4,7,no
magistratura,4,12,no
mail,4,4,no
maipo,4,5,no
maite,4,5,no
majo,4,4,no
maldita,4,7,no
maldivas,4,8,no
malinas,4,7,no
malvado,4,7,no
mancho,4,6,no
mandaron,4,8,no
mandatos,4,8,no
mande,4,5,no
mandioca,4,8,no
manejada,4,8,no
manifiestan,4,11,no
manoseando,4,10,no
mansiones,4,9,no
mantenemos,4,10,no
mantenerlo,4,10,no
mantenga,4,8,no
manzanares,4,10,no
manzanillo,4,10,no
manzano,4,7,no
maratones,4,9,no
maravillas,4,10,no
maravilloso,4,11,no
marcadamente,4,12,no
marcaría,4,8,no
marchaos,4,8,no
marciano,4,8,no
mareas,4,6,no
mariachi,4,8,no
marian,4,6,no
marion,4,6,no
marne,4,5,no
martino,4,7,no
martins,4,7,no
martorell,4,9,no
marxismo,4,8,no
masacrados,4,10,no
masaya,4,6,no
matador,4,7,no
matrimonial,4,11,no
maud,4,4,no
mayonesa,4,8,no
mayoritario,4,11,no
mazatlán,4,8,no
maña,4,4,no
mccarthy,4,8,no
mcdonald,4,8,no
mckay,4,5,no
mear,4,4,no
medial,4,6,no
mediocre,4,8,no
meditación,4,10,no
meditarlo,4,9,no
megan,4,5,no
mejilla,4,7,no
mejoran,4,7,no
mejoría,4,7,no
mellizos,4,8,no
mendes,4,6,no
mercadeo,4,8,no
mercante,4,8,no
metacritic,4,10,no
metalurgia,4,10,no
metas,4,5,no
meteorológicas,4,14,no
meteorológicos,4,14,no
meterte,4,7,no
meto,4,4,no
metrópolis,4,10,no
mexico,4,6,no
michele,4,7,no
microbiología,4,13,no
midland,4,7,no
miki,4,4,no
miley,4,5,no
millonario,4,10,no
minarete,4,8,no
miniatura,4,9,no
minimalista,4,11,no
minsk,4,5,no
mitológica,4,10,no
mitológicas,4,11,no
moctezuma,4,9,no
modales,4,7,no
modelar,4,7,no
modificados,4,11,no
mohammed,4,8,no
mola,4,4,no
molestan,4,8,no
momia,4,5,no
money,4,5,no
monitoreo,4,9,no
monsters,4,8,no
monstruosa,4,10,no
monstruoso,4,10,no
montadas,4,8,no
montano,4,7,no
monto,4,5,no
monzones,4,8,no
monzónico,4,9,no
monárquica,4,10,no
moquegua,4,8,no
morcillas,4,9,no
mordaz,4,6,no
moriarty,4,8,no
mort,4,4,no
motel,4,5,no
motetes,4,7,no
motivados,4,9,no
motoras,4,7,no
movida,4,6,no
movistar,4,8,no
muchacha,4,8,no
muchedumbre,4,11,no
muecas,4,6,no
mueran,4,6,no
muerdan,4,7,no
mulas,4,5,no
mumbai,4,6,no
munich,4,6,no
munster,4,7,no
murillo,4,7,no
musculares,4,10,no
musita,4,6,no
muslos,4,6,no
mustafa,4,7,no
mutaciones,4,10,no
mírate,4,6,no
módena,4,6,no
nacimientos,4,11,no
nailon,4,6,no
nakamura,4,8,no
nankín,4,6,no
nantes,4,6,no
narea,4,5,no
nasr,4,4,no
nat,4,3,no
navaja,4,6,no
navarrete,4,9,no
navas,4,5,no
navegadores,4,11,no
navegantes,4,10,no
navy,4,4,no
necesitaron,4,11,no
necesitó,4,8,no
nellie,4,6,no
neutrinos,4,9,no
neutro,4,6,no
neutrones,4,9,no
nicosia,4,7,no
niegas,4,6,no
nigel,4,5,no
nissan,4,6,no
nogales,4,7,no
nolasco,4,7,no
nombradas,4,9,no
nord,4,4,no
noriega,4,7,no
normativas,4,10,no
noroccidental,4,13,no
notaba,4,6,no
notoria,4,7,no
notoriamente,4,12,no
novedoso,4,8,no
novel,4,5,no
novicia,4,7,no
nublados,4,8,no
numen,4,5,no
numeración,4,10,no
nunavut,4,7,no
néctar,4,6,no
oasis,4,5,no
objeciones,4,10,no
observada,4,9,no
observadas,4,10,no
observatorios,4,13,no
obstrucción,4,11,no
oca,4,3,no
ocaso,4,5,no
oceánica,4,8,no
ocres,4,5,no
ofendas,4,7,no
ofender,4,7,no
ofrecidos,4,9,no
ofreciendo,4,10,no
oldman,4,6,no
olfato,4,6,no
oliveira,4,8,no
olvidaba,4,8,no
olvidando,4,9,no
olvidaremos,4,11,no
olympia,4,7,no
ono,4,3,no
oponerse,4,8,no
oportuno,4,8,no
optan,4,5,no
optar,4,5,no
optaron,4,7,no
ordenadas,4,9,no
ordenando,4,9,no
ordeno,4,6,no
orfeo,4,5,no
organice,4,8,no
organizarse,4,11,no
orgasmo,4,7,no
originaron,4,10,no
orinoco,4,7,no
orsay,4,5,no
oráculo,4,7,no
osiris,4,6,no
ovíparos,4,8,no
pachá,4,5,no
pack,4,4,no
padecido,4,8,no
padrazo,4,7,no
padrón,4,6,no
pagada,4,6,no
pagador,4,7,no
pagarle,4,7,no
pagará,4,6,no
paige,4,5,no
palace,4,6,no
palatino,4,8,no
paleontología,4,13,no
paleártica,4,10,no
palio,4,5,no
palmadas,4,8,no
palomar,4,7,no
palpitantes,4,11,no
panadero,4,8,no
panorámicas,4,11,no
pantaleón,4,9,no
paolo,4,5,no
papado,4,6,no
papaya,4,6,no
paracaidistas,4,13,no
paraguas,4,8,no
paramentos,4,10,no
parental,4,8,no
parish,4,6,no
parking,4,7,no
partenón,4,8,no
participaría,4,12,no
parámetro,4,9,no
pascuas,4,7,no
pastorales,4,10,no
pasábame,4,8,no
pataleo,4,7,no
patriarcal,4,10,no
patrimonial,4,11,no
patrocinada,4,11,no
pausa,4,5,no
pavimentada,4,11,no
pay,4,3,no
paño,4,4,no
pecador,4,7,no
pechugas,4,8,no
pecíolos,4,8,no
pedagógica,4,10,no
pediatría,4,9,no
pedidos,4,7,no
pedúnculos,4,10,no
pegaso,4,6,no
peludos,4,7,no
penalti,4,7,no
penguin,4,7,no
penn,4,4,no
pensada,4,7,no
peones,4,6,no
pepa,4,4,no
pera,4,4,no
percutor,4,8,no
perderme,4,8,no
perdiese,4,8,no
perece,4,6,no
pereyra,4,7,no
pereza,4,6,no
perezosamente,4,13,no
perfumada,4,9,no
perfumes,4,8,no
periplo,4,7,no
permanecerá,4,11,no
permanecería,4,12,no
permaneciendo,4,13,no
peronismo,4,9,no
perrito,4,7,no
persiguieron,4,12,no
personalización,4,15,no
pertenencia,4,11,no
pesa,4,4,no
pesares,4,7,no
pescara,4,7,no
peters,4,6,no
petrarca,4,8,no
pets,4,4,no
petty,4,5,no
pezones,4,7,no
peñascos,4,8,no
philadelphia,4,12,no
phoebe,4,6,no
photo,4,5,no
piazza,4,6,no
picadero,4,8,no
picaduras,4,9,no
pichincha,4,9,no
piden,4,5,no
pierdes,4,7,no
pilla,4,5,no
pinacoteca,4,10,no
pinceladas,4,10,no
pinchazos,4,9,no
pinochet,4,8,no
pintoresca,4,10,no
pintos,4,6,no
pináculos,4,9,no
pireo,4,5,no
pisadas,4,7,no
pisado,4,6,no
pitufo,4,6,no
pizzas,4,6,no
plagada,4,7,no
planeaba,4,8,no
planet,4,6,no
plantean,4,8,no
platillo,4,8,no
plató,4,5,no
playero,4,7,no
playoff,4,7,no
plazoleta,4,9,no
pliegues,4,8,no
pobrecita,4,9,no
poitiers,4,8,no
policromada,4,11,no
polivalente,4,11,no
pope,4,4,no
porras,4,6,no
porteros,4,8,no
portátiles,4,10,no
poseído,4,7,no
postguerra,4,10,no
potros,4,6,no
pradera,4,7,no
preciosos,4,9,no
precisas,4,8,no
precisos,4,8,no
precoces,4,8,no
preferida,4,9,no
prefieres,4,9,no
pregrado,4,8,no
prelatura,4,9,no
premiación,4,10,no
prendiendo,4,10,no
prendí,4,6,no
preocuparse,4,11,no
prepararon,4,10,no
presenciar,4,10,no
presentadas,4,11,no
presentándose,4,13,no
preservado,4,10,no
presidio,4,8,no
prestigiosas,4,12,no
pretexto,4,8,no
pretoria,4,8,no
prevaleció,4,10,no
preventiva,4,10,no
prever,4,6,no
preveía,4,7,no
primates,4,8,no
priorato,4,8,no
prismáticos,4,11,no
privilegiada,4,12,no
prix,4,4,no
probarlo,4,8,no
problemáticas,4,13,no
proclamada,4,10,no
proclamado,4,10,no
procónsul,4,9,no
produciría,4,10,no
profe,4,5,no
profilaxis,4,10,no
profusamente,4,12,no
progresa,4,8,no
progresar,4,9,no
prolongará,4,10,no
prometedora,4,11,no
propagó,4,7,no
propicia,4,8,no
propuestos,4,10,no
prosperaron,4,11,no
prostituta,4,10,no
proto,4,5,no
protones,4,8,no
proveer,4,7,no
provenza,4,8,no
providence,4,10,no
próspera,4,8,no
pseudo,4,6,no
psicológicas,4,12,no
psicomotor,4,10,no
pulgar,4,6,no
pumas,4,5,no
puntarenas,4,10,no
purito,4,6,no
pus,4,3,no
pálidas,4,7,no
pálidos,4,7,no
pásalo,4,6,no
pólipos,4,7,no
quedarán,4,8,no
quedándose,4,10,no
quemadas,4,8,no
quemar,4,6,no
quererte,4,8,no
querrás,4,7,no
quesada,4,7,no
quimérica,4,9,no
quincy,4,6,no
quirós,4,6,no
quirúrgico,4,10,no
quitado,4,7,no
quitarme,4,8,no
quite,4,5,no
quiñones,4,8,no
quo,4,3,no
racha,4,5,no
radioterapia,4,12,no
rafa,4,4,no
ramales,4,7,no
ramo,4,4,no
ramon,4,5,no
rampa,4,5,no
rampas,4,6,no
rams,4,4,no
ramsay,4,6,no
rasques,4,7,no
rastrero,4,8,no
ratificado,4,10,no
rawson,4,6,no
razonamiento,4,12,no
razonar,4,7,no
realizador,4,10,no
realizarlo,4,10,no
reanudó,4,7,no
recado,4,6,no
recamado,4,8,no
rechazan,4,8,no
recibiría,4,9,no
recio,4,5,no
reclamaba,4,9,no
reclutar,4,8,no
recogía,4,7,no
recolectores,4,12,no
recomiendan,4,11,no
reconcilian,4,11,no
reconocía,4,9,no
recordaba,4,9,no
recordadas,4,10,no
recreación,4,10,no
recrear,4,7,no
recreativos,4,11,no
recrees,4,7,no
recubiertas,4,11,no
redactado,4,9,no
reducirse,4,9,no
reeditado,4,9,no
reemplaza,4,9,no
refirió,4,7,no
reflejado,4,9,no
reflejar,4,8,no
reformada,4,9,no
reformar,4,8,no
reforzadas,4,10,no
refuerza,4,8,no
refugiaba,4,9,no
regalar,4,7,no
regalarle,4,9,no
regido,4,6,no
regresiva,4,9,no
regulada,4,8,no
rehúsa,4,6,no
reinaba,4,7,no
reinaldo,4,8,no
rejas,4,5,no
relajación,4,10,no
relajado,4,8,no
relajarse,4,9,no
religiosidad,4,12,no
rellenos,4,8,no
remaba,4,6,no
remake,4,6,no
remates,4,7,no
remezcla,4,8,no
reminiscencias,4,14,no
remonte,4,7,no
remueven,4,8,no
renacer,4,7,no
renato,4,6,no
rendijas,4,8,no
rennes,4,6,no
rentas,4,6,no
reo,4,3,no
reorganización,4,14,no
repararon,4,9,no
repeticiones,4,12,no
repetí,4,6,no
reportaje,4,9,no
represa,4,7,no
representaron,4,13,no
representarse,4,13,no
reproducido,4,11,no
reproducir,4,10,no
reproductiva,4,12,no
repuso,4,6,no
reputado,4,8,no
requerían,4,9,no
requirió,4,8,no
resbala,4,7,no
rescatada,4,9,no
reservó,4,7,no
resfriado,4,9,no
resolví,4,7,no
resonancia,4,10,no
resorte,4,7,no
respondían,4,10,no
resta,4,5,no
restaura,4,8,no
restaurados,4,11,no
resultaba,4,9,no
retornaron,4,10,no
retuvo,4,6,no
revestimiento,4,13,no
revivir,4,7,no
rezaba,4,6,no
rezaban,4,7,no
rezar,4,5,no
reñidor,4,7,no
reñidos,4,7,no
rhodes,4,6,no
ribeiro,4,7,no
ribes,4,5,no
ribetes,4,7,no
rider,4,5,no
ridley,4,6,no
riemann,4,7,no
riguroso,4,8,no
rima,4,4,no
rizado,4,6,no
rió,4,3,no
rober,4,5,no
robustos,4,8,no
robó,4,4,no
roche,4,5,no
rockefeller,4,11,no
rod,4,3,no
rodeadas,4,8,no
rogando,4,7,no
rogelio,4,7,no
roman,4,5,no
romney,4,6,no
rompehielos,4,11,no
románticas,4,10,no
rondar,4,6,no
rosarios,4,8,no
rosellón,4,8,no
rosetón,4,7,no
rotary,4,6,no
roxana,4,6,no
rozado,4,6,no
rubias,4,6,no
rubin,4,5,no
rubios,4,6,no
ruidoso,4,7,no
ruinoso,4,7,no
rumble,4,6,no
russo,4,5,no
rutherford,4,10,no
ryukyu,4,6,no
ryū,4,3,no
ródano,4,6,no
rústica,4,7,no
sabah,4,5,no
sabroso,4,7,no
sabrá,4,5,no
saharaui,4,8,no
sailor,4,6,no
sakura,4,6,no
salarios,4,8,no
salchichas,4,10,no
salinidad,4,9,no
salmuera,4,8,no
saltaba,4,7,no
saltaban,4,8,no
salteadores,4,11,no
saludables,4,10,no
saludaron,4,9,no
salvarme,4,8,no
samba,4,5,no
samson,4,6,no
sancionado,4,10,no
sangrienta,4,10,no
sanguínea,4,9,no
sanguíneo,4,9,no
sanguíneos,4,10,no
santuarios,4,10,no
sapo,4,4,no
saques,4,6,no
sarawak,4,7,no
saxo,4,4,no
scarlett,4,8,no
schumann,4,8,no
sciences,4,8,no
scooby,4,6,no
scudetto,4,8,no
sect,4,4,no
secuestrados,4,12,no
sega,4,4,no
seguid,4,6,no
seguras,4,7,no
selectivo,4,9,no
sellado,4,7,no
seller,4,6,no
selyúcidas,4,10,no
semíticas,4,9,no
sentar,4,6,no
sentarse,4,8,no
senté,4,5,no
sepulcros,4,9,no
sepulturas,4,10,no
sepúlveda,4,9,no
serenata,4,8,no
seriedad,4,8,no
serlo,4,5,no
serrat,4,6,no
servirla,4,8,no
servirle,4,8,no
seth,4,4,no
sevillana,4,9,no
señaladas,4,9,no
señorial,4,8,no
señoriales,4,10,no
sherman,4,7,no
shirley,4,7,no
short,4,5,no
sia,4,3,no
siciliano,4,9,no
sid,4,3,no
sida,4,4,no
sien,4,4,no
silent,4,6,no
silicato,4,8,no
sillarejo,4,9,no
silvana,4,7,no
sima,4,4,no
simbólicas,4,10,no
simbólicos,4,10,no
simeón,4,6,no
simposios,4,9,no
simpsons,4,8,no
simpáticos,4,10,no
simultánea,4,10,no
sinatra,4,7,no
sincronizada,4,12,no
singapore,4,9,no
sinsonte,4,8,no
sintaxis,4,8,no
situaban,4,8,no
situarse,4,8,no
situó,4,5,no
slam,4,4,no
slater,4,6,no
sobra,4,5,no
sobraría,4,8,no
sobrenaturales,4,14,no
sobresalientes,4,14,no
sobresalto,4,10,no
sobrevino,4,9,no
sobreviviente,4,13,no
sois,4,4,no
solana,4,6,no
solicitado,4,10,no
solidario,4,9,no
solistas,4,8,no
sollozante,4,10,no
somete,4,6,no
sonaba,4,6,no
soneto,4,6,no
soporto,4,7,no
soundtrack,4,10,no
sox,4,3,no
speed,4,5,no
spotify,4,7,no
spring,4,6,no
srta,4,4,no
staff,4,5,no
stmo,4,4,no
stoner,4,6,no
stop,4,4,no
streaming,4,9,no
subastas,4,8,no
subcomarca,4,10,no
subdirector,4,11,no
subdivisiones,4,13,no
subordinada,4,11,no
subsuelo,4,8,no
suburbios,4,9,no
suculentas,4,10,no
sucursal,4,8,no
suegros,4,7,no
sufijos,4,7,no
sugar,4,5,no
sugirieron,4,10,no
sumado,4,6,no
sumando,4,7,no
sumar,4,5,no
sumerge,4,7,no
sumergida,4,9,no
sumergidas,4,10,no
sumergió,4,8,no
sumo,4,4,no
superada,4,8,no
superhéroe,4,10,no
supernova,4,9,no
supervisó,4,9,no
suplentes,4,9,no
suplicio,4,8,no
suponer,4,7,no
supremacía,4,10,no
surco,4,5,no
sureño,4,6,no
surgía,4,6,no
surrealismo,4,11,no
surrey,4,6,no
susceptibles,4,12,no
sustantivo,4,10,no
sutilezas,4,9,no
sutton,4,6,no
swift,4,5,no
sátiro,4,6,no
súbita,4,6,no
tablada,4,7,no
tagle,4,5,no
tahúres,4,7,no
take,4,4,no
takuya,4,6,no
talas,4,5,no
talladas,4,8,no
tampa,4,5,no
tao,4,3,no
tarada,4,6,no
tarazona,4,8,no
tardaría,4,8,no
tarento,4,7,no
tarik,4,5,no
tasca,4,5,no
taurina,4,7,no
taxones,4,7,no
techno,4,6,no
techumbres,4,10,no
teclista,4,8,no
tejada,4,6,no
telecomunicaciones,4,18,no
teleserie,4,9,no
televisada,4,10,no
telurio,4,7,no
temblores,4,9,no
temer,4,5,no
temperamento,4,12,no
tempestad,4,9,no
tempestades,4,11,no
tensa,4,5,no
tensas,4,6,no
teodorico,4,9,no
terciopelo,4,10,no
terco,4,5,no
terminados,4,10,no
terminara,4,9,no
termino,4,7,no
ternero,4,7,no
terrateniente,4,13,no
tesla,4,5,no
testículos,4,10,no
textual,4,7,no
teólogos,4,8,no
thorne,4,6,no
through,4,7,no
thyssen,4,7,no
tierna,4,6,no
tierno,4,6,no
tiffany,4,7,no
tigers,4,6,no
tin,4,3,no
tintes,4,6,no
tipa,4,4,no
tiroteos,4,8,no
tita,4,4,no
titanes,4,7,no
titanic,4,7,no
toalla,4,6,no
toba,4,4,no
tocará,4,6,no
todoterreno,4,11,no
toledana,4,8,no
tolerar,4,7,no
tomillo,4,7,no
toni,4,4,no
toparnos,4,8,no
topónimos,4,9,no
tornado,4,7,no
torrente,4,8,no
torrentes,4,9,no
torturada,4,9,no
torturas,4,8,no
tosca,4,5,no
totales,4,7,no
trabajas,4,8,no
trade,4,5,no
traductora,4,10,no
transacciones,4,13,no
transbordador,4,13,no
transcripción,4,13,no
transformarse,4,13,no
transmitidos,4,12,no
transmitía,4,10,no
transpondedor,4,13,no
transportando,4,13,no
trapezoidal,4,11,no
traspaso,4,8,no
tratóse,4,7,no
trazos,4,6,no
trenzado,4,8,no
trepar,4,6,no
trescientas,4,11,no
trilla,4,6,no
triunfar,4,8,no
tromsø,4,6,no
tronos,4,6,no
troten,4,6,no
trozo,4,5,no
truncada,4,8,no
tucson,4,6,no
tunicela,4,8,no
turcas,4,6,no
turing,4,6,no
turingia,4,8,no
tuteaba,4,7,no
tuvieran,4,8,no
tuyas,4,5,no
twin,4,4,no
tyne,4,4,no
tyrion,4,6,no
tyson,4,5,no
tándem,4,6,no
tápate,4,6,no
ténganse,4,8,no
tónico,4,6,no
túnicas,4,7,no
ucranianos,4,10,no
ulloa,4,5,no
ultimate,4,8,no
ultimo,4,6,no
unamuno,4,7,no
uniformidad,4,11,no
uniones,4,7,no
urbanizaciones,4,14,no
urbanístico,4,11,no
urgente,4,7,no
ushuaia,4,7,no
usándose,4,8,no
vacíos,4,6,no
vais,4,4,no
valerio,4,7,no
vals,4,4,no
varar,4,5,no
varió,4,5,no
vasallo,4,7,no
vasija,4,6,no
vastedad,4,8,no
vele,4,4,no
vella,4,5,no
velásquez,4,9,no
vencen,4,6,no
vendían,4,7,no
venegas,4,7,no
venerable,4,9,no
venerados,4,9,no
venom,4,5,no
ventilador,4,10,no
verbena,4,7,no
verja,4,5,no
versatilidad,4,12,no
vería,4,5,no
verónica,4,8,no
vespasiano,4,10,no
vestidura,4,9,no
veían,4,5,no
vicepresidencia,4,15,no
vickers,4,7,no
victorino,4,9,no
videla,4,6,no
vidrieras,4,9,no
vierte,4,6,no
vietnamitas,4,11,no
vilna,4,5,no
viscoso,4,7,no
visitarla,4,9,no
visitaron,4,9,no
visitarse,4,9,no
vitamina,4,8,no
vitrales,4,8,no
vivamos,4,7,no
vivaz,4,5,no
vivencias,4,9,no
vives,4,5,no
viñedo,4,6,no
volvemos,4,8,no
volverían,4,9,no
volvieran,4,9,no
voló,4,4,no
vosotros,4,8,no
votaron,4,7,no
vuelco,4,6,no
vuestras,4,8,no
vulgarmente,4,11,no
vándalos,4,8,no
was,4,3,no
wehrmacht,4,9,no
wendy,4,5,no
westerns,4,8,no
wheeler,4,7,no
wide,4,4,no
wilfred,4,7,no
wolverine,4,9,no
won,4,3,no
xbox,4,4,no
yamaha,4,6,no
yoruba,4,6,no
yoshida,4,7,no
yunnan,4,6,no
zaguero,4,7,no
zambrano,4,8,no
zamudio,4,7,no
zapatistas,4,10,no
zappa,4,5,no
zarzuelas,4,9,no
zombie,4,6,no
zárate,4,6,no
ámbar,4,5,no
ébola,4,5,no
éxitos,4,6,no
úrsula,4,6,no
abarcar,3,7,no
abogó,3,5,no
aborrecer,3,9,no
aborrecidas,3,11,no
abovedada,3,9,no
abrazarme,3,9,no
abreviada,3,9,no
abrigarse,3,9,no
abrigos,3,7,no
abrióse,3,7,no
abruptos,3,8,no
abrí,3,4,no
absolverme,3,10,no
absorber,3,8,no
abstractas,3,10,no
acabarás,3,8,no
acatando,3,8,no
accidental,3,10,no
aceitunita,3,10,no
acentos,3,7,no
acertar,3,7,no
acervo,3,6,no
acidosis,3,8,no
acogido,3,7,no
acojonante,3,10,no
acomodado,3,9,no
acomodar,3,8,no
acoplamientos,3,13,no
acorazado,3,9,no
acordes,3,7,no
acosaban,3,8,no
acostumbran,3,11,no
acostumbrando,3,13,no
acrobacias,3,10,no
active,3,6,no
acuesta,3,7,no
acumulan,3,8,no
acumuló,3,7,no
acuosidad,3,9,no
acuñadas,3,8,no
acúmulo,3,7,no
adecentan,3,9,no
adecuadas,3,9,no
adelantaban,3,11,no
adivina,3,7,no
adjunta,3,7,no
adjuntos,3,8,no
administraba,3,12,no
administraciones,3,16,no
administradores,3,15,no
administrativamente,3,19,no
admira,3,6,no
admitida,3,8,no
admitidos,3,9,no
adormecían,3,10,no
advertí,3,7,no
aeronáutico,3,11,no
aeroplanos,3,10,no
afable,3,6,no
afecciones,3,10,no
afeito,3,6,no
aficiones,3,9,no
afilió,3,6,no
afirmé,3,6,no
aflora,3,6,no
aforo,3,5,no
agarraban,3,9,no
agarrarme,3,9,no
agarre,3,6,no
agatha,3,6,no
agitado,3,7,no
agitarse,3,8,no
agobiando,3,9,no
agotados,3,8,no
agradables,3,10,no
agradecido,3,10,no
agrado,3,6,no
agregados,3,9,no
agresiva,3,8,no
aguanto,3,7,no
ahogó,3,5,no
ahorrad,3,7,no
ahorras,3,7,no
ahumada,3,7,no
aislante,3,8,no
ajustado,3,8,no
ajustados,3,9,no
ajustan,3,7,no
ajustes,3,7,no
alada,3,5,no
alargar,3,7,no
alaridos,3,8,no
alberdi,3,7,no
alborotando,3,11,no
albur,3,5,no
alcanzada,3,9,no
alcoy,3,5,no
aleatoria,3,9,no
aleatorios,3,10,no
alec,3,4,no
alegrarme,3,9,no
alegremente,3,11,no
alejaba,3,7,no
alejaos,3,7,no
alejaré,3,7,no
aleksandr,3,9,no
alem,3,4,no
alerces,3,7,no
alergia,3,7,no
alfaguara,3,9,no
alfalfa,3,7,no
alfil,3,5,no
alfonsín,3,8,no
alienígenas,3,11,no
alimentaba,3,10,no
alimentaban,3,11,no
alimentario,3,11,no
alineado,3,8,no
allah,3,5,no
almacena,3,8,no
almacenada,3,10,no
almazán,3,7,no
almizcle,3,8,no
alojamientos,3,12,no
alquería,3,8,no
alquilarán,3,10,no
alsina,3,6,no
altamira,3,8,no
altamirano,3,10,no
alternada,3,9,no
altman,3,6,no
alumnado,3,8,no
aluvial,3,7,no
aluviales,3,9,no
alzamos,3,7,no
alzan,3,5,no
alzóse,3,6,no
amaia,3,5,no
amapola,3,7,no
amarse,3,6,no
ambato,3,6,no
ambiciones,3,10,no
ambienta,3,8,no
amenazador,3,10,no
amenazándome,3,12,no
amenazó,3,7,no
ami,3,3,no
amitos,3,6,no
amonio,3,6,no
amorfo,3,6,no
ampliaciones,3,12,no
ampliaron,3,9,no
amplificador,3,12,no
amó,3,3,no
analizarlo,3,10,no
analógicos,3,10,no
anaranjada,3,10,no
anclan,3,6,no
andadura,3,8,no
anders,3,6,no
andersen,3,8,no
anduvimos,3,9,no
angie,3,5,no
anglosajona,3,11,no
anguilas,3,8,no
angulema,3,8,no
angulo,3,6,no
angus,3,5,no
anidar,3,6,no
animaciones,3,11,no
animadas,3,8,no
aniquilación,3,12,no
ankara,3,6,no
anomalías,3,9,no
anotado,3,7,no
anotados,3,8,no
antagonistas,3,12,no
antecesores,3,11,no
antemano,3,8,no
antenor,3,7,no
anteproyecto,3,12,no
anthology,3,9,no
anticiclón,3,10,no
anticipa,3,8,no
anticipada,3,10,no
anticipadas,3,11,no
antimonio,3,9,no
antioqueño,3,10,no
antojico,3,8,no
antídoto,3,8,no
antíoco,3,7,no
anubis,3,6,no
anunciabas,3,10,no
análoga,3,7,no
apacible,3,8,no
aparcar,3,7,no
aparecería,3,10,no
apartada,3,8,no
apartaron,3,9,no
apartheid,3,9,no
apasionó,3,8,no
apelaciones,3,11,no
apetito,3,7,no
apoderó,3,7,no
aprenden,3,8,no
aprendidas,3,10,no
aprendieron,3,11,no
aprendiste,3,10,no
apresuradamente,3,15,no
april,3,5,no
aprobarás,3,9,no
apropiadamente,3,14,no
aprovecharon,3,12,no
aproximaremos,3,13,no
apuesto,3,7,no
apuntes,3,7,no
apure,3,5,no
apuñalado,3,9,no
apártate,3,8,no
apártese,3,8,no
aqua,3,4,no
aquagym,3,7,no
aramburu,3,8,no
aranda,3,6,no
arauco,3,6,no
arbor,3,5,no
arboreto,3,8,no
arbustivo,3,9,no
arbóreas,3,8,no
arcada,3,6,no
arcadas,3,7,no
arcanas,3,7,no
archer,3,6,no
argamasa,3,8,no
aries,3,5,no
arilo,3,5,no
aristocrática,3,13,no
arjona,3,6,no
arlington,3,9,no
armagh,3,6,no
armazón,3,7,no
armonías,3,8,no
arms,3,4,no
army,3,4,no
aromada,3,7,no
arquitectónicas,3,15,no
arraigado,3,9,no
arrancada,3,9,no
arrancar,3,8,no
arrancarme,3,10,no
arrastrado,3,10,no
arreemos,3,8,no
arregladas,3,10,no
arregle,3,7,no
arregló,3,7,no
arrendado,3,9,no
arrepentir,3,10,no
arribaron,3,9,no
arriesga,3,8,no
arriesgaba,3,10,no
arruinado,3,9,no
articular,3,9,no
aru,3,3,no
arzobispal,3,10,no
aráoz,3,5,no
asaltó,3,6,no
ascendieron,3,11,no
asechanzas,3,10,no
asedios,3,7,no
aseguraba,3,9,no
asentados,3,9,no
aserradero,3,10,no
asesinan,3,8,no
asesinarlo,3,10,no
asheville,3,9,no
asi,3,3,no
asiduamente,3,11,no
asimilar,3,8,no
asirios,3,7,no
asirlo,3,6,no
asiáticas,3,9,no
asociarse,3,9,no
asombrosa,3,9,no
asombroso,3,9,no
aspilleras,3,10,no
aspiraba,3,8,no
aspiradora,3,10,no
aspiro,3,6,no
asquerosa,3,9,no
astilla,3,7,no
astoria,3,7,no
astrología,3,10,no
astronauta,3,10,no
astronómico,3,11,no
astronómicos,3,12,no
asturianos,3,10,no
asumida,3,7,no
atacama,3,7,no
atajo,3,5,no
atar,3,4,no
atascado,3,8,no
atascos,3,7,no
ataviadas,3,9,no
atendida,3,8,no
atendidos,3,9,no
atenienses,3,10,no
atentados,3,9,no
aterriza,3,8,no
aterrizó,3,8,no
atienden,3,8,no
atiendo,3,7,no
atrapaste,3,9,no
atravesando,3,11,no
atraída,3,7,no
atreves,3,7,no
atribución,3,10,no
atún,3,4,no
audi,3,4,no
auditorios,3,10,no
auguste,3,7,no
augustine,3,9,no
aulladora,3,9,no
aumentaban,3,10,no
auriculares,3,11,no
auspicios,3,9,no
austríacos,3,10,no
autobiografía,3,13,no
autocar,3,7,no
autografiado,3,12,no
autonómicas,3,11,no
autonómico,3,10,no
autorizados,3,11,no
autorretrato,3,12,no
auxiliadora,3,11,no
auxilios,3,8,no
avant,3,5,no
avaro,3,5,no
avellanado,3,10,no
avisos,3,6,no
aviva,3,5,no
avizorado,3,9,no
avril,3,5,no
avícola,3,7,no
aya,3,3,no
aziz,3,4,no
azulados,3,8,no
aéreos,3,6,no
añada,3,5,no
baba,3,4,no
babor,3,5,no
badr,3,4,no
bahías,3,6,no
bailado,3,7,no
bailo,3,5,no
bailó,3,5,no
baird,3,5,no
bajarle,3,7,no
bajarán,3,7,no
balanza,3,7,no
ballesteros,3,11,no
ballets,3,7,no
balnearia,3,9,no
balnearios,3,10,no
banano,3,6,no
banat,3,5,no
bancario,3,8,no
bancas,3,6,no
banfield,3,8,no
banjo,3,5,no
barack,3,6,no
barbacoa,3,8,no
barbaridad,3,10,no
barbero,3,7,no
baroja,3,6,no
baron,3,5,no
barrett,3,7,no
barricada,3,9,no
barridos,3,8,no
barton,3,6,no
basket,3,6,no
basáltica,3,9,no
bat,3,3,no
batea,3,5,no
bateo,3,5,no
bates,3,5,no
bayo,3,4,no
bayoneta,3,8,no
baza,3,4,no
bazar,3,5,no
bañada,3,6,no
bañador,3,7,no
beautiful,3,9,no
bebedizo,3,8,no
becerra,3,7,no
bedoya,3,6,no
beijing,3,7,no
beirut,3,6,no
bellavista,3,10,no
belle,3,5,no
bellotas,3,8,no
belo,3,4,no
bendita,3,7,no
benfica,3,7,no
berberisca,3,10,no
berenguer,3,9,no
berenice,3,8,no
bering,3,6,no
berklee,3,7,no
berlanga,3,8,no
bernal,3,6,no
bernie,3,6,no
berry,3,5,no
bertrand,3,8,no
besa,3,4,no
better,3,6,no
beyond,3,6,no
bianca,3,6,no
bibi,3,4,no
bibliotecario,3,13,no
bicampeonato,3,12,no
bicentenario,3,12,no
bielorruso,3,10,no
bilaterales,3,11,no
biliar,3,6,no
bilingües,3,9,no
billie,3,6,no
bingo,3,5,no
bismarck,3,8,no
bison,3,5,no
bit,3,3,no
bióloga,3,7,no
blade,3,5,no
blair,3,5,no
blanchard,3,9,no
blancuzca,3,9,no
blancuzco,3,9,no
blast,3,5,no
blindaje,3,8,no
block,3,5,no
bloqueado,3,9,no
bloquear,3,8,no
boa,3,3,no
board,3,5,no
boat,3,4,no
bocadillos,3,10,no
bohío,3,5,no
bolero,3,6,no
boleta,3,6,no
bombardero,3,10,no
bombear,3,7,no
bombo,3,5,no
bondadoso,3,9,no
bone,3,4,no
booker,3,6,no
books,3,5,no
boquilla,3,8,no
bordeando,3,9,no
boreales,3,8,no
boro,3,4,no
borromeo,3,8,no
borrosos,3,8,no
borrón,3,6,no
boscosa,3,7,no
bosnios,3,7,no
bosquejo,3,8,no
botafogo,3,8,no
botoncito,3,9,no
bovina,3,6,no
bram,3,4,no
brandeburgo,3,11,no
brandt,3,6,no
brant,3,5,no
bratislava,3,10,no
bray,3,4,no
brescia,3,7,no
breslau,3,7,no
bright,3,6,no
brillaban,3,9,no
brillas,3,7,no
brito,3,5,no
brittany,3,8,no
brooke,3,6,no
brother,3,7,no
brusco,3,6,no
brío,3,4,no
bucle,3,5,no
buddy,3,5,no
bulbosa,3,7,no
buono,3,5,no
burbujas,3,8,no
burdeles,3,8,no
burlescos,3,9,no
burn,3,4,no
burt,3,4,no
buscares,3,8,no
buscaste,3,8,no
buster,3,6,no
byrne,3,5,no
bytes,3,5,no
báez,3,4,no
básquet,3,7,no
bífera,3,6,no
búnker,3,6,no
cabalgaduras,3,12,no
cabalgué,3,8,no
caballar,3,8,no
cabecea,3,7,no
cabeceaban,3,10,no
cabify,3,6,no
cabré,3,5,no
cabía,3,5,no
caciques,3,8,no
cactáceas,3,9,no
cadetes,3,7,no
caducado,3,8,no
caducifolios,3,12,no
caemos,3,6,no
caerás,3,6,no
cafe,3,4,no
cafetera,3,8,no
cagas,3,5,no
caigo,3,5,no
cairns,3,6,no
cajones,3,7,no
calabozo,3,8,no
calahorra,3,9,no
calambrazo,3,10,no
calambres,3,9,no
calcárea,3,8,no
calcáreo,3,8,no
calcé,3,5,no
calero,3,6,no
calgary,3,7,no
califica,3,8,no
calificados,3,11,no
califican,3,9,no
californiana,3,12,no
call,3,4,no
callahan,3,8,no
calleja,3,7,no
callejera,3,9,no
callejero,3,9,no
camargo,3,7,no
camas,3,5,no
cambiada,3,8,no
cambiadas,3,9,no
cambiados,3,9,no
caminamos,3,9,no
campinas,3,8,no
canalla,3,7,no
canarios,3,8,no
cancelados,3,10,no
cancelar,3,8,no
cancillería,3,11,no
cannon,3,6,no
canoas,3,6,no
cantados,3,8,no
cantautores,3,11,no
cape,3,4,no
capella,3,7,no
capellanes,3,10,no
capilar,3,7,no
capitalistas,3,12,no
capitana,3,8,no
capitulación,3,12,no
caprino,3,7,no
captar,3,6,no
capturarlo,3,10,no
car,3,3,no
carabanchel,3,11,no
caracterización,3,15,no
caracterizados,3,14,no
cardan,3,6,no
cardíacos,3,9,no
cargamos,3,8,no
cargué,3,6,no
carmela,3,7,no
carnegie,3,8,no
carpas,3,6,no
carpinterías,3,12,no
carreño,3,7,no
carrito,3,7,no
cartílago,3,9,no
casaca,3,6,no
casals,3,6,no
casquillo,3,9,no
cassandra,3,9,no
cassidy,3,7,no
castañeda,3,9,no
castidad,3,8,no
castigada,3,9,no
castigados,3,10,no
castor,3,6,no
cat,3,3,no
cata,3,4,no
catalanas,3,9,no
catalogadas,3,11,no
catalunya,3,9,no
caudales,3,8,no
caulinares,3,10,no
caupolicán,3,10,no
cautivador,3,10,no
cavalli,3,7,no
cazas,3,5,no
caíale,3,6,no
cea,3,3,no
cegato,3,6,no
celosías,3,8,no
cencerros,3,9,no
censuradas,3,10,no
centradas,3,9,no
centralizado,3,12,no
centurión,3,9,no
cercados,3,8,no
cercenada,3,9,no
cereza,3,6,no
cerrojos,3,8,no
certero,3,7,no
certificada,3,11,no
cestas,3,6,no
champaña,3,8,no
chancay,3,7,no
chance,3,6,no
chaparros,3,9,no
chaparrón,3,9,no
chapoteo,3,8,no
charleston,3,10,no
chartres,3,8,no
charts,3,6,no
chechenia,3,9,no
check,3,5,no
cheltenham,3,10,no
chennai,3,7,no
cher,3,4,no
chevy,3,5,no
chiang,3,6,no
chicle,3,6,no
chiflado,3,8,no
chiflar,3,7,no
chimeneas,3,9,no
ching,3,5,no
chipriotas,3,10,no
chopos,3,6,no
chun,3,4,no
chuquisaca,3,10,no
cicatriz,3,8,no
cierres,3,7,no
ciervos,3,7,no
cieza,3,5,no
cilíndricas,3,11,no
cinchas,3,7,no
cineastas,3,9,no
circos,3,6,no
circulaba,3,9,no
circundantes,3,12,no
circunferencia,3,14,no
ciruelas,3,8,no
cirujanos,3,9,no
clandestino,3,11,no
clanes,3,6,no
clapton,3,7,no
clasificaban,3,12,no
class,3,5,no
claustros,3,9,no
clavado,3,7,no
clement,3,7,no
clippers,3,8,no
clips,3,5,no
cluny,3,5,no
coagulación,3,11,no
cobardes,3,8,no
cobrarán,3,8,no
cochecito,3,9,no
cocinas,3,7,no
cocos,3,5,no
codifica,3,8,no
cody,3,4,no
coeficientes,3,12,no
cofradías,3,9,no
coged,3,5,no
cogedlo,3,7,no
cogernos,3,8,no
cogiendo,3,8,no
cognitivo,3,9,no
cognomen,3,8,no
cogotazos,3,9,no
cogí,3,4,no
coimbra,3,7,no
colaterales,3,11,no
colgado,3,7,no
colgándose,3,10,no
colibrí,3,7,no
coliseo,3,7,no
colisiones,3,10,no
colisión,3,8,no
collin,3,6,no
colmaba,3,7,no
colmena,3,7,no
colocaba,3,8,no
colocarse,3,9,no
colonizadores,3,13,no
coloquial,3,9,no
coloraciones,3,12,no
colorada,3,8,no
coloreados,3,10,no
colorida,3,8,no
colton,3,6,no
colérica,3,8,no
coló,3,4,no
comandaba,3,9,no
combatiente,3,11,no
combo,3,5,no
comentando,3,10,no
comerciar,3,9,no
comerás,3,7,no
comeréis,3,8,no
cometió,3,7,no
comic,3,5,no
comiendo,3,8,no
comillas,3,8,no
comino,3,6,no
comisionados,3,12,no
commission,3,10,no
comoras,3,7,no
compartía,3,9,no
compendio,3,9,no
competitividad,3,14,no
competía,3,8,no
complementario,3,14,no
completados,3,11,no
complexión,3,10,no
complica,3,8,no
complicación,3,12,no
comportan,3,9,no
comprenderlo,3,12,no
comprimidos,3,11,no
comprometerse,3,13,no
comprueben,3,10,no
compton,3,7,no
compusieron,3,11,no
computacional,3,13,no
comulgar,3,8,no
comunicaba,3,10,no
comunión,3,8,no
concatedral,3,11,no
conceder,3,8,no
concedieron,3,11,no
concejos,3,8,no
concentran,3,10,no
concentrarse,3,12,no
concepciones,3,12,no
concerniente,3,12,no
concluida,3,9,no
concordia,3,9,no
concurrencia,3,12,no
concurridos,3,11,no
concurrió,3,9,no
condicionamiento,3,16,no
condimento,3,10,no
conductos,3,9,no
conduzco,3,8,no
conectarlos,3,11,no
conectarán,3,10,no
confederados,3,12,no
confesase,3,9,no
confesor,3,8,no
confinadas,3,10,no
confiscadas,3,11,no
conformando,3,11,no
congelada,3,9,no
conglomerados,3,13,no
congresistas,3,12,no
conmemorativa,3,13,no
conmueve,3,8,no
conocedor,3,9,no
conocerlo,3,9,no
conocéis,3,8,no
conocí,3,6,no
conquistaron,3,12,no
consentido,3,10,no
consentían,3,10,no
conserje,3,8,no
conservadoras,3,13,no
conservando,3,11,no
conservatorios,3,14,no
consistentes,3,12,no
consistieron,3,12,no
construirse,3,11,no
construiste,3,11,no
consultivo,3,10,no
consultoría,3,11,no
contados,3,8,no
contagiados,3,11,no
contaminada,3,11,no
contarlo,3,8,no
contarnos,3,9,no
contará,3,7,no
contarán,3,8,no
contemplan,3,10,no
contestan,3,9,no
contestó,3,8,no
contingentes,3,12,no
continuamos,3,11,no
continuando,3,11,no
continuarían,3,12,no
continué,3,8,no
contradicciones,3,15,no
contraen,3,8,no
contraposición,3,14,no
contrarias,3,10,no
contraseña,3,10,no
controvertidos,3,14,no
contundentes,3,12,no
contármela,3,10,no
convenios,3,9,no
convertirla,3,11,no
convincente,3,11,no
convoy,3,6,no
coordinadora,3,12,no
coordinó,3,8,no
copete,3,6,no
copo,3,4,no
copán,3,5,no
coraje,3,6,no
corinthians,3,11,no
cornudo,3,7,no
corporales,3,10,no
correcciones,3,12,no
correspondían,3,13,no
corsarios,3,9,no
cortesano,3,9,no
corzo,3,5,no
cosme,3,5,no
coso,3,4,no
cosquín,3,7,no
costal,3,6,no
costará,3,7,no
costosos,3,8,no
cotiza,3,6,no
cotopaxi,3,8,no
coulthard,3,9,no
courtney,3,8,no
covarrubias,3,11,no
crash,3,5,no
crearse,3,7,no
creaste,3,7,no
creed,3,5,no
cremados,3,8,no
crepúsculos,3,11,no
crespos,3,7,no
crines,3,6,no
criollos,3,8,no
crisma,3,6,no
criticaron,3,10,no
cromosomas,3,10,no
cronológicamente,3,16,no
crown,3,5,no
crucifixión,3,11,no
crucis,3,6,no
cráneos,3,7,no
cuadrante,3,9,no
cuajo,3,5,no
cuartetos,3,9,no
cubrirse,3,8,no
cucarachas,3,10,no
cuchara,3,7,no
cuchillos,3,9,no
cuele,3,5,no
cuentes,3,7,no
cuestiona,3,9,no
cuestionable,3,12,no
cuestionar,3,10,no
cuidate,3,7,no
cuitas,3,6,no
cultivaron,3,10,no
cumplieron,3,10,no
cundinamarca,3,12,no
curarle,3,7,no
curarlos,3,8,no
curativo,3,8,no
curia,3,5,no
cursaba,3,7,no
curvatura,3,9,no
cuán,3,4,no
cuánta,3,6,no
cuéllar,3,7,no
cálmense,3,8,no
cántaro,3,7,no
cánticos,3,8,no
cómodo,3,6,no
cóncavo,3,7,no
córcholis,3,9,no
cúbrelo,3,7,no
cúpulas,3,7,no
dadle,3,5,no
dadme,3,5,no
dam,3,3,no
dana,3,4,no
dancing,3,7,no
danilo,3,6,no
dantesca,3,8,no
daria,3,5,no
darling,3,7,no
daryl,3,5,no
darás,3,5,no
dañó,3,4,no
deacon,3,6,no
debatido,3,8,no
deberse,3,7,no
debilidades,3,11,no
debilitó,3,8,no
debussy,3,7,no
debuta,3,6,no
debutante,3,9,no
debíamos,3,8,no
decayó,3,6,no
decepcionada,3,12,no
decidida,3,8,no
decidirlo,3,9,no
decidíme,3,8,no
decimal,3,7,no
deciros,3,7,no
decisivos,3,9,no
declinación,3,11,no
decoran,3,7,no
decreciendo,3,11,no
defecado,3,8,no
defendida,3,9,no
definía,3,7,no
dejados,3,7,no
dejale,3,6,no
dejaos,3,6,no
dejarme,3,7,no
dejará,3,6,no
dejóse,3,6,no
delación,3,8,no
delegada,3,8,no
delicadas,3,9,no
deliciosa,3,9,no
demandante,3,10,no
demandó,3,7,no
demarcaciones,3,13,no
deme,3,4,no
demora,3,6,no
demostraba,3,10,no
demócratas,3,10,no
denominador,3,11,no
denominaron,3,11,no
dentales,3,8,no
dentista,3,8,no
denunciado,3,10,no
depiladas,3,9,no
depilan,3,7,no
deportado,3,9,no
depositado,3,10,no
depositan,3,9,no
depuración,3,10,no
derechas,3,8,no
derivar,3,7,no
derrama,3,7,no
derramaba,3,9,no
derramé,3,7,no
derribados,3,10,no
derruida,3,8,no
desactiva,3,9,no
desafortunada,3,13,no
desagravio,3,10,no
desagüe,3,7,no
desahogo,3,8,no
desamparados,3,12,no
desanimado,3,10,no
desaparecidas,3,13,no
desapercibido,3,13,no
desarrollaban,3,13,no
desastrosa,3,10,no
desbloquea,3,10,no
desbloquear,3,11,no
desbordante,3,11,no
descansé,3,8,no
descargable,3,11,no
descargo,3,8,no
descarnado,3,10,no
descartado,3,10,no
descartó,3,8,no
descollaba,3,10,no
desconectes,3,11,no
descosido,3,9,no
descuidado,3,10,no
desdeño,3,7,no
desdeñoso,3,9,no
deseaban,3,8,no
desechos,3,8,no
desempate,3,9,no
desempeñándose,3,14,no
desencadena,3,11,no
deserciones,3,11,no
desesperadas,3,12,no
desesperarse,3,12,no
desfilaban,3,10,no
desgajaban,3,10,no
designadas,3,10,no
desmaya,3,7,no
desmintieron,3,12,no
desmond,3,7,no
desordenado,3,11,no
despacioso,3,10,no
despedir,3,8,no
despejado,3,9,no
despertares,3,11,no
despiadada,3,10,no
despiden,3,8,no
despiertas,3,10,no
despiertes,3,10,no
desplegado,3,10,no
despliega,3,9,no
despoblada,3,10,no
despojo,3,7,no
despreciable,3,12,no
desprovisto,3,11,no
despídete,3,9,no
destacaban,3,10,no
destrozos,3,9,no
destructor,3,10,no
desvanecían,3,11,no
detalladas,3,10,no
detallado,3,9,no
detectados,3,10,no
detenerme,3,9,no
detenidas,3,9,no
deterioró,3,9,no
determinaron,3,12,no
determinará,3,11,no
detrimento,3,10,no
deusto,3,6,no
development,3,11,no
diadema,3,7,no
diagnosticar,3,12,no
dias,3,4,no
dibujan,3,7,no
dibujantes,3,10,no
die,3,3,no
diem,3,4,no
diferenciado,3,12,no
difracción,3,10,no
difundió,3,8,no
digan,3,5,no
dignos,3,6,no
dilatada,3,8,no
dilate,3,6,no
dilato,3,6,no
diles,3,5,no
dillon,3,6,no
diluvio,3,7,no
dimensional,3,11,no
diminutos,3,9,no
diodoro,3,7,no
dioicos,3,7,no
directivas,3,10,no
dirán,3,5,no
discrepancias,3,13,no
discretas,3,9,no
discúlpenme,3,11,no
disentería,3,10,no
disfrazados,3,11,no
disfrutando,3,11,no
disfrutéis,3,10,no
disminuyeron,3,12,no
dispararle,3,10,no
dispare,3,7,no
dispersadas,3,11,no
dispersan,3,9,no
disposiciones,3,13,no
dispusieron,3,11,no
disputaría,3,10,no
distante,3,8,no
distinguida,3,11,no
distraje,3,8,no
diva,3,4,no
diversificó,3,11,no
divertidos,3,10,no
dividimos,3,9,no
dividía,3,7,no
divorciada,3,10,no
django,3,6,no
dmitri,3,6,no
doblado,3,7,no
doblajes,3,8,no
doblarse,3,8,no
dobleces,3,8,no
documenta,3,9,no
dome,3,4,no
dominadas,3,9,no
dona,3,4,no
donadas,3,7,no
donaire,3,7,no
donoso,3,6,no
donostiarra,3,11,no
dormirán,3,8,no
dorotea,3,7,no
dorrego,3,7,no
dorsalmente,3,11,no
dougherty,3,9,no
downes,3,6,no
dragons,3,7,no
dramaturgia,3,11,no
drenados,3,8,no
ducados,3,7,no
dudan,3,5,no
duela,3,5,no
duerma,3,6,no
dum,3,3,no
duramen,3,7,no
durand,3,6,no
durazno,3,7,no
dwight,3,6,no
dyer,3,4,no
dyke,3,4,no
déjame,3,6,no
eagle,3,5,no
earl,3,4,no
eastwood,3,8,no
ebrio,3,5,no
ebullición,3,10,no
echad,3,5,no
echadle,3,7,no
eches,3,5,no
ecoturismo,3,10,no
ectoplasmas,3,11,no
eden,3,4,no
edicto,3,6,no
edificar,3,8,no
efectividad,3,11,no
efímero,3,7,no
eichmann,3,8,no
ejecutaban,3,10,no
ejecutadas,3,10,no
ejecutarse,3,10,no
ejercieron,3,10,no
elaboraron,3,10,no
elasticidad,3,11,no
electronic,3,10,no
elegible,3,8,no
elegirlo,3,8,no
elipsoide,3,9,no
elite,3,5,no
ema,3,3,no
emboscado,3,9,no
embridado,3,9,no
embutido,3,8,no
emergentes,3,10,no
emigra,3,6,no
emil,3,4,no
eminem,3,6,no
emitirse,3,8,no
emmanuel,3,8,no
emotivo,3,7,no
empanado,3,8,no
emparejada,3,10,no
empavesado,3,10,no
empecemos,3,9,no
empire,3,6,no
emplaza,3,7,no
emplazada,3,9,no
empleaban,3,9,no
emprenden,3,9,no
empujado,3,8,no
empujó,3,6,no
empírica,3,8,no
encadenado,3,10,no
encajando,3,9,no
encantaría,3,10,no
encargan,3,8,no
encargaron,3,10,no
encargará,3,9,no
encarna,3,7,no
encarnado,3,9,no
encarnizado,3,11,no
encendió,3,8,no
encinares,3,9,no
encomendado,3,11,no
encontrarnos,3,12,no
encontrarán,3,11,no
encuentren,3,10,no
endemismos,3,10,no
ender,3,5,no
eneas,3,5,no
energúmenos,3,11,no
enfatizado,3,10,no
enfrentadas,3,11,no
enfrentado,3,10,no
enfrentara,3,10,no
engancha,3,8,no
enganchar,3,9,no
engendrar,3,9,no
engine,3,6,no
england,3,7,no
enjambres,3,9,no
enlazan,3,7,no
enmienda,3,8,no
enmudecido,3,10,no
eno,3,3,no
enojar,3,6,no
enredadores,3,11,no
ensabanado,3,10,no
ensabanados,3,11,no
enseñarte,3,9,no
enseñarás,3,9,no
ensillasen,3,10,no
entabla,3,7,no
entablar,3,8,no
entendió,3,8,no
enteraran,3,9,no
enterarme,3,9,no
enterrando,3,10,no
entonación,3,10,no
entrante,3,8,no
entreabierta,3,12,no
entregaba,3,9,no
entrelazadas,3,12,no
entrenaba,3,9,no
entrenadora,3,11,no
entrenamos,3,10,no
entretener,3,10,no
envase,3,6,no
envases,3,7,no
envejecimiento,3,14,no
enviaba,3,7,no
enviaban,3,8,no
enviudó,3,7,no
envuelven,3,9,no
envío,3,5,no
enzimática,3,10,no
epic,3,4,no
epopeyas,3,8,no
equipaje,3,8,no
equipajes,3,9,no
equivocamos,3,11,no
equivocarme,3,11,no
ercilla,3,7,no
erección,3,8,no
erfurt,3,6,no
erika,3,5,no
ermitas,3,7,no
errar,3,5,no
eróticos,3,8,no
esbelta,3,7,no
escalonada,3,10,no
escamosa,3,8,no
escapes,3,7,no
escarabajo,3,10,no
escaramuza,3,10,no
escarcha,3,8,no
esclavista,3,10,no
esclusas,3,8,no
escobedo,3,8,no
escojo,3,6,no
escondan,3,8,no
esconderlo,3,10,no
escopetazos,3,11,no
escorar,3,7,no
escote,3,6,no
escriba,3,7,no
escuchadme,3,10,no
escucho,3,7,no
esforzó,3,7,no
eslora,3,6,no
eslovaco,3,8,no
espaciados,3,10,no
esparadrapo,3,11,no
espartaco,3,9,no
espasmos,3,8,no
especificación,3,14,no
especifican,3,11,no
especulación,3,12,no
especulado,3,10,no
especuló,3,8,no
esperad,3,7,no
esperados,3,9,no
espeso,3,6,no
espinosos,3,9,no
espirales,3,9,no
espolín,3,7,no
esporádicos,3,11,no
espronceda,3,10,no
espuelas,3,8,no
esquejes,3,8,no
establecidas,3,12,no
establezca,3,10,no
estadístico,3,11,no
estancada,3,9,no
ester,3,5,no
esteros,3,7,no
estilizado,3,10,no
estimulan,3,9,no
estimular,3,9,no
estival,3,7,no
estorba,3,7,no
estragos,3,8,no
estratégico,3,11,no
estriados,3,9,no
estrictos,3,9,no
estructurada,3,12,no
estrías,3,7,no
estudiaría,3,10,no
estuviesen,3,10,no
estuviste,3,9,no
estáticas,3,9,no
etimológico,3,11,no
etiquetado,3,10,no
etíopes,3,7,no
euclides,3,8,no
eusebio,3,7,no
evacuadas,3,9,no
evening,3,7,no
eventual,3,8,no
ever,3,4,no
everything,3,10,no
evo,3,3,no
evocan,3,6,no
evole,3,5,no
exaltación,3,10,no
examinado,3,9,no
examinar,3,8,no
examinen,3,8,no
excavado,3,8,no
excepcionalmente,3,16,no
excesivamente,3,13,no
excitada,3,8,no
excitante,3,9,no
excitarlas,3,10,no
excito,3,6,no
excluido,3,8,no
exclusivas,3,10,no
excluye,3,7,no
excursionistas,3,14,no
exenta,3,6,no
exhibidos,3,9,no
exigible,3,8,no
exigía,3,6,no
expandida,3,9,no
expandir,3,8,no
expandirse,3,10,no
experimentación,3,15,no
explicando,3,10,no
explosivas,3,10,no
explotaciones,3,13,no
explotado,3,9,no
explotan,3,8,no
explícita,3,9,no
exponía,3,7,no
exportador,3,10,no
expresivo,3,9,no
expulsan,3,8,no
extensiva,3,9,no
exteriormente,3,13,no
externado,3,9,no
externamente,3,12,no
extienda,3,8,no
extinguido,3,10,no
extraen,3,7,no
extremad,3,8,no
extreme,3,7,no
fabricaron,3,10,no
facilitan,3,9,no
facilitó,3,8,no
factible,3,8,no
falsedad,3,8,no
faltado,3,7,no
familiaridad,3,12,no
fantoche,3,8,no
farías,3,6,no
fatigosa,3,8,no
faunística,3,10,no
favoreciendo,3,12,no
federado,3,8,no
feli,3,4,no
felicidades,3,11,no
felicity,3,8,no
feos,3,4,no
ferran,3,6,no
festejo,3,7,no
festiva,3,7,no
feta,3,4,no
fieramente,3,10,no
fife,3,4,no
figureros,3,9,no
figuritas,3,9,no
fijamente,3,9,no
fijaste,3,7,no
filosofar,3,9,no
filtrado,3,8,no
finamente,3,9,no
financial,3,9,no
financiamiento,3,14,no
firmando,3,8,no
fisuras,3,7,no
fiti,3,4,no
flanagan,3,8,no
flato,3,5,no
flautas,3,7,no
fletar,3,6,no
flojo,3,5,no
florido,3,7,no
flórez,3,6,no
focus,3,5,no
folclóricas,3,11,no
folleto,3,7,no
folículos,3,9,no
fomenta,3,7,no
fondeo,3,6,no
fonemas,3,7,no
forense,3,7,no
forestación,3,11,no
formará,3,7,no
formulando,3,10,no
fortificaciones,3,15,no
fortín,3,6,no
fotografiar,3,11,no
fotográfico,3,11,no
fotográficos,3,12,no
fotones,3,7,no
fourier,3,7,no
fracasos,3,8,no
fractal,3,7,no
fracturó,3,8,no
fran,3,4,no
franca,3,6,no
francamente,3,11,no
frankfurt,3,9,no
franquicias,3,11,no
frenó,3,5,no
fresno,3,6,no
fresquita,3,9,no
freír,3,5,no
fritas,3,6,no
fritz,3,5,no
frondosas,3,9,no
fronterizas,3,11,no
frustración,3,11,no
frágil,3,6,no
frágiles,3,8,no
fríen,3,5,no
fuck,3,4,no
fugitivo,3,8,no
fulbright,3,9,no
fulham,3,6,no
fundamento,3,10,no
fundaría,3,8,no
funde,3,5,no
fundida,3,7,no
fundo,3,5,no
funerales,3,9,no
funky,3,5,no
fusiona,3,7,no
fío,3,3,no
gaditano,3,8,no
gaetano,3,7,no
gags,3,4,no
gail,3,4,no
gaitán,3,6,no
galatasaray,3,11,no
galdiano,3,8,no
gale,3,4,no
gallardos,3,9,no
gallegas,3,8,no
galois,3,6,no
galáctica,3,9,no
ganadas,3,7,no
ganancioso,3,10,no
ganarlas,3,8,no
gangosa,3,7,no
gao,3,3,no
garbanzos,3,9,no
gargantas,3,9,no
garmendia,3,9,no
garner,3,6,no
garraf,3,6,no
garrigues,3,9,no
gastronómico,3,12,no
gastó,3,5,no
gaucho,3,6,no
gauchos,3,7,no
gauguin,3,7,no
gaviotas,3,8,no
geminadas,3,9,no
genealógico,3,11,no
generadores,3,11,no
generaliza,3,10,no
gens,3,4,no
gentilicio,3,10,no
geológicas,3,10,no
georgiana,3,9,no
germinación,3,11,no
germánica,3,9,no
gertrudis,3,9,no
gestiones,3,9,no
giants,3,6,no
giles,3,5,no
gill,3,4,no
gillespie,3,9,no
gime,3,4,no
gimen,3,5,no
gimnasta,3,8,no
gino,3,4,no
gintonics,3,9,no
giraldo,3,7,no
giuliana,3,8,no
gladys,3,6,no
glandular,3,9,no
glass,3,5,no
gleason,3,7,no
glorieta,3,8,no
glorioso,3,8,no
goa,3,3,no
gobernaba,3,9,no
going,3,5,no
gokū,3,4,no
gola,3,4,no
gomes,3,5,no
gomez,3,5,no
gonzales,3,8,no
gorda,3,5,no
gorjeos,3,7,no
gorro,3,5,no
gotland,3,7,no
graban,3,6,no
gradiente,3,9,no
gradual,3,7,no
grandemente,3,11,no
granulosa,3,9,no
graz,3,4,no
gregario,3,8,no
grité,3,5,no
grosero,3,7,no
grutas,3,6,no
grúas,3,5,no
guadaña,3,7,no
guadix,3,6,no
guangzhou,3,9,no
guapo,3,5,no
guardados,3,9,no
guardarás,3,9,no
guay,3,4,no
guayas,3,6,no
guernica,3,8,no
guiada,3,6,no
guiados,3,7,no
guillermina,3,11,no
guipuzcoana,3,11,no
guitar,3,6,no
guiándonos,3,10,no
gurú,3,4,no
gustar,3,6,no
guíe,3,4,no
guío,3,4,no
gwen,3,4,no
gálvez,3,6,no
haakon,3,6,no
habilitada,3,10,no
habilitó,3,8,no
habitaron,3,9,no
hablados,3,8,no
hablarme,3,8,no
hablarte,3,8,no
hablase,3,7,no
habíame,3,7,no
habíase,3,7,no
hacías,3,6,no
hagamos,3,7,no
haifa,3,5,no
halifax,3,7,no
halitosis,3,9,no
hallada,3,7,no
hallábame,3,9,no
hambruna,3,8,no
hanse,3,5,no
harriet,3,7,no
hartando,3,8,no
hartas,3,6,no
harías,3,6,no
hawking,3,7,no
hawley,3,6,no
hayamos,3,7,no
hayward,3,7,no
health,3,6,no
heath,3,5,no
hell,3,4,no
hemeroteca,3,10,no
henao,3,5,no
hepburn,3,7,no
herbicidas,3,10,no
here,3,4,no
heredada,3,8,no
hermanastro,3,11,no
hermitage,3,9,no
hero,3,4,no
hevia,3,5,no
hewlett,3,7,no
hidroxilo,3,9,no
hidráulico,3,10,no
higroscópico,3,12,no
hilandera,3,9,no
hinchada,3,8,no
hinduista,3,9,no
hines,3,5,no
hippies,3,7,no
hipólito,3,8,no
hiriente,3,8,no
hiro,3,4,no
hiroshima,3,9,no
his,3,3,no
historiadora,3,12,no
hoc,3,3,no
hoffmann,3,8,no
hofmann,3,7,no
hogan,3,5,no
holding,3,7,no
holt,3,4,no
holártica,3,9,no
homo,3,4,no
homogeneidad,3,12,no
honoraria,3,9,no
hooker,3,6,no
horado,3,6,no
horita,3,6,no
horizontalmente,3,15,no
horrorizaba,3,11,no
hospitalizada,3,13,no
hospitalizado,3,13,no
hostelería,3,10,no
hostiles,3,8,no
hoya,3,4,no
huaca,3,5,no
huancayo,3,8,no
hub,3,3,no
hubert,3,6,no
hubiérate,3,9,no
huela,3,5,no
huila,3,5,no
humanismo,3,9,no
humedecen,3,9,no
humillaba,3,9,no
humorística,3,11,no
humorísticos,3,12,no
humphrey,3,8,no
hunda,3,5,no
hundió,3,6,no
hurtar,3,6,no
huyo,3,4,no
huáscar,3,7,no
hyde,3,4,no
hye,3,3,no
hype,3,4,no
hyung,3,5,no
hábiles,3,7,no
hípico,3,6,no
ibaraki,3,7,no
ibas,3,4,no
ica,3,3,no
idealista,3,9,no
ideario,3,7,no
identificarse,3,13,no
ideó,3,4,no
idiotas,3,7,no
ignoran,3,7,no
ignorante,3,9,no
ignorará,3,8,no
iguala,3,6,no
ilegalmente,3,11,no
ilegítimo,3,9,no
ilegítimos,3,10,no
iliria,3,6,no
ilustradora,3,11,no
ilíada,3,6,no
imaginado,3,9,no
imaginario,3,10,no
imberbe,3,7,no
impaciencia,3,11,no
impartir,3,8,no
impedía,3,7,no
imperdonable,3,12,no
implementado,3,12,no
implican,3,8,no
imponerse,3,9,no
importada,3,9,no
importados,3,10,no
importar,3,8,no
importaría,3,10,no
impreciso,3,9,no
imprimen,3,8,no
impulsivamente,3,14,no
impulsos,3,8,no
impunidad,3,9,no
impureza,3,8,no
inadvertido,3,11,no
inagotable,3,10,no
inalámbrica,3,11,no
incapacidad,3,11,no
inciertas,3,9,no
inclinan,3,8,no
inconclusa,3,10,no
incrementado,3,12,no
incumplimiento,3,14,no
indecisa,3,8,no
indeciso,3,8,no
indefinido,3,10,no
independent,3,11,no
indeseable,3,10,no
indiano,3,7,no
indicaba,3,8,no
indicando,3,9,no
indiscreto,3,10,no
indonesio,3,9,no
indulgencia,3,11,no
indycar,3,7,no
inesperada,3,10,no
inesperadas,3,11,no
infecta,3,7,no
infectado,3,9,no
infidelidad,3,11,no
infiltrados,3,11,no
infinity,3,8,no
influenciados,3,13,no
influye,3,7,no
influyen,3,8,no
infracción,3,10,no
ingeniera,3,9,no
ingenua,3,7,no
ingenuidad,3,10,no
ingenuo,3,7,no
ingiere,3,7,no
inglés,3,6,no
ingresaron,3,10,no
inhalación,3,10,no
inhumados,3,9,no
iniciaría,3,9,no
injurias,3,8,no
injusticia,3,10,no
inmensamente,3,12,no
inmersa,3,7,no
inmutado,3,8,no
inn,3,3,no
innegable,3,9,no
innovadora,3,10,no
innovadoras,3,11,no
inquilinos,3,10,no
inscribió,3,9,no
inscritas,3,9,no
inscritos,3,9,no
inseparables,3,12,no
inserción,3,9,no
insiste,3,7,no
inspirador,3,10,no
instantánea,3,11,no
instituyó,3,9,no
insultos,3,8,no
insuperable,3,11,no
intactas,3,8,no
integrando,3,10,no
intelectualmente,3,16,no
intencional,3,11,no
intendentes,3,11,no
intentes,3,8,no
intercambiar,3,12,no
interconexión,3,13,no
internados,3,10,no
interrogatorio,3,14,no
interrupciones,3,14,no
intolerancia,3,12,no
introduzca,3,10,no
inundadas,3,9,no
invadido,3,8,no
invencible,3,10,no
inventa,3,7,no
inventos,3,8,no
invernal,3,8,no
invertidos,3,10,no
investidura,3,11,no
invocado,3,8,no
invocar,3,7,no
irisadas,3,8,no
irregularidades,3,15,no
irregularmente,3,14,no
iréis,3,5,no
irónicamente,3,12,no
islámicas,3,9,no
ituzaingó,3,9,no
jacobi,3,6,no
jaguar,3,6,no
jalón,3,5,no
japan,3,5,no
jared,3,5,no
jaume,3,5,no
jericho,3,7,no
jerárquico,3,10,no
jess,3,4,no
jet,3,3,no
jiang,3,5,no
jicaras,3,7,no
jirón,3,5,no
joderse,3,7,no
johan,3,5,no
johansen,3,8,no
jojo,3,4,no
jornalero,3,9,no
joshua,3,6,no
josés,3,5,no
jugándome,3,9,no
juliano,3,7,no
juntaba,3,7,no
juntado,3,7,no
juntarnos,3,9,no
just,3,4,no
justiniano,3,10,no
júcar,3,5,no
kahn,3,4,no
kana,3,4,no
kappa,3,5,no
kathy,3,5,no
keane,3,5,no
kendall,3,7,no
kenneth,3,7,no
kimmel,3,6,no
kimura,3,6,no
kirchner,3,8,no
kits,3,4,no
kleenex,3,7,no
kojima,3,6,no
konami,3,6,no
kramer,3,6,no
kuma,3,4,no
kun,3,3,no
kung,3,4,no
kurda,3,5,no
kurdistán,3,9,no
kárate,3,6,no
köppen,3,6,no
lacerados,3,9,no
ladridos,3,8,no
lafayette,3,9,no
lagoa,3,5,no
laica,3,5,no
lama,3,4,no
lamer,3,5,no
landgrave,3,9,no
lang,3,4,no
lanzadores,3,10,no
lanzarles,3,9,no
lanzarnos,3,9,no
largamos,3,8,no
latitudes,3,9,no
lauderdale,3,10,no
laurie,3,6,no
lavadora,3,8,no
lavanda,3,7,no
lavín,3,5,no
laya,3,4,no
lebón,3,5,no
lecheras,3,8,no
leela,3,5,no
legajos,3,7,no
legislaciones,3,13,no
legisladores,3,12,no
legítimo,3,8,no
leigh,3,5,no
leiva,3,5,no
lejanía,3,7,no
lemon,3,5,no
lenca,3,5,no
leopardo,3,8,no
lepanto,3,7,no
let,3,3,no
letrista,3,8,no
levantamos,3,10,no
levantaremos,3,12,no
levantarme,3,10,no
leídos,3,6,no
leónidas,3,8,no
liam,3,4,no
liaras,3,6,no
liberadas,3,9,no
liberaron,3,9,no
libertarme,3,10,no
liderada,3,8,no
liderar,3,7,no
liechtenstein,3,13,no
lieu,3,4,no
liguria,3,7,no
lille,3,5,no
lilí,3,4,no
limosna,3,7,no
limpidez,3,8,no
linajes,3,7,no
linden,3,6,no
lindos,3,6,no
lindsay,3,7,no
lineares,3,8,no
ling,3,4,no
lingotes,3,8,no
lirio,3,5,no
lis,3,3,no
listadas,3,8,no
liszt,3,5,no
literato,3,8,no
lituano,3,7,no
llamando,3,8,no
llamear,3,7,no
llantas,3,7,no
llanto,3,6,no
llegadas,3,8,no
llegarían,3,9,no
llegaste,3,8,no
lleguemos,3,9,no
llegué,3,6,no
lleguéme,3,8,no
llegándose,3,10,no
llenarlos,3,9,no
llevarte,3,8,no
llovía,3,6,no
loado,3,5,no
logroño,3,7,no
logré,3,5,no
lombardi,3,8,no
lonely,3,6,no
loros,3,5,no
losas,3,5,no
lotario,3,7,no
lovaina,3,7,no
lovers,3,6,no
lower,3,5,no
lucca,3,5,no
lucena,3,6,no
luches,3,6,no
luciana,3,7,no
lucrecia,3,8,no
luengo,3,6,no
luigi,3,5,no
lujuria,3,7,no
lujuriosa,3,9,no
lukather,3,8,no
lumbre,3,6,no
luneburgo,3,9,no
lunetos,3,7,no
luso,3,4,no
luthor,3,6,no
lástima,3,7,no
líquida,3,7,no
lívida,3,6,no
lógicas,3,7,no
mabel,3,5,no
maccabi,3,7,no
macetas,3,7,no
mackay,3,6,no
mackenna,3,8,no
mackenzie,3,9,no
maderera,3,8,no
madrigales,3,10,no
madriguera,3,10,no
maduras,3,7,no
maestrazgo,3,10,no
magneto,3,7,no
magnolia,3,8,no
maguncia,3,8,no
mahler,3,6,no
maiden,3,6,no
maitines,3,8,no
make,3,4,no
maker,3,5,no
maligno,3,7,no
manada,3,6,no
manchú,3,6,no
mandada,3,7,no
mandarlas,3,9,no
mandy,3,5,no
mandándome,3,10,no
manifestarse,3,12,no
manitoba,3,8,no
manolete,3,8,no
mansedumbre,3,11,no
manson,3,6,no
mantas,3,6,no
mantendría,3,10,no
mantengan,3,9,no
mantenida,3,9,no
mantenidos,3,10,no
manténgase,3,10,no
mao,3,3,no
marat,3,5,no
marcaron,3,8,no
marcea,3,6,no
mareada,3,7,no
mareos,3,6,no
marginación,3,11,no
mariah,3,6,no
marinera,3,8,no
mariposeo,3,9,no
marisco,3,7,no
markham,3,7,no
marko,3,5,no
marquesado,3,10,no
mars,3,4,no
martinez,3,8,no
marxistas,3,9,no
mascarillas,3,11,no
masieta,3,7,no
matadlo,3,7,no
mataperros,3,10,no
mataró,3,6,no
matas,3,5,no
materialismo,3,12,no
mathilde,3,8,no
matsumoto,3,9,no
matthews,3,8,no
maté,3,4,no
mausoleos,3,9,no
mavericks,3,9,no
mayea,3,5,no
mayúsculas,3,10,no
mecerla,3,7,no
mecha,3,5,no
medici,3,6,no
mediocampo,3,10,no
meditó,3,6,no
mediático,3,9,no
medra,3,5,no
meiji,3,5,no
melchor,3,7,no
melosa,3,6,no
melville,3,8,no
menear,3,6,no
mensuales,3,9,no
mensualmente,3,12,no
menudas,3,7,no
mercy,3,5,no
merecen,3,7,no
merezca,3,7,no
meridionales,3,12,no
merle,3,5,no
mesana,3,6,no
mesina,3,6,no
mesopotamia,3,11,no
mesorregión,3,11,no
metabólica,3,10,no
metalúrgica,3,11,no
metano,3,6,no
meteorito,3,9,no
meteorológica,3,13,no
meticuloso,3,10,no
metropolitanos,3,14,no
metz,3,4,no
mezclaba,3,8,no
mezclada,3,8,no
micaela,3,7,no
micro,3,5,no
microrregión,3,12,no
micrófonos,3,10,no
migrantes,3,9,no
migratorios,3,11,no
mijares,3,7,no
mijaíl,3,6,no
militado,3,8,no
millares,3,8,no
mimi,3,4,no
minh,3,4,no
minimizar,3,9,no
minnie,3,6,no
minoritarios,3,12,no
minos,3,5,no
mint,3,4,no
miquel,3,6,no
mirad,3,5,no
miras,3,5,no
mirate,3,6,no
mireia,3,6,no
miriam,3,6,no
mirándola,3,9,no
misioneras,3,10,no
mismísimo,3,9,no
mitocondria,3,11,no
mitsuki,3,7,no
miércoles,3,9,no
moby,3,4,no
moche,3,5,no
modernizar,3,10,no
mohín,3,5,no
mojar,3,5,no
molduras,3,8,no
mole,3,4,no
molly,3,5,no
moléculas,3,9,no
mon,3,3,no
moncada,3,7,no
monde,3,5,no
monet,3,5,no
monitores,3,9,no
monkey,3,6,no
montecarlo,3,10,no
monterey,3,8,no
monteros,3,8,no
montoneros,3,10,no
monástica,3,9,no
monóxido,3,8,no
morenas,3,7,no
morera,3,6,no
moriría,3,7,no
morley,3,6,no
morse,3,5,no
moscatel,3,8,no
mostrada,3,8,no
mote,3,4,no
mother,3,6,no
motivaciones,3,12,no
motivado,3,8,no
motos,3,5,no
motriz,3,6,no
motte,3,5,no
moura,3,5,no
movemos,3,7,no
muchachitos,3,11,no
mucosa,3,6,no
mueller,3,7,no
muerden,3,7,no
multimedia,3,10,no
multinacional,3,13,no
multiplican,3,11,no
multiplicar,3,11,no
murieses,3,8,no
murmuré,3,7,no
mus,3,3,no
musculatura,3,11,no
musgo,3,5,no
mutante,3,7,no
mutual,3,6,no
muévete,3,7,no
muñecos,3,7,no
mátame,3,6,no
mísero,3,6,no
nacería,3,7,no
nacionalizó,3,11,no
nadadora,3,8,no
nagasaki,3,8,no
nahuel,3,6,no
nami,3,4,no
nan,3,3,no
naomi,3,5,no
napo,3,4,no
narnia,3,6,no
narrativas,3,10,no
natividad,3,9,no
nato,3,4,no
navegar,3,7,no
navego,3,6,no
nazismo,3,7,no
necesitarán,3,11,no
ned,3,3,no
negaba,3,6,no
negociador,3,10,no
nelly,3,5,no
neogótico,3,9,no
neoyorquino,3,11,no
nerviosas,3,9,no
neuronal,3,8,no
never,3,5,no
nevers,3,6,no
neville,3,7,no
nicaragüense,3,12,no
nicholson,3,9,no
nicky,3,5,no
nicotina,3,8,no
nidada,3,6,no
nidifican,3,9,no
nielsen,3,7,no
noboa,3,5,no
nochecita,3,9,no
nociva,3,6,no
noir,3,4,no
nombran,3,7,no
nono,3,4,no
normando,3,8,no
norris,3,6,no
nothing,3,7,no
notorias,3,8,no
nou,3,3,no
novas,3,5,no
noël,3,4,no
ntro,3,4,no
numancia,3,8,no
numerario,3,9,no
nutre,3,5,no
náuticos,3,8,no
nódulos,3,7,no
núbiles,3,7,no
núculas,3,7,no
oaks,3,4,no
obedecer,3,8,no
obelisco,3,8,no
oblicuo,3,7,no
obligadas,3,9,no
obligarle,3,9,no
obrador,3,7,no
observando,3,10,no
observaron,3,10,no
obtendría,3,9,no
obtenían,3,8,no
ocasionó,3,8,no
occitano,3,8,no
ocultan,3,7,no
ocupaban,3,8,no
ocuparse,3,8,no
oda,3,3,no
office,3,6,no
ofició,3,6,no
ofrecían,3,8,no
ofrezco,3,7,no
oiga,3,4,no
ojeras,3,6,no
ojotsk,3,6,no
oleada,3,6,no
olimpíadas,3,10,no
olmeca,3,6,no
olmedo,3,6,no
olmos,3,5,no
olvera,3,6,no
olvidarme,3,9,no
olvidaste,3,9,no
olés,3,4,no
omaha,3,5,no
omeyas,3,6,no
ondulaciones,3,12,no
onduladas,3,9,no
ondular,3,7,no
operacionales,3,13,no
operadas,3,8,no
optimismo,3,9,no
opusieron,3,9,no
oralmente,3,9,no
orar,3,4,no
orcos,3,5,no
ordenamiento,3,12,no
order,3,5,no
oreaba,3,6,no
orestes,3,7,no
organizaban,3,11,no
orgánicamente,3,13,no
oricon,3,6,no
orientarse,3,10,no
orificios,3,9,no
originado,3,9,no
originariamente,3,15,no
orihuela,3,8,no
oriundos,3,8,no
orión,3,5,no
ornamento,3,9,no
oropesa,3,7,no
orton,3,5,no
orégano,3,7,no
osborne,3,7,no
oscilaba,3,8,no
osito,3,5,no
ostra,3,5,no
otis,3,4,no
otomana,3,7,no
our,3,3,no
ourense,3,7,no
ovaladas,3,8,no
ovinos,3,6,no
ovíparo,3,7,no
oxidante,3,8,no
oyéndola,3,8,no
ozono,3,5,no
oírse,3,5,no
padecen,3,7,no
padecimiento,3,12,no
pagarse,3,7,no
pagos,3,5,no
paisajismo,3,10,no
paleontólogo,3,12,no
paleozoico,3,10,no
paleta,3,6,no
palpable,3,8,no
panamericana,3,12,no
panameño,3,8,no
panceta,3,7,no
pancras,3,7,no
pandillas,3,9,no
pandora,3,7,no
panelista,3,9,no
panic,3,5,no
panonia,3,7,no
papanatas,3,9,no
papelera,3,8,no
pappo,3,5,no
paraba,3,6,no
paradise,3,8,no
paralelismo,3,11,no
paralizado,3,10,no
parches,3,7,no
pardusco,3,8,no
parecidas,3,9,no
parecéis,3,8,no
parejita,3,8,no
parezco,3,7,no
parietal,3,8,no
parral,3,6,no
parroquianos,3,12,no
parsons,3,7,no
partición,3,9,no
partiremos,3,10,no
partos,3,6,no
pasantes,3,8,no
pasarelas,3,9,no
pasarse,3,7,no
pasarán,3,7,no
pasarían,3,8,no
paseaba,3,7,no
pasha,3,5,no
pasteles,3,8,no
pastora,3,7,no
pasándome,3,9,no
patadas,3,7,no
patatitas,3,9,no
patinaba,3,8,no
patinete,3,8,no
patita,3,6,no
patrocinó,3,9,no
patrullas,3,9,no
patéticos,3,9,no
pauli,3,5,no
pavía,3,5,no
paños,3,5,no
peculiaridad,3,12,no
pecíolo,3,7,no
pedal,3,5,no
pedicelo,3,8,no
pedirme,3,7,no
pedáneo,3,7,no
pegue,3,5,no
peinaban,3,8,no
peinado,3,7,no
pelis,3,5,no
peludo,3,6,no
pelágicos,3,9,no
penetrar,3,8,no
penitentes,3,10,no
pensáis,3,7,no
pentagón,3,8,no
pentámeras,3,10,no
penínsulas,3,10,no
pep,3,3,no
pepitas,3,7,no
pepsi,3,5,no
pequeñuelos,3,11,no
percibido,3,9,no
percíbense,3,10,no
perdedores,3,10,no
perdemos,3,8,no
perderá,3,7,no
perdición,3,9,no
perdonaba,3,9,no
perdonado,3,9,no
perdonarme,3,10,no
perdonarte,3,10,no
perdoné,3,7,no
perfeccionar,3,12,no
perfumadas,3,10,no
pericles,3,8,no
peripecias,3,10,no
permitida,3,9,no
persecuciones,3,13,no
perseguida,3,10,no
perseguíame,3,11,no
pertenecido,3,11,no
pertenecieron,3,13,no
pertenezco,3,10,no
pertinentes,3,11,no
peruanas,3,8,no
petardo,3,7,no
petersburg,3,10,no
peterson,3,8,no
petroleras,3,10,no
petronila,3,9,no
philips,3,7,no
picas,3,5,no
pick,3,4,no
picture,3,7,no
pierdas,3,7,no
pija,3,4,no
pillada,3,7,no
pillo,3,5,no
pilsen,3,6,no
pimentel,3,8,no
pimiento,3,8,no
pinchadiscos,3,12,no
pinedo,3,6,no
pingüino,3,8,no
pirelli,3,7,no
pirineo,3,7,no
pirro,3,5,no
pitti,3,5,no
piura,3,5,no
piñera,3,6,no
placeres,3,8,no
planchar,3,8,no
planeando,3,9,no
planificada,3,11,no
planificó,3,9,no
plant,3,5,no
plantan,3,7,no
plantearon,3,10,no
plantillas,3,10,no
platea,3,6,no
plateresco,3,10,no
platique,3,8,no
players,3,7,no
plegado,3,7,no
pleitean,3,8,no
plenilunio,3,10,no
plácida,3,7,no
poblar,3,6,no
pocket,3,6,no
podré,3,5,no
pola,3,4,no
poli,3,4,no
polillas,3,8,no
poliquetos,3,10,no
polis,3,5,no
polly,3,5,no
polos,3,5,no
pomada,3,6,no
pomar,3,5,no
pomerania,3,9,no
pompeu,3,6,no
pondremos,3,9,no
pondrá,3,6,no
pondrán,3,7,no
poned,3,5,no
ponme,3,5,no
ponto,3,5,no
popayán,3,7,no
porcelana,3,9,no
portable,3,8,no
portar,3,6,no
posa,3,4,no
posado,3,6,no
poseedor,3,8,no
posta,3,5,no
poste,3,5,no
postrera,3,8,no
postula,3,7,no
postulados,3,10,no
postularse,3,10,no
postuló,3,7,no
pozuelo,3,7,no
precede,3,7,no
preciado,3,8,no
preciosa,3,8,no
predicados,3,10,no
preferencial,3,12,no
preferí,3,7,no
preguntarle,3,11,no
pregunte,3,8,no
prehispánicos,3,13,no
prehistórica,3,12,no
prehistórico,3,12,no
prelados,3,8,no
preludios,3,9,no
premium,3,7,no
prensil,3,7,no
preocupa,3,8,no
preocupe,3,8,no
preparaba,3,9,no
preparaban,3,10,no
preparaciones,3,13,no
presentarán,3,11,no
presentimiento,3,14,no
presento,3,8,no
presionarle,3,11,no
presume,3,7,no
presunto,3,8,no
pretendo,3,8,no
pretensión,3,10,no
primas,3,6,no
primitivos,3,10,no
prisionera,3,10,no
privilegiado,3,12,no
procedieron,3,11,no
procedían,3,9,no
proclamaron,3,11,no
proclamarse,3,11,no
production,3,10,no
professional,3,12,no
profundidades,3,13,no
profundiza,3,10,no
programar,3,9,no
progresistas,3,12,no
prometa,3,7,no
prometemos,3,10,no
prominencia,3,11,no
promotora,3,9,no
promotores,3,10,no
pronunciada,3,11,no
propagar,3,8,no
propagaron,3,10,no
proponer,3,8,no
proponiendo,3,11,no
proponía,3,8,no
propulsor,3,9,no
proseguir,3,9,no
prospera,3,8,no
protagonizaron,3,14,no
providencia,3,11,no
provisión,3,9,no
provocaba,3,9,no
provocarlos,3,11,no
proyecta,3,8,no
proyectan,3,9,no
proyector,3,9,no
prudente,3,8,no
prótesis,3,8,no
psique,3,6,no
pubertad,3,8,no
publicaban,3,10,no
publications,3,12,no
puertorriqueño,3,14,no
pueyrredón,3,10,no
pulpo,3,5,no
puntiaguda,3,10,no
pupilo,3,6,no
purpúreo,3,8,no
putin,3,5,no
puzle,3,5,no
páncreas,3,8,no
pérdida,3,7,no
pólvora,3,7,no
qatar,3,5,no
quebrarse,3,9,no
quejarte,3,8,no
quejigos,3,8,no
querellaban,3,11,no
quevedos,3,8,no
quilla,3,6,no
quimioterapia,3,13,no
quiméricas,3,10,no
quinientas,3,10,no
quirino,3,7,no
quitó,3,5,no
racheado,3,8,no
raciales,3,8,no
radican,3,7,no
radiofónica,3,11,no
radiofónico,3,11,no
rahman,3,6,no
rai,3,3,no
railway,3,7,no
rain,3,4,no
ramla,3,5,no
ranchos,3,7,no
rand,3,4,no
rapaces,3,7,no
raphael,3,7,no
raquítico,3,9,no
ras,3,3,no
rascarse,3,8,no
rashid,3,6,no
rastrojos,3,9,no
rata,3,4,no
raudas,3,6,no
rayita,3,6,no
rea,3,3,no
reabierto,3,9,no
reaccionó,3,9,no
reagan,3,6,no
realizaría,3,10,no
reaparece,3,9,no
reapareció,3,10,no
rebajado,3,8,no
rebajados,3,9,no
rebosar,3,7,no
recepciones,3,11,no
receptivo,3,9,no
rechinó,3,7,no
recibirme,3,9,no
recitar,3,7,no
reclamaciones,3,13,no
reclamar,3,8,no
reclamos,3,8,no
recobrarme,3,10,no
recobren,3,8,no
recogidas,3,9,no
recogiendo,3,10,no
recogían,3,8,no
recojas,3,7,no
recolecta,3,9,no
recolectó,3,9,no
reconstruidas,3,13,no
reconstruyeron,3,14,no
reconvertido,3,12,no
recordings,3,10,no
recordé,3,7,no
recubierto,3,10,no
recubrimiento,3,13,no
recuerdes,3,9,no
recuperadas,3,11,no
reducto,3,7,no
redujeron,3,9,no
reedición,3,9,no
reemplazadas,3,12,no
reencuentro,3,11,no
refieres,3,8,no
refiriéndome,3,12,no
reflexivo,3,9,no
refuerzan,3,9,no
refugiado,3,9,no
refugian,3,8,no
refugiaron,3,10,no
regaliz,3,7,no
regatas,3,7,no
regazo,3,6,no
regia,3,5,no
regida,3,6,no
reglamentación,3,14,no
regresaba,3,9,no
regulan,3,7,no
rehabilitada,3,12,no
rehusaría,3,9,no
reikiavik,3,9,no
reinas,3,6,no
reinhardt,3,9,no
rejuvenecido,3,12,no
relajarte,3,9,no
relanzamiento,3,13,no
relicario,3,9,no
rellamada,3,9,no
rematan,3,7,no
rembrandt,3,9,no
remedir,3,7,no
remember,3,8,no
remigio,3,7,no
renales,3,7,no
renovable,3,9,no
renovables,3,10,no
renueva,3,7,no
reorganizar,3,11,no
reorganizó,3,10,no
rep,3,3,no
repararla,3,9,no
reparten,3,8,no
repartid,3,8,no
repartido,3,9,no
repartieron,3,11,no
repartir,3,8,no
repaso,3,6,no
repeler,3,7,no
repentina,3,9,no
repiten,3,7,no
replicadores,3,12,no
report,3,6,no
reporta,3,7,no
reposaba,3,8,no
represalias,3,11,no
represivas,3,10,no
reprimida,3,9,no
reproductivos,3,13,no
repugnante,3,10,no
repugnantes,3,11,no
requerido,3,9,no
requeridos,3,10,no
requerí,3,7,no
rescatarla,3,10,no
rescató,3,7,no
resentimiento,3,13,no
reseñables,3,10,no
residían,3,8,no
resignada,3,9,no
resistes,3,8,no
resisto,3,7,no
resolvieron,3,11,no
resonaron,3,9,no
respetáis,3,9,no
respondido,3,10,no
respondimos,3,11,no
respondía,3,9,no
responsabilidades,3,17,no
restauradas,3,11,no
restringe,3,9,no
resueltos,3,9,no
resultantes,3,11,no
resultará,3,9,no
retaguardia,3,11,no
retención,3,9,no
retirarme,3,9,no
retiros,3,7,no
retirándose,3,11,no
retorciéndose,3,13,no
retrasó,3,7,no
retratados,3,10,no
retráctil,3,9,no
reunido,3,7,no
reunimos,3,8,no
reunían,3,7,no
reventado,3,9,no
reventar,3,8,no
reversible,3,10,no
revestidas,3,10,no
reñidero,3,8,no
ricci,3,5,no
richardson,3,10,no
riela,3,5,no
riente,3,6,no
riffs,3,5,no
rigen,3,5,no
rika,3,4,no
rimbaud,3,7,no
ringo,3,5,no
rivers,3,6,no
roa,3,3,no
roberta,3,7,no
robla,3,5,no
robótica,3,8,no
rocher,3,6,no
rochester,3,9,no
rodarán,3,7,no
rodeaba,3,7,no
rodear,3,6,no
rodgers,3,7,no
roedor,3,6,no
rogue,3,5,no
roig,3,4,no
roldán,3,6,no
rollos,3,6,no
rompecabezas,3,12,no
romperme,3,8,no
romperte,3,8,no
rompes,3,6,no
rompieron,3,9,no
roncar,3,6,no
rondó,3,5,no
roo,3,3,no
room,3,4,no
rosenberg,3,9,no
rosso,3,5,no
rosáceo,3,7,no
roth,3,4,no
rouge,3,5,no
round,3,5,no
rovers,3,6,no
row,3,3,no
rozando,3,7,no
rozas,3,5,no
ruan,3,4,no
rubros,3,6,no
rubí,3,4,no
rudimentaria,3,12,no
rugoso,3,6,no
rupert,3,6,no
ruperto,3,7,no
ryota,3,5,no
ráfaga,3,6,no
récord,3,6,no
rítmico,3,7,no
róterdam,3,8,no
sables,3,6,no
sabías,3,6,no
sacad,3,5,no
sacaran,3,7,no
sacaron,3,7,no
sachs,3,5,no
sacramentos,3,11,no
sacrifica,3,9,no
sacrifican,3,10,no
sainte,3,6,no
sakai,3,5,no
salazón,3,7,no
saldo,3,5,no
salina,3,6,no
salobre,3,7,no
salobres,3,8,no
salomé,3,6,no
saltó,3,5,no
saluda,3,6,no
saludaba,3,8,no
saludándome,3,11,no
salvan,3,6,no
salvarte,3,8,no
salvatierra,3,11,no
samsung,3,7,no
samurai,3,7,no
sanciones,3,9,no
sand,3,4,no
sander,3,6,no
sandy,3,5,no
sangraba,3,8,no
sangrientos,3,11,no
sans,3,4,no
santillán,3,9,no
saqueos,3,7,no
sarandí,3,7,no
sardina,3,7,no
sardinas,3,8,no
sarnosos,3,8,no
sastre,3,6,no
sato,3,4,no
saturación,3,10,no
saturday,3,8,no
satírico,3,8,no
savio,3,5,no
saxofonista,3,11,no
scherzo,3,7,no
schiller,3,8,no
scholz,3,6,no
schwartz,3,8,no
schwarzenegger,3,14,no
schwerin,3,8,no
scotland,3,8,no
scream,3,6,no
secan,3,5,no
secarse,3,7,no
secret,3,6,no
secretariado,3,12,no
secuaces,3,8,no
secuencial,3,10,no
seducir,3,7,no
sefardí,3,7,no
segismundo,3,10,no
seguirlas,3,9,no
seguirme,3,8,no
selecciona,3,10,no
seleccionó,3,10,no
selene,3,6,no
semanarios,3,10,no
semiconductores,3,15,no
semicálido,3,10,no
semántica,3,9,no
semántico,3,9,no
senderistas,3,11,no
sensoriales,3,11,no
sentóse,3,7,no
separarnos,3,10,no
separes,3,7,no
sermones,3,8,no
serna,3,5,no
serradas,3,8,no
serranos,3,8,no
service,3,7,no
serás,3,5,no
serías,3,6,no
seta,3,4,no
setos,3,5,no
seudónimos,3,10,no
sexteto,3,7,no
señalaba,3,8,no
señoreaban,3,10,no
señorita,3,8,no
señoritas,3,9,no
sforza,3,6,no
shawn,3,5,no
sheffield,3,9,no
sheppard,3,8,no
sheriff,3,7,no
shogunato,3,9,no
shu,3,3,no
siam,3,4,no
siglas,3,6,no
significaría,3,12,no
significas,3,10,no
sikkim,3,6,no
silba,3,5,no
silicua,3,7,no
simbolizan,3,10,no
simpatizantes,3,13,no
simpático,3,9,no
simulaciones,3,12,no
simultáneos,3,11,no
sinfónico,3,9,no
singh,3,5,no
sinople,3,7,no
sintiendo,3,9,no
sintomático,3,11,no
sintonía,3,8,no
sinónimos,3,9,no
sion,3,4,no
sirviente,3,9,no
sitcom,3,6,no
skinner,3,7,no
snoop,3,5,no
snoopy,3,6,no
snyder,3,6,no
sobrecogido,3,11,no
sobrepeso,3,9,no
sobresaltó,3,10,no
socorrer,3,8,no
sofisticado,3,11,no
soft,3,4,no
solanas,3,7,no
solari,3,6,no
soldadura,3,9,no
soleadas,3,8,no
solemnidad,3,10,no
soles,3,5,no
solicita,3,8,no
solicitada,3,10,no
solito,3,6,no
solteras,3,8,no
solícita,3,8,no
sombrilla,3,9,no
somoza,3,6,no
sondando,3,8,no
sonny,3,5,no
sonoros,3,7,no
sonreíste,3,9,no
sophia,3,6,no
sopor,3,5,no
soportal,3,8,no
sorbos,3,6,no
sorgo,3,5,no
sortear,3,7,no
sortijas,3,8,no
sostenida,3,9,no
souza,3,5,no
spa,3,3,no
special,3,7,no
spielberg,3,9,no
spirit,3,6,no
springer,3,8,no
stack,3,5,no
stage,3,5,no
stalingrado,3,11,no
standard,3,8,no
stannis,3,7,no
stavanger,3,9,no
steele,3,6,no
stefan,3,6,no
stella,3,6,no
sterling,3,8,no
stevie,3,6,no
stewie,3,6,no
still,3,5,no
stock,3,5,no
strasberg,3,9,no
strike,3,6,no
suajili,3,7,no
subido,3,6,no
subiremos,3,9,no
subirlas,3,8,no
subirte,3,7,no
subjetiva,3,9,no
subleva,3,7,no
sublevado,3,9,no
subpoblaciones,3,14,no
subproducto,3,11,no
subsidios,3,9,no
subvenciones,3,12,no
subí,3,4,no
sucio,3,5,no
sudamericanos,3,13,no
sueltes,3,7,no
sueñes,3,6,no
sufí,3,4,no
sugestivo,3,9,no
sugirió,3,7,no
suicidas,3,8,no
sujetad,3,7,no
sula,3,4,no
sulfúrico,3,9,no
sullana,3,7,no
suministra,3,10,no
summit,3,6,no
sung,3,4,no
superaban,3,9,no
superados,3,9,no
superaron,3,9,no
superciliar,3,11,no
superioridad,3,12,no
supermercado,3,12,no
supermodelo,3,11,no
superventas,3,11,no
supervisores,3,12,no
superviviente,3,13,no
suplementos,3,11,no
suplicante,3,10,no
suplicó,3,7,no
supositorio,3,11,no
suprimir,3,8,no
suprimió,3,8,no
surcada,3,7,no
surcoreana,3,10,no
surcoreano,3,10,no
suroriental,3,11,no
surrealistas,3,12,no
susceptible,3,11,no
suscitó,3,7,no
susie,3,5,no
suspendidos,3,11,no
sustituidos,3,11,no
sustituyen,3,10,no
sustituyendo,3,12,no
susurrante,3,10,no
sutras,3,6,no
sweeney,3,7,no
sámano,3,6,no
sígueme,3,7,no
sólidas,3,7,no
tabernas,3,8,no
tacos,3,5,no
taddeo,3,6,no
tai,3,3,no
takahashi,3,9,no
takeda,3,6,no
talcahuano,3,10,no
talk,3,4,no
tallin,3,6,no
talmud,3,6,no
tanda,3,5,no
tanner,3,6,no
tapando,3,7,no
tapatía,3,7,no
tardamos,3,8,no
tardaré,3,7,no
tardíamente,3,11,no
tate,3,4,no
taurino,3,7,no
taxista,3,7,no
tea,3,3,no
teclear,3,7,no
teddy,3,5,no
tele,3,4,no
telefónico,3,10,no
telerrealidad,3,13,no
tella,3,5,no
telma,3,5,no
teléfonos,3,9,no
temblona,3,8,no
temible,3,7,no
temido,3,6,no
temiendo,3,8,no
tenderme,3,8,no
tendidos,3,8,no
tendió,3,6,no
tendréis,3,8,no
tendían,3,7,no
tenia,3,5,no
tentaban,3,8,no
tentado,3,7,no
tentativa,3,9,no
tentativas,3,10,no
tequila,3,7,no
terapeuta,3,9,no
terciarias,3,10,no
terminadas,3,10,no
terminen,3,8,no
terso,3,5,no
terópodos,3,9,no
tesalia,3,7,no
testimonial,3,11,no
tetrápodos,3,10,no
teóricas,3,8,no
thanos,3,6,no
theodor,3,7,no
theresa,3,7,no
third,3,5,no
thomson,3,7,no
thornton,3,8,no
thriller,3,8,no
tiarrón,3,7,no
tiberio,3,7,no
tiemblo,3,7,no
tieso,3,5,no
timothy,3,7,no
tinieblas,3,9,no
tino,3,4,no
tintas,3,6,no
tinto,3,5,no
tintín,3,6,no
tiraba,3,6,no
tirarla,3,7,no
tiritasen,3,9,no
tiritonas,3,9,no
tirol,3,5,no
titus,3,5,no
titán,3,5,no
toallas,3,7,no
tobago,3,6,no
tobillo,3,7,no
tocase,3,6,no
today,3,5,no
token,3,5,no
tolstói,3,7,no
tomaban,3,7,no
tomamos,3,7,no
tomarnos,3,8,no
tomaste,3,7,no
tomates,3,7,no
tomentoso,3,9,no
tomáis,3,6,no
too,3,3,no
tope,3,4,no
toqueteo,3,8,no
torcuato,3,8,no
torete,3,6,no
toribio,3,7,no
tormes,3,6,no
tornando,3,8,no
tornábamos,3,10,no
tornándose,3,10,no
tornóse,3,7,no
torrelavit,3,10,no
torrenciales,3,12,no
torsión,3,7,no
torturados,3,10,no
tostón,3,6,no
toxinas,3,7,no
trabajamos,3,10,no
tracks,3,6,no
traductores,3,11,no
tragaba,3,7,no
traidores,3,9,no
trail,3,5,no
trailer,3,7,no
trajimos,3,8,no
trajín,3,6,no
tranquilas,3,10,no
transcurrido,3,12,no
transferida,3,11,no
transformadas,3,13,no
transformados,3,13,no
transforman,3,11,no
transitan,3,9,no
transmitidas,3,12,no
transportaba,3,12,no
transportador,3,13,no
transportan,3,11,no
transvaal,3,9,no
trapecio,3,8,no
trasladadas,3,11,no
trasladan,3,9,no
trasladaría,3,11,no
trasplante,3,10,no
trasplantes,3,11,no
trastos,3,7,no
travers,3,7,no
trayectos,3,9,no
trazar,3,6,no
traída,3,6,no
tree,3,4,no
tremendo,3,8,no
tribunas,3,8,no
tricomas,3,8,no
tridimensional,3,14,no
tridimensionales,3,16,no
trinos,3,6,no
tristezas,3,9,no
trivial,3,7,no
trombón,3,7,no
tropezó,3,7,no
trote,3,5,no
truman,3,6,no
truth,3,5,no
trémulas,3,8,no
trémulos,3,8,no
trópico,3,7,no
tuba,3,4,no
tul,3,3,no
tullidos,3,8,no
tumores,3,7,no
tungsteno,3,9,no
tupac,3,5,no
tupí,3,4,no
turista,3,7,no
turquí,3,6,no
táctico,3,7,no
tártaros,3,8,no
títeres,3,7,no
tópica,3,6,no
tópicos,3,7,no
tóxicas,3,7,no
túmulos,3,7,no
udine,3,5,no
ulrich,3,6,no
ultimátum,3,9,no
unilateral,3,10,no
unitaria,3,8,no
unitarias,3,9,no
univ,3,4,no
upon,3,4,no
urbanísticos,3,12,no
urbina,3,6,no
urgel,3,5,no
ursula,3,6,no
usará,3,5,no
usáis,3,5,no
vacantes,3,8,no
valaquia,3,8,no
valdivieso,3,10,no
valera,3,6,no
valerie,3,7,no
valeroso,3,8,no
vallecas,3,8,no
vana,3,4,no
vanadio,3,7,no
vanidoso,3,8,no
vaporoso,3,8,no
vara,3,4,no
variaba,3,7,no
vasari,3,6,no
vase,3,4,no
vasijas,3,7,no
vayamos,3,7,no
vecinal,3,7,no
vecindario,3,10,no
vectoriales,3,11,no
vejiga,3,6,no
velando,3,7,no
vello,3,5,no
vellosas,3,8,no
veloz,3,5,no
velvet,3,6,no
velódromo,3,9,no
vencedora,3,9,no
vencida,3,7,no
vendrían,3,8,no
venenoso,3,8,no
venezolanas,3,11,no
vengas,3,6,no
ventiscas,3,9,no
veracidad,3,9,no
verdeante,3,9,no
verdosos,3,8,no
verdura,3,7,no
verlaine,3,8,no
verlos,3,6,no
vero,3,4,no
versa,3,5,no
versalles,3,9,no
veré,3,4,no
vestidas,3,8,no
veteranos,3,9,no
viacrucis,3,9,no
viaducto,3,8,no
viajera,3,7,no
viale,3,5,no
vic,3,3,no
vicegobernador,3,14,no
viceministro,3,12,no
vich,3,4,no
vicisitudes,3,11,no
vieres,3,6,no
vigencia,3,8,no
villaje,3,7,no
villalpando,3,11,no
vinculadas,3,10,no
viniste,3,7,no
viniéronse,3,10,no
virginidad,3,10,no
visa,3,4,no
vision,3,6,no
visitando,3,9,no
vistazo,3,7,no
vitales,3,7,no
vittorio,3,8,no
vivaces,3,7,no
vivieres,3,8,no
vivimos,3,7,no
vivirás,3,7,no
viéndoles,3,9,no
viéndome,3,8,no
viñeta,3,6,no
vocerío,3,7,no
voice,3,5,no
voivodato,3,9,no
volanta,3,7,no
volantes,3,8,no
volea,3,5,no
volkswagen,3,10,no
volta,3,5,no
voltaire,3,8,no
voltaje,3,7,no
voluptuosos,3,11,no
volutas,3,7,no
volvamos,3,8,no
volved,3,6,no
volátil,3,7,no
vomitando,3,9,no
votan,3,5,no
votante,3,7,no
válgame,3,7,no
válidos,3,7,no
vástago,3,7,no
vástagos,3,8,no
vértigo,3,7,no
víbora,3,6,no
waitakere,3,9,no
wally,3,5,no
webber,3,6,no
weimar,3,6,no
weinstein,3,9,no
weir,3,4,no
welch,3,5,no
werner,3,6,no
weston,3,6,no
whigs,3,5,no
whitaker,3,8,no
whitford,3,8,no
wilde,3,5,no
wilder,3,6,no
wing,3,4,no
work,3,4,no
wow,3,3,no
wyoming,3,7,no
xiquets,3,7,no
yamaguchi,3,9,no
yamato,3,6,no
yan,3,3,no
yaroslav,3,8,no
yellow,3,6,no
yelmo,3,5,no
yeserías,3,8,no
yoko,3,4,no
yokozuna,3,8,no
yoon,3,4,no
yugoslava,3,9,no
yuki,3,4,no
yuri,3,4,no
zafio,3,5,no
zag,3,3,no
zambeze,3,7,no
zampa,3,5,no
zanjar,3,6,no
zara,3,4,no
zarpamos,3,8,no
zarpó,3,5,no
zavala,3,6,no
zen,3,3,no
zeppelin,3,8,no
zig,3,3,no
zoe,3,3,no
zonal,3,5,no
zongueando,3,10,no
zoológica,3,9,no
zopilotes,3,9,no
zorros,3,6,no
zuko,3,4,no
ábsides,3,7,no
áfidos,3,6,no
ágiles,3,6,no
áspera,3,6,no
échate,3,6,no
éstos,3,5,no
índole,3,6,no
ínfima,3,6,no
órbigo,3,6,no
ósea,3,4,no
úbeda,3,5,no
úlceras,3,7,no
abdullah,2,8,no
acepciones,2,10,no
aceptados,2,9,no
acosándome,2,10,no
acreditación,2,12,no
acumulado,2,9,no
acurrucadas,2,11,no
adintelado,2,10,no
administrados,2,13,no
admiradores,2,11,no
adultez,2,7,no
adventure,2,9,no
afectación,2,10,no
afroamericano,2,13,no
afroamericanos,2,14,no
ahorquillada,2,12,no
alcantarillas,2,13,no
altaneras,2,9,no
amortiguadores,2,14,no
anaerobio,2,9,no
anastasio,2,9,no
anglosajón,2,10,no
angostura,2,9,no
angustiosa,2,10,no
antidepresivos,2,14,no
aparcamientos,2,13,no
apartábase,2,10,no
aproximaciones,2,14,no
apuñala,2,7,no
aquitania,2,9,no
arquitecturas,2,13,no
arrancándose,2,12,no
artificialmente,2,15,no
ascendiendo,2,11,no
asegurada,2,9,no
asesoramiento,2,13,no
asignaciones,2,12,no
astronómicas,2,12,no
atestiguan,2,10,no
atravesaba,2,10,no
aumentada,2,9,no
autobiográficos,2,15,no
autógrafos,2,10,no
azarosa,2,7,no
bajada,2,6,no
bajarla,2,7,no
baptisterio,2,11,no
barcelonesa,2,11,no
barrameda,2,9,no
bastoncillos,2,12,no
baudelaire,2,10,no
betis,2,5,no
bolcheviques,2,12,no
botica,2,6,no
bradford,2,8,no
brillantemente,2,14,no
brígida,2,7,no
buendía,2,7,no
butifarra,2,9,no
bye,2,3,no
cabezuelas,2,10,no
caducifolio,2,11,no
calcáreas,2,9,no
calvinista,2,10,no
campanarios,2,11,no
cantatas,2,8,no
caracterizar,2,12,no
carpinteros,2,11,no
carrocerías,2,11,no
cartagineses,2,12,no
castizas,2,8,no
ceiba,2,5,no
celulosa,2,8,no
centralista,2,11,no
centroamericano,2,15,no
certificados,2,12,no
cervecería,2,10,no
chaikovski,2,10,no
charla,2,6,no
charterhouse,2,12,no
chispa,2,6,no
chorrillos,2,10,no
cinematografía,2,14,no
cinematográficos,2,16,no
cisteína,2,8,no
clasicista,2,10,no
clasificatoria,2,14,no
clavarse,2,8,no
clorofila,2,9,no
codifican,2,9,no
colegiados,2,10,no
comercializados,2,15,no
comparados,2,10,no
compatriotas,2,12,no
compilaciones,2,13,no
complementarias,2,15,no
completada,2,10,no
compositivo,2,11,no
comprometieron,2,14,no
concertista,2,11,no
concienciación,2,14,no
concretas,2,9,no
concurrentes,2,12,no
conectarse,2,10,no
confidente,2,10,no
confirmadas,2,11,no
confiscados,2,11,no
confundían,2,10,no
conmemoración,2,13,no
conmemorativas,2,14,no
consecutivamente,2,16,no
conspiraciones,2,14,no
constitucionales,2,16,no
constituyentes,2,14,no
contemplación,2,13,no
contemporary,2,12,no
continentales,2,13,no
contradictorios,2,15,no
contribuyente,2,13,no
controladores,2,13,no
convexa,2,7,no
copiloto,2,8,no
coprodujo,2,9,no
coreógrafa,2,10,no
corporativo,2,11,no
cosmopolitan,2,12,no
costarricenses,2,14,no
criminalidad,2,12,no
cruciforme,2,10,no
cuadrangulares,2,14,no
cualitativo,2,11,no
cuca,2,4,no
culiacán,2,8,no
cuthbert,2,8,no
cántabra,2,8,no
decepcionante,2,13,no
decisivamente,2,13,no
demostraron,2,11,no
derrotistas,2,11,no
desafortunadamente,2,18,no
desagradables,2,13,no
descubrirá,2,10,no
desembarcaron,2,13,no
desenclavada,2,12,no
desequilibrio,2,13,no
desgraciadamente,2,16,no
deshidratados,2,13,no
desorientación,2,14,no
despertarme,2,11,no
desprendimiento,2,15,no
desvanecidos,2,12,no
detenciones,2,11,no
devastación,2,11,no
dicción,2,7,no
didácticos,2,10,no
diocleciano,2,11,no
dioicas,2,7,no
discapacitados,2,14,no
discográficas,2,13,no
disparaba,2,9,no
distensión,2,10,no
distribuidores,2,14,no
downtown,2,8,no
dña,2,3,no
eclesiásticas,2,13,no
electrónicas,2,12,no
eliminadas,2,10,no
embarazosas,2,11,no
emprende,2,8,no
enclavada,2,9,no
enderezándome,2,13,no
enfocadas,2,9,no
enriquecimiento,2,15,no
entristecido,2,12,no
enunciado,2,9,no
envolviéndonos,2,14,no
equivoques,2,10,no
errando,2,7,no
esbozábase,2,10,no
escalinata,2,10,no
especificaciones,2,16,no
espontáneamente,2,15,no
esporangios,2,11,no
estacionalmente,2,15,no
estacionario,2,12,no
estratega,2,9,no
estratificación,2,15,no
estrellados,2,11,no
estrellarnos,2,12,no
estridente,2,10,no
estructuralmente,2,16,no
evacuada,2,8,no
evitaremos,2,10,no
excluidas,2,9,no
expectativa,2,11,no
experimentados,2,14,no
exponencial,2,11,no
expresionista,2,13,no
expulsiones,2,11,no
extendieron,2,11,no
fairfax,2,7,no
faldeándola,2,11,no
familiarmente,2,13,no
fattoruso,2,9,no
federer,2,7,no
fertilizantes,2,13,no
filmaciones,2,11,no
filólogo,2,8,no
finalizaría,2,11,no
fine,2,4,no
floresta,2,8,no
fotografiada,2,12,no
francesca,2,9,no
frisia,2,6,no
fugitivos,2,9,no
funeraria,2,9,no
fusionar,2,8,no
gallardetes,2,11,no
germánicas,2,10,no
gilipollas,2,10,no
guatemaltecos,2,13,no
hacendado,2,9,no
hartford,2,8,no
hatchback,2,9,no
have,2,4,no
heliodoro,2,9,no
helmut,2,6,no
henríquez,2,9,no
heracles,2,8,no
hermandades,2,11,no
hidrólisis,2,10,no
hiperpotencia,2,13,no
hipódromo,2,9,no
hispanoamericano,2,16,no
homeópata,2,9,no
hondureña,2,9,no
huidobro,2,8,no
huroneaba,2,9,no
hurt,2,4,no
ichigo,2,6,no
ideológicos,2,11,no
imaginábamos,2,12,no
imitaciones,2,11,no
implicaciones,2,13,no
imponentes,2,10,no
impopular,2,9,no
impresionista,2,13,no
imprimieron,2,11,no
incesante,2,9,no
incompetencia,2,13,no
incondicional,2,13,no
incontinenti,2,12,no
incrementaron,2,13,no
incrustaciones,2,14,no
independentista,2,15,no
independentistas,2,16,no
indeterminado,2,13,no
inevitablemente,2,15,no
infernales,2,10,no
infinitas,2,9,no
informáticos,2,12,no
infructuosos,2,12,no
infusiones,2,10,no
inquietaban,2,11,no
intemperie,2,10,no
intensificó,2,11,no
intentarlo,2,10,no
interactiva,2,11,no
interamericana,2,14,no
interconectados,2,15,no
intereconomía,2,13,no
interesadas,2,11,no
interpretaron,2,13,no
interscope,2,10,no
intoxicación,2,12,no
introducidos,2,12,no
invariablemente,2,15,no
irrigación,2,10,no
islamistas,2,10,no
jambas,2,6,no
judicatura,2,10,no
junquera,2,8,no
jurisdiccional,2,14,no
justificación,2,13,no
legislaturas,2,12,no
legitimidad,2,11,no
leicester,2,9,no
levantadas,2,10,no
leída,2,5,no
litorales,2,9,no
livingston,2,10,no
locación,2,8,no
locomotoras,2,11,no
lugarteniente,2,13,no
luteranos,2,9,no
lánguidamente,2,13,no
maltrato,2,8,no
manchuela,2,9,no
mandamientos,2,12,no
mascareñas,2,10,no
mecenazgo,2,9,no
mecánicamente,2,13,no
medianamente,2,12,no
membranosas,2,11,no
metadatos,2,9,no
metamórficas,2,12,no
meteorología,2,12,no
microondas,2,10,no
microscopía,2,11,no
mineralogía,2,11,no
misteriosamente,2,15,no
montanas,2,8,no
monógamos,2,9,no
morfológico,2,11,no
moscovita,2,9,no
multitudinario,2,14,no
municipalidades,2,15,no
musicólogo,2,10,no
neerlandeses,2,12,no
negruzcas,2,9,no
neuchâtel,2,9,no
nidificación,2,12,no
norteamericanas,2,15,no
norteamericanos,2,15,no
northwestern,2,12,no
noviciado,2,9,no
numismática,2,11,no
nunciatura,2,10,no
olympiacos,2,10,no
opcionalmente,2,13,no
optimistas,2,10,no
ornamentación,2,13,no
ornamentadas,2,12,no
orquestación,2,12,no
oscureciendo,2,12,no
pacíficamente,2,13,no
paisajísticos,2,13,no
pajilleros,2,10,no
panamericano,2,12,no
parejo,2,6,no
participarán,2,12,no
pasadena,2,8,no
pasaportes,2,10,no
pasco,2,5,no
pavimentado,2,11,no
peer,2,4,no
pennsylvania,2,12,no
perennifolia,2,12,no
perennifolio,2,12,no
perforación,2,11,no
perimetrales,2,12,no
permanecimos,2,12,no
perpendicular,2,13,no
personarse,2,10,no
personificación,2,15,no
petroglifos,2,11,no
pintorescos,2,11,no
pit,2,3,no
planificado,2,11,no
pobrecilla,2,10,no
ponferradina,2,12,no
porfi,2,5,no
practicaremos,2,13,no
precolombino,2,12,no
precursora,2,10,no
predilección,2,12,no
presbiteriano,2,13,no
presumiblemente,2,15,no
primaveral,2,10,no
profesionalidad,2,15,no
promocionemos,2,13,no
promontorio,2,11,no
protagonizando,2,14,no
proteccionismo,2,14,no
protestantismo,2,14,no
próstata,2,8,no
pseudobulbos,2,12,no
pulsante,2,8,no
reabsorción,2,11,no
realimentación,2,14,no
realizándose,2,12,no
recibimientos,2,13,no
recogimiento,2,12,no
recolectados,2,12,no
recomendados,2,12,no
reconciliaciones,2,16,no
reconocibles,2,12,no
reconstrucciones,2,16,no
recopilado,2,10,no
recopilatorios,2,14,no
recuerdas,2,9,no
reemplazante,2,12,no
reencarnación,2,13,no
reflexionar,2,11,no
reflujo,2,7,no
rehabilitó,2,10,no
reivindicación,2,14,no
remodelaciones,2,14,no
removerlas,2,10,no
renacentistas,2,13,no
renacuajos,2,10,no
rendón,2,6,no
repetido,2,8,no
reprochaban,2,11,no
reproducida,2,11,no
requena,2,7,no
requerida,2,9,no
respectiva,2,10,no
restablecido,2,12,no
restauradores,2,13,no
reteniendo,2,10,no
reticulada,2,10,no
retransmisión,2,13,no
revolucionarias,2,15,no
rezongando,2,10,no
románticamente,2,14,no
rosemary,2,8,no
sacerdotisa,2,11,no
salesianos,2,10,no
sandro,2,6,no
santiaguistas,2,13,no
saskatchewan,2,12,no
seleccionador,2,13,no
sentenciados,2,12,no
septentrionales,2,15,no
sepulturero,2,11,no
serviría,2,8,no
simbionte,2,9,no
sindicalista,2,12,no
sionistas,2,9,no
sistemáticamente,2,16,no
sobrenatural,2,12,no
sofisticada,2,11,no
sofocada,2,8,no
sofocar,2,7,no
solvente,2,8,no
sorprendentemente,2,17,no
sorprendes,2,10,no
sorprendidos,2,12,no
sorpresivamente,2,15,no
sousa,2,5,no
stravinsky,2,10,no
subcampeonato,2,13,no
subjetividad,2,12,no
subordinados,2,12,no
suicidándose,2,12,no
sujetamos,2,9,no
sumergíase,2,10,no
superarlo,2,9,no
suposiciones,2,12,no
suposición,2,10,no
suroccidental,2,13,no
sustancialmente,2,15,no
taboada,2,7,no
taipei,2,6,no
tancredo,2,8,no
tau,2,3,no
taxonómicos,2,11,no
tazas,2,5,no
tectónica,2,9,no
telegrafista,2,12,no
televidentes,2,12,no
temperamental,2,13,no
teológicos,2,10,no
terceletes,2,10,no
texcoco,2,7,no
teóricamente,2,12,no
tirantes,2,8,no
toldilla,2,8,no
tordesillas,2,11,no
torrenteras,2,11,no
tostones,2,8,no
trabajosamente,2,14,no
transferidos,2,12,no
trasquilados,2,12,no
travesaños,2,10,no
truhanerías,2,11,no
ujum,2,4,no
unifamiliares,2,13,no
vagón,2,5,no
valla,2,5,no
ventilamos,2,10,no
verosimilitud,2,13,no
vestimentas,2,11,no
visualizar,2,10,no
voluminoso,2,10,no
voluntariado,2,12,no
vulnerabilidad,2,14,no
wahlgren,2,8,no
whitehead,2,9,no
winchester,2,10,no
xerófilos,2,9,no
yugoslavos,2,10,no
zapadores,2,9,no
acreedores,1,10,no
aeroespacial,1,12,no
aerogenerador,1,13,no
afrotropical,1,12,no
agropecuarias,1,13,no
ancestrales,1,11,no
anquilosados,1,12,no
antropológico,1,13,no
arciprestazgo,1,13,no
aristófanes,1,11,no
artesonado,1,10,no
austrohúngaro,1,13,no
automovilístico,1,15,no
autóctonos,1,10,no
azulencos,1,9,no
bentopelágico,1,13,no
bibliográficas,1,14,no
bibliotecarios,1,14,no
bidimensional,1,13,no
bonaerense,1,10,no
briviesca,1,9,no
caducifolia,1,11,no
calenturientos,1,14,no
canonización,1,12,no
cardiovasculares,1,16,no
catalizadores,1,13,no
centrodelantero,1,15,no
certificaciones,1,15,no
circunvalación,1,14,no
cisterciense,1,12,no
clandestinamente,1,16,no
clandestinidad,1,14,no
communications,1,14,no
comparativamente,1,16,no
compatibilidad,1,14,no
complementaria,1,14,no
computadores,1,12,no
congregaciones,1,14,no
conmemorativo,1,13,no
conservadurismo,1,15,no
constructivos,1,13,no
contracorriente,1,15,no
contrapartida,1,13,no
contrariamente,1,14,no
cooperativistas,1,15,no
cornualles,1,10,no
cristianamente,1,14,no
cronoestratigráfico,1,19,no
demiurgo,1,8,no
departamentales,1,15,no
descalificación,1,15,no
descentralización,1,17,no
descolonización,1,15,no
descubríles,1,11,no
desdeñosamente,1,14,no
desesperadamente,1,16,no
desfibrilador,1,13,no
desgreñadas,1,11,no
deslizamientos,1,14,no
desposorios,1,11,no
destrenzándose,1,14,no
discapacidades,1,14,no
dramaticemos,1,12,no
eclecticismo,1,12,no
electromagnetismo,1,17,no
emblemáticas,1,12,no
emocionalmente,1,14,no
emparejándose,1,13,no
emparentados,1,12,no
encarcelamiento,1,15,no
encarnaciones,1,13,no
encontrarlos,1,12,no
enjalbegada,1,11,no
ensangrentados,1,14,no
entreabiertos,1,13,no
epistemología,1,13,no
erskine,1,7,no
escaparate,1,10,no
especializarse,1,14,no
especializándose,1,16,no
espectroscopia,1,14,no
estacionamientos,1,16,no
estilísticas,1,12,no
evangelización,1,14,no
existencial,1,11,no
extracelular,1,12,no
extraterrestres,1,15,no
farmacología,1,12,no
folíolos,1,8,no
francotirador,1,13,no
francotiradores,1,15,no
fructificación,1,14,no
futbolísticamente,1,17,no
galantemente,1,12,no
gastrointestinal,1,16,no
generalizadas,1,13,no
geológicamente,1,14,no
guadalupana,1,11,no
hiperimpulso,1,12,no
hispanoamericana,1,16,no
impensadamente,1,14,no
implementaciones,1,16,no
incrédulamente,1,14,no
indefinidamente,1,15,no
indianápolis,1,12,no
industrialización,1,17,no
inesperadamente,1,15,no
inmunología,1,11,no
insignificante,1,14,no
insostenible,1,12,no
instantáneamente,1,16,no
intercambiables,1,15,no
intercontinental,1,16,no
interculturales,1,15,no
internacionalista,1,17,no
interrumpiéndose,1,16,no
interrumpióse,1,13,no
interurbanos,1,12,no
justicialista,1,13,no
leguminosas,1,11,no
lepidoptera,1,11,no
loculicida,1,10,no
líricamente,1,11,no
macaronesia,1,11,no
maliciosamente,1,14,no
manierista,1,10,no
manufacturados,1,14,no
martirizado,1,11,no
matemáticamente,1,15,no
mediterráneos,1,13,no
microorganismos,1,15,no
momentáneamente,1,15,no
multinacionales,1,15,no
neerlandesas,1,12,no
nicaragüenses,1,13,no
northumberland,1,14,no
obsesionado,1,11,no
omnisciente,1,11,no
paleontológico,1,14,no
paradójicamente,1,15,no
particularidades,1,16,no
pavimentación,1,13,no
percusionista,1,13,no
perennifolias,1,13,no
perpendiculares,1,15,no
personalizado,1,13,no
perturbación,1,12,no
plebiscito,1,10,no
plenipotenciario,1,16,no
privatización,1,13,no
proporcionado,1,13,no
próximamente,1,12,no
psicoanalista,1,13,no
puntiagudos,1,11,no
ramificación,1,12,no
regañadientes,1,13,no
retroalimentación,1,17,no
rizomatosa,1,10,no
rizomatosas,1,11,no
rudimentario,1,12,no
sakaguchi,1,9,no
salmantino,1,10,no
salmodiada,1,10,no
saltamontes,1,11,no
satisfactoriamente,1,18,no
sensacionalista,1,15,no
significante,1,12,no
sintetizador,1,12,no
sinvergüenzada,1,14,no
socialdemócrata,1,15,no
socialdemócratas,1,16,no
socioeconómico,1,14,no
sofisticados,1,12,no
sonoramente,1,11,no
sopesándolas,1,12,no
subarbustos,1,11,no
subconjunto,1,11,no
subsecuentemente,1,16,no
summerslam,1,10,no
superintendente,1,15,no
sustentable,1,11,no
taxidermista,1,12,no
termodinámica,1,13,no
todopoderoso,1,12,no
tradicionalista,1,15,no
tradicionalistas,1,16,no
transbordadores,1,15,no
tumultuosa,1,10,no
uniformemente,1,13,no
unisexuales,1,11,no
unánimemente,1,12,no
versallesca,1,11,no
vitivinícola,1,12,no
voluntariamente,1,15,no
wittgenstein,1,12,no
wolfenbüttel,1,12,no
